[27200:22408:0326/092524.349:WARNING:chrome_main_delegate.cc(745)] This is Chrome version 128.0.6613.138 (not a warning)
[27200:22408:0326/092524.352:ERROR:persistent_memory_allocator.cc(908)] Corruption detected in shared-memory segment.
[27200:27244:0326/092524.463:ERROR:google_update_settings.cc(265)] Failed opening key Software\Chromium to set usagestats; result: 5
[27200:22408:0326/092524.486:WARNING:account_consistency_mode_manager.cc(77)] Desktop Identity Consistency cannot be enabled as no OAuth client ID and client secret have been configured.
[27200:22408:0326/092531.455:WARNING:external_registry_loader_win.cc(232)] Error observing HKLM: 5
[27200:32408:0326/092531.460:WARNING:leveldb_database.cc(141)] Unable to open C:\Users\audre\OneDrive\hs\GenomeTracker\Saved\webcache_6613\Default\shared_proto_db\metadata: IO error: C:\Users\audre\OneDrive\hs\GenomeTracker\Saved\webcache_6613\Default\shared_proto_db\metadata/MANIFEST-000001: Unable to create sequential file (ChromeMethodBFE: 7::NewSequentialFile::1)
[27200:32408:0326/092531.464:WARNING:leveldb_database.cc(141)] Unable to open C:\Users\audre\OneDrive\hs\GenomeTracker\Saved\webcache_6613\Default\shared_proto_db\metadata: IO error: C:\Users\audre\OneDrive\hs\GenomeTracker\Saved\webcache_6613\Default\shared_proto_db\metadata/MANIFEST-000001: Unable to create sequential file (ChromeMethodBFE: 7::NewSequentialFile::1)
[27200:32408:0326/092531.466:WARNING:leveldb_database.cc(141)] Unable to open C:\Users\audre\OneDrive\hs\GenomeTracker\Saved\webcache_6613\Default\shared_proto_db\metadata: IO error: C:\Users\audre\OneDrive\hs\GenomeTracker\Saved\webcache_6613\Default\shared_proto_db\metadata/MANIFEST-000001: Unable to create sequential file (ChromeMethodBFE: 7::NewSequentialFile::1)
[27200:32408:0326/092531.467:WARNING:leveldb_database.cc(141)] Unable to open C:\Users\audre\OneDrive\hs\GenomeTracker\Saved\webcache_6613\Default\shared_proto_db\metadata: IO error: C:\Users\audre\OneDrive\hs\GenomeTracker\Saved\webcache_6613\Default\shared_proto_db\metadata/MANIFEST-000001: Unable to create sequential file (ChromeMethodBFE: 7::NewSequentialFile::1)
[27200:32408:0326/092533.001:WARNING:value_store_frontend.cc(47)] Reading ahfgeienlihckogmohjhadlkjgocpleb.alarms from  failed: IO error: .../MANIFEST-000001: Unable to create sequential file (ChromeMethodBFE: 7::NewSequentialFile::1)
[27200:32408:0326/092533.002:WARNING:value_store_frontend.cc(47)] Reading mhjfbmdgcfjbbpaeojofohoefgiehjai.alarms from  failed: IO error: .../MANIFEST-000001: Unable to create sequential file (ChromeMethodBFE: 7::NewSequentialFile::1)
[27200:8548:0326/092533.145:WARNING:leveldb_database.cc(141)] Unable to open C:\Users\audre\OneDrive\hs\GenomeTracker\Saved\webcache_6613\Default\GCM Store\Encryption: IO error: C:\Users\audre\OneDrive\hs\GenomeTracker\Saved\webcache_6613\Default\GCM Store\Encryption/MANIFEST-000001: Unable to create sequential file (ChromeMethodBFE: 7::NewSequentialFile::1)
[21268:23576:0326/092533.941:WARNING:frame_impl.cc(430)] virtual CefFrameImpl::SendProcessMessage sent to detached frame 5-426543E4DBDF68F16DFA1667C81E5874 will be ignored
[27200:4076:0326/092535.848:ERROR:cast_crl.cc(443)] CRL - Verification failed.
[27200:4076:0326/092723.148:VERBOSE1:media_stream_manager.cc(1533)] MSPL::OnSpeedLimitChange({this=00002754001DED40}, {new_limit=77})
[27200:4076:0326/092725.147:VERBOSE1:media_stream_manager.cc(1533)] MSPL::OnSpeedLimitChange({this=00002754001DED40}, {new_limit=78})
[27200:4076:0326/092727.161:VERBOSE1:media_stream_manager.cc(1533)] MSPL::OnSpeedLimitChange({this=00002754001DED40}, {new_limit=77})
[27200:4076:0326/092729.144:VERBOSE1:media_stream_manager.cc(1533)] MSPL::OnSpeedLimitChange({this=00002754001DED40}, {new_limit=79})
[27200:4076:0326/092731.149:VERBOSE1:media_stream_manager.cc(1533)] MSPL::OnSpeedLimitChange({this=00002754001DED40}, {new_limit=78})
[27200:4076:0326/092732.152:VERBOSE1:media_stream_manager.cc(1533)] MSPL::OnSpeedLimitChange({this=00002754001DED40}, {new_limit=79})
[27200:4076:0326/092734.159:VERBOSE1:media_stream_manager.cc(1533)] MSPL::OnSpeedLimitChange({this=00002754001DED40}, {new_limit=80})
[27200:4076:0326/092735.160:VERBOSE1:media_stream_manager.cc(1533)] MSPL::OnSpeedLimitChange({this=00002754001DED40}, {new_limit=78})
[27200:4076:0326/092736.169:VERBOSE1:media_stream_manager.cc(1533)] MSPL::OnSpeedLimitChange({this=00002754001DED40}, {new_limit=77})
[27200:4076:0326/092737.154:VERBOSE1:media_stream_manager.cc(1533)] MSPL::OnSpeedLimitChange({this=00002754001DED40}, {new_limit=78})
[27200:4076:0326/092738.157:VERBOSE1:media_stream_manager.cc(1533)] MSPL::OnSpeedLimitChange({this=00002754001DED40}, {new_limit=79})
[27200:22408:0326/092739.700:VERBOSE1:device_event_log_impl.cc(198)] [09:27:39.699] Display: EVENT: screen_win.cc:893 Displays updated, count: 1
[27200:22408:0326/092739.700:VERBOSE1:device_event_log_impl.cc(198)] [09:27:39.700] Display: EVENT: screen_win.cc:895 Display[3488050090] bounds=[0,0 1536x864], workarea=[0,0 1536x816], scale=1.25, rotation=0, panel_rotation=0 external detected
[27200:4076:0326/092740.196:VERBOSE1:media_stream_manager.cc(1533)] MSPL::OnSpeedLimitChange({this=00002754001DED40}, {new_limit=78})
[27200:4076:0326/092741.168:VERBOSE1:media_stream_manager.cc(1533)] MSPL::OnSpeedLimitChange({this=00002754001DED40}, {new_limit=79})
[27200:4076:0326/092742.214:VERBOSE1:media_stream_manager.cc(1533)] MSPL::OnSpeedLimitChange({this=00002754001DED40}, {new_limit=80})
[27200:4076:0326/092743.192:VERBOSE1:media_stream_manager.cc(1533)] MSPL::OnSpeedLimitChange({this=00002754001DED40}, {new_limit=81})
[27200:4076:0326/092744.175:VERBOSE1:media_stream_manager.cc(1533)] MSPL::OnSpeedLimitChange({this=00002754001DED40}, {new_limit=80})
[27200:4076:0326/092745.217:VERBOSE1:media_stream_manager.cc(1533)] MSPL::OnSpeedLimitChange({this=00002754001DED40}, {new_limit=83})
[27200:4076:0326/092747.168:VERBOSE1:media_stream_manager.cc(1533)] MSPL::OnSpeedLimitChange({this=00002754001DED40}, {new_limit=81})
[27200:4076:0326/092748.173:VERBOSE1:media_stream_manager.cc(1533)] MSPL::OnSpeedLimitChange({this=00002754001DED40}, {new_limit=79})
[27200:4076:0326/092749.170:VERBOSE1:media_stream_manager.cc(1533)] MSPL::OnSpeedLimitChange({this=00002754001DED40}, {new_limit=78})
[27200:4076:0326/092750.166:VERBOSE1:media_stream_manager.cc(1533)] MSPL::OnSpeedLimitChange({this=00002754001DED40}, {new_limit=77})
[27200:4076:0326/092751.165:VERBOSE1:media_stream_manager.cc(1533)] MSPL::OnSpeedLimitChange({this=00002754001DED40}, {new_limit=76})
[27200:4076:0326/092752.177:VERBOSE1:media_stream_manager.cc(1533)] MSPL::OnSpeedLimitChange({this=00002754001DED40}, {new_limit=75})
[27200:4076:0326/092753.218:VERBOSE1:media_stream_manager.cc(1533)] MSPL::OnSpeedLimitChange({this=00002754001DED40}, {new_limit=76})
[27200:4076:0326/092754.168:VERBOSE1:media_stream_manager.cc(1533)] MSPL::OnSpeedLimitChange({this=00002754001DED40}, {new_limit=74})
[27200:4076:0326/092755.173:VERBOSE1:media_stream_manager.cc(1533)] MSPL::OnSpeedLimitChange({this=00002754001DED40}, {new_limit=73})
[27200:4076:0326/092808.149:VERBOSE1:media_stream_manager.cc(1533)] MSPL::OnSpeedLimitChange({this=00002754001DED40}, {new_limit=74})
[27200:4076:0326/092808.149:VERBOSE1:media_stream_manager.cc(1533)] MSPL::OnSpeedLimitChange({this=00002754001DED40}, {new_limit=100})
[27200:4076:0326/092814.233:VERBOSE1:media_stream_manager.cc(1533)] MSPL::OnSpeedLimitChange({this=00002754001DED40}, {new_limit=79})
[27200:4076:0326/092815.235:VERBOSE1:media_stream_manager.cc(1533)] MSPL::OnSpeedLimitChange({this=00002754001DED40}, {new_limit=78})
[27200:4076:0326/092816.235:VERBOSE1:media_stream_manager.cc(1533)] MSPL::OnSpeedLimitChange({this=00002754001DED40}, {new_limit=77})
[27200:4076:0326/092817.240:VERBOSE1:media_stream_manager.cc(1533)] MSPL::OnSpeedLimitChange({this=00002754001DED40}, {new_limit=76})
[27200:4076:0326/092818.230:VERBOSE1:media_stream_manager.cc(1533)] MSPL::OnSpeedLimitChange({this=00002754001DED40}, {new_limit=77})
[27200:4076:0326/092819.222:VERBOSE1:media_stream_manager.cc(1533)] MSPL::OnSpeedLimitChange({this=00002754001DED40}, {new_limit=75})
[27200:4076:0326/092820.229:VERBOSE1:media_stream_manager.cc(1533)] MSPL::OnSpeedLimitChange({this=00002754001DED40}, {new_limit=76})
[27200:4076:0326/092821.220:VERBOSE1:media_stream_manager.cc(1533)] MSPL::OnSpeedLimitChange({this=00002754001DED40}, {new_limit=75})
[27200:4076:0326/092822.214:VERBOSE1:media_stream_manager.cc(1533)] MSPL::OnSpeedLimitChange({this=00002754001DED40}, {new_limit=76})
[27200:4076:0326/092823.376:VERBOSE1:media_stream_manager.cc(1533)] MSPL::OnSpeedLimitChange({this=00002754001DED40}, {new_limit=75})
[27200:4076:0326/092824.375:VERBOSE1:media_stream_manager.cc(1533)] MSPL::OnSpeedLimitChange({this=00002754001DED40}, {new_limit=74})
[27200:4076:0326/092826.376:VERBOSE1:media_stream_manager.cc(1533)] MSPL::OnSpeedLimitChange({this=00002754001DED40}, {new_limit=100})
[27200:22408:0326/092838.220:VERBOSE1:device_event_log_impl.cc(198)] [09:28:38.220] Display: EVENT: screen_win.cc:893 Displays updated, count: 1
[27200:22408:0326/092838.221:VERBOSE1:device_event_log_impl.cc(198)] [09:28:38.220] Display: EVENT: screen_win.cc:895 Display[3488050090] bounds=[0,0 1536x864], workarea=[0,0 1536x816], scale=1.25, rotation=0, panel_rotation=0 external detected
[27200:4076:0326/092843.241:VERBOSE1:media_stream_manager.cc(1533)] MSPL::OnSpeedLimitChange({this=00002754001DED40}, {new_limit=78})
[27200:4076:0326/092844.231:VERBOSE1:media_stream_manager.cc(1533)] MSPL::OnSpeedLimitChange({this=00002754001DED40}, {new_limit=80})
[27200:4076:0326/092845.223:VERBOSE1:media_stream_manager.cc(1533)] MSPL::OnSpeedLimitChange({this=00002754001DED40}, {new_limit=81})
[27200:4076:0326/092846.247:VERBOSE1:media_stream_manager.cc(1533)] MSPL::OnSpeedLimitChange({this=00002754001DED40}, {new_limit=80})
[27200:4076:0326/092847.214:VERBOSE1:media_stream_manager.cc(1533)] MSPL::OnSpeedLimitChange({this=00002754001DED40}, {new_limit=81})
[27200:4076:0326/092849.221:VERBOSE1:media_stream_manager.cc(1533)] MSPL::OnSpeedLimitChange({this=00002754001DED40}, {new_limit=83})
[27200:4076:0326/092850.231:VERBOSE1:media_stream_manager.cc(1533)] MSPL::OnSpeedLimitChange({this=00002754001DED40}, {new_limit=82})
[27200:4076:0326/092851.229:VERBOSE1:media_stream_manager.cc(1533)] MSPL::OnSpeedLimitChange({this=00002754001DED40}, {new_limit=81})
[27200:4076:0326/092852.227:VERBOSE1:media_stream_manager.cc(1533)] MSPL::OnSpeedLimitChange({this=00002754001DED40}, {new_limit=82})
[27200:4076:0326/092853.333:VERBOSE1:media_stream_manager.cc(1533)] MSPL::OnSpeedLimitChange({this=00002754001DED40}, {new_limit=81})
[27200:4076:0326/092854.352:VERBOSE1:media_stream_manager.cc(1533)] MSPL::OnSpeedLimitChange({this=00002754001DED40}, {new_limit=79})
[27200:4076:0326/092856.329:VERBOSE1:media_stream_manager.cc(1533)] MSPL::OnSpeedLimitChange({this=00002754001DED40}, {new_limit=100})
[27200:4076:0326/092912.332:VERBOSE1:media_stream_manager.cc(1533)] MSPL::OnSpeedLimitChange({this=00002754001DED40}, {new_limit=82})
[27200:4076:0326/092913.331:VERBOSE1:media_stream_manager.cc(1533)] MSPL::OnSpeedLimitChange({this=00002754001DED40}, {new_limit=81})
[27200:4076:0326/092916.334:VERBOSE1:media_stream_manager.cc(1533)] MSPL::OnSpeedLimitChange({this=00002754001DED40}, {new_limit=79})
[27200:4076:0326/092918.342:VERBOSE1:media_stream_manager.cc(1533)] MSPL::OnSpeedLimitChange({this=00002754001DED40}, {new_limit=100})
[27200:22408:0326/092930.286:VERBOSE1:device_event_log_impl.cc(198)] [09:29:30.286] Display: EVENT: screen_win.cc:893 Displays updated, count: 1
[27200:22408:0326/092930.287:VERBOSE1:device_event_log_impl.cc(198)] [09:29:30.286] Display: EVENT: screen_win.cc:895 Display[3488050090] bounds=[0,0 1536x864], workarea=[0,0 1536x816], scale=1.25, rotation=0, panel_rotation=0 external detected
[27200:22408:0326/092933.419:VERBOSE1:frame_host_impl.cc(515)] frame 6-CF17A589029F5F0E1AE2D8DC51AC2C89 (sub) detached (reason=RENDER_FRAME_DELETED, is_connected=1)
[31752:7524:0326/092933.427:VERBOSE1:dispatcher.cc(596)] Num tracked contexts: 1
[31752:7524:0326/092933.427:VERBOSE1:frame_impl.cc(620)] frame 6-CF17A589029F5F0E1AE2D8DC51AC2C89 disconnected (reason=DETACHED, current_state=CONNECTION_ACKED, FRAME_INVALID)
[31752:7524:0326/092933.428:VERBOSE1:frame_impl.cc(620)] frame 6-52A88626AF297B7BC24F8EA6B0634EDC disconnected (reason=BROWSER_FRAME_DISCONNECT, current_state=CONNECTION_ACKED)
[31752:7524:0326/092933.428:VERBOSE1:frame_impl.cc(633)] frame 6-52A88626AF297B7BC24F8EA6B0634EDC connection retry scheduled
[31752:7524:0326/092933.428:VERBOSE1:script_context.cc(164)] Destroyed context for extension
  extension id: 
  effective extension id: 
[31752:7524:0326/092933.429:VERBOSE1:script_context.cc(164)] Destroyed context for extension
  extension id: 
  effective extension id: 
[27200:22408:0326/092933.435:VERBOSE1:frame_host_impl.cc(515)] frame 6-52A88626AF297B7BC24F8EA6B0634EDC (main) detached (reason=NEW_MAIN_FRAME, is_connected=1)
[27200:22408:0326/092933.451:VERBOSE1:account_reconcilor.cc(264)] AccountReconcilor::Shutdown
[27200:22408:0326/092933.451:VERBOSE1:account_reconcilor.cc(718)] AccountReconcilor::AbortReconcile: try again later
[27200:22408:0326/092933.451:VERBOSE1:account_reconcilor.cc(827)] AccountReconcilor::CalculateIfMultiloginReconcileIsDone: Error was 
[27200:22408:0326/092933.451:VERBOSE1:account_reconcilor.cc(313)] AccountReconcilor::UnregisterWithIdentityManager
[27200:22408:0326/092933.451:VERBOSE1:account_reconcilor.cc(286)] AccountReconcilor::UnregisterWithContentSettings
[27200:22408:0326/092933.451:VERBOSE1:gaia_cookie_manager_service.cc(628)] GaiaCookieManagerService::CancelAll
[27200:22408:0326/092933.451:VERBOSE1:mutable_profile_oauth2_token_service_delegate.cc(752)] MutablePO2TS::Shutdown
[27200:22408:0326/092933.451:VERBOSE1:mutable_profile_oauth2_token_service_delegate.cc(235)] MutablePO2TS::~MutablePO2TS
[27200:22408:0326/092933.452:VERBOSE1:device_event_log_impl.cc(198)] [09:29:33.452] Bluetooth: EVENT: bluetooth_api.cc:109 BluetoothAPI: Shutdown
[27200:22408:0326/092933.455:VERBOSE1:account_reconcilor.cc(193)] AccountReconcilor::~AccountReconcilor
[27200:22408:0326/092933.457:VERBOSE1:device_event_log_impl.cc(198)] [09:29:33.456] Bluetooth: EVENT: bluetooth_api.cc:95 ~BluetoothAPI: 000027540034DA00
[27200:4076:0326/092933.466:VERBOSE1:cast_transport.cc(340)] [172.17.11.196:8009, auth=SSL_VERIFIED] Read error, peer closed the socket.
[27200:4076:0326/092933.466:VERBOSE1:cast_socket.cc(627)] [172.17.11.196:8009, auth=SSL_VERIFIED] Close ReadyState = ReadyState::OPEN
[27200:4076:0326/092933.466:VERBOSE1:cast_socket.cc(227)] [172.17.11.196:8009, auth=SSL_VERIFIED] Connect readyState = ReadyState::NONE
[27200:4076:0326/092933.466:VERBOSE1:cast_socket.cc(391)] [172.17.11.196:8009, auth=SSL_VERIFIED] DoTcpConnect
[27200:22408:0326/092933.556:VERBOSE1:component_updater_service.cc(180)] CrxUpdateService stopping
[27200:22408:0326/092933.556:WARNING:pref_notifier_impl.cc(41)] Pref observer for media_router.cast_allow_all_ips found at shutdown.
[27200:22408:0326/092933.584:VERBOSE1:statistics_recorder.cc(607)] Collections of all histograms
Histogram: API.StorageAccess.AllowedRequests2 recorded 147 samples, mean = 0.0 (flags = 0x1)
0  ------------------------------------------------------------------------O (141 = 95.9%)
1  ---O                                                                      (6 = 4.1%) {95.9%}
2  ... 

Histogram: API.StorageAccess.DocumentInheritedStorageAccess recorded 7 samples, mean = 0.0 (flags = 0x1)
0  -------O                                                                  (7 = 100.0%)
1  ... 

Histogram: API.StorageAccess.DocumentLoadedWithStorageAccess recorded 7 samples, mean = 0.0 (flags = 0x1)
0  -------O                                                                  (7 = 100.0%)
1  ... 

Histogram: Accessibility.CaptionSettingsLoadedFromSystemSettings recorded 1 samples, mean = 0.0 (flags = 0x1)
0  -O                                                                        (1 = 100.0%)
1  ... 

Histogram: Accessibility.ImageLabels2 recorded 1 samples, mean = 0.0 (flags = 0x1)
0  -O                                                                        (1 = 100.0%)
1  ... 

Histogram: Accessibility.LiveCaption.FeatureEnabled2 recorded 1 samples, mean = 1.0 (flags = 0x1)
0  O                                                                         (0 = 0.0%)
1  -O                                                                        (1 = 100.0%) {0.0%}
2  O                                                                         (0 = 0.0%) {100.0%}

Histogram: Accessibility.LiveCaption2 recorded 1 samples, mean = 0.0 (flags = 0x1)
0  -O                                                                        (1 = 100.0%)
1  ... 

Histogram: Accessibility.ManuallyEnabled recorded 1 samples, mean = 0.0 (flags = 0x1)
0  -O                                                                        (1 = 100.0%)
1  ... 

Histogram: Accessibility.WinJAWS recorded 1 samples, mean = 0.0 (flags = 0x1)
0  -O                                                                        (1 = 100.0%)
1  ... 

Histogram: Accessibility.WinNVDA recorded 1 samples, mean = 0.0 (flags = 0x1)
0  -O                                                                        (1 = 100.0%)
1  ... 

Histogram: Accessibility.WinSAToGo recorded 1 samples, mean = 0.0 (flags = 0x1)
0  -O                                                                        (1 = 100.0%)
1  ... 

Histogram: Accessibility.WinScreenReader2 recorded 1 samples, mean = 0.0 (flags = 0x1)
0  -O                                                                        (1 = 100.0%)
1  ... 

Histogram: Accessibility.WinStickyKeys recorded 1 samples, mean = 0.0 (flags = 0x1)
0  -O                                                                        (1 = 100.0%)
1  ... 

Histogram: Accessibility.WinSupernova recorded 1 samples, mean = 0.0 (flags = 0x1)
0  -O                                                                        (1 = 100.0%)
1  ... 

Histogram: Accessibility.WinZoomText recorded 1 samples, mean = 0.0 (flags = 0x1)
0  -O                                                                        (1 = 100.0%)
1  ... 

Histogram: AppBanners.InstallableStatusCode recorded 1 samples (flags = 0x1)
8  -O                                                                        (1 = 100.0%)

Histogram: Apps.PreferredApps.EntryCount recorded 1 samples, mean = 0.0 (flags = 0x1)
0  -O                                                                        (1 = 100.0%)
1  ... 

Histogram: Autofill.Address.IsEnabled.PageLoad recorded 1 samples, mean = 1.0 (flags = 0x1)
0  O                                                                         (0 = 0.0%)
1  -O                                                                        (1 = 100.0%) {0.0%}
2  O                                                                         (0 = 0.0%) {100.0%}

Histogram: Autofill.Address.IsEnabled.PageLoad.SignedOut recorded 1 samples, mean = 1.0 (flags = 0x1)
0  O                                                                         (0 = 0.0%)
1  -O                                                                        (1 = 100.0%) {0.0%}
2  O                                                                         (0 = 0.0%) {100.0%}

Histogram: Autofill.Address.IsEnabled.Startup recorded 1 samples, mean = 1.0 (flags = 0x1)
0  O                                                                         (0 = 0.0%)
1  -O                                                                        (1 = 100.0%) {0.0%}
2  O                                                                         (0 = 0.0%) {100.0%}

Histogram: Autofill.CreditCard.IsEnabled.PageLoad recorded 1 samples, mean = 1.0 (flags = 0x1)
0  O                                                                         (0 = 0.0%)
1  -O                                                                        (1 = 100.0%) {0.0%}
2  O                                                                         (0 = 0.0%) {100.0%}

Histogram: Autofill.CreditCard.IsEnabled.PageLoad.SignedOut recorded 1 samples, mean = 1.0 (flags = 0x1)
0  O                                                                         (0 = 0.0%)
1  -O                                                                        (1 = 100.0%) {0.0%}
2  O                                                                         (0 = 0.0%) {100.0%}

Histogram: Autofill.CreditCard.IsEnabled.Startup recorded 1 samples, mean = 1.0 (flags = 0x1)
0  O                                                                         (0 = 0.0%)
1  -O                                                                        (1 = 100.0%) {0.0%}
2  O                                                                         (0 = 0.0%) {100.0%}

Histogram: Autofill.DOMContentLoadedInOutermostMainFrame recorded 3 samples, mean = 0.3 (flags = 0x1)
0  --O                                                                       (2 = 66.7%)
1  -O                                                                        (1 = 33.3%) {66.7%}
2  O                                                                         (0 = 0.0%) {100.0%}

Histogram: Autofill.ExtractFormUnowned.FieldCount recorded 6 samples, mean = 0.0 (flags = 0x1)
0  ------O                                                                   (6 = 100.0%)
1  ... 

Histogram: Autofill.FormForest.GetBrowserFormOfRendererForm.Duration recorded 1 samples, mean = 0.0 (flags = 0x1)
0  -O                                                                        (1 = 100.0%)
1  ... 

Histogram: Autofill.FormForest.UpdateTreeOfRendererForm.Duration recorded 1 samples, mean = 50.0 (flags = 0x1)
0   ... 
49  -O                                                                        (1 = 100.0%) {0.0%}
65  ... 

Histogram: Autofill.FormForest.UpdateTreeOfRendererForm.Visits recorded 1 samples, mean = 2.0 (flags = 0x1)
0  ... 
2  -O                                                                        (1 = 100.0%) {0.0%}
3  ... 

Histogram: Autofill.Funnel.ParsedAsType.Address recorded 6 samples, mean = 0.0 (flags = 0x1)
0  ------O                                                                   (6 = 100.0%)
1  ... 

Histogram: Autofill.Funnel.ParsedAsType.CreditCard recorded 6 samples, mean = 0.0 (flags = 0x1)
0  ------O                                                                   (6 = 100.0%)
1  ... 

Histogram: Autofill.Funnel.ParsedAsType.VirtualCard.StandaloneCvc recorded 6 samples, mean = 0.0 (flags = 0x1)
0  ------O                                                                   (6 = 100.0%)
1  ... 

Histogram: Autofill.IsEnabled.PageLoad recorded 1 samples, mean = 1.0 (flags = 0x1)
0  O                                                                         (0 = 0.0%)
1  -O                                                                        (1 = 100.0%) {0.0%}
2  O                                                                         (0 = 0.0%) {100.0%}

Histogram: Autofill.IsEnabled.PageLoad.SignedOut recorded 1 samples, mean = 1.0 (flags = 0x1)
0  O                                                                         (0 = 0.0%)
1  -O                                                                        (1 = 100.0%) {0.0%}
2  O                                                                         (0 = 0.0%) {100.0%}

Histogram: Autofill.IsEnabled.Startup recorded 1 samples, mean = 1.0 (flags = 0x1)
0  O                                                                         (0 = 0.0%)
1  -O                                                                        (1 = 100.0%) {0.0%}
2  O                                                                         (0 = 0.0%) {100.0%}

Histogram: Autofill.Leipzig.Duplication.NumberOfLocalSupersetProfilesOnStartup recorded 1 samples, mean = 0.0 (flags = 0x1)
0  -O                                                                        (1 = 100.0%)
1  ... 

Histogram: Autofill.NumberOfDriversPerFactory recorded 1 samples, mean = 3.0 (flags = 0x1)
0  ... 
3  -O                                                                        (1 = 100.0%) {0.0%}
4  ... 

Histogram: Autofill.Offer.StoredOfferCount2.CardLinkedOffer recorded 1 samples, mean = 0.0 (flags = 0x1)
0  -O                                                                        (1 = 100.0%)
1  ... 

Histogram: Autofill.Offer.StoredOfferCount2.GPayPromoCodeOffer recorded 1 samples, mean = 0.0 (flags = 0x1)
0  -O                                                                        (1 = 100.0%)
1  ... 

Histogram: Autofill.PaymentMethods.CvcStorageIsEnabled.Startup recorded 1 samples, mean = 0.0 (flags = 0x1)
0  -O                                                                        (1 = 100.0%)
1  ... 

Histogram: Autofill.StoredCreditCardCount recorded 1 samples, mean = 0.0 (flags = 0x1)
0  -O                                                                        (1 = 100.0%)
1  ... 

Histogram: Autofill.StoredCreditCardCount.Local recorded 1 samples, mean = 0.0 (flags = 0x1)
0  -O                                                                        (1 = 100.0%)
1  ... 

Histogram: Autofill.StoredCreditCardCount.Local.WithInvalidCardNumber recorded 1 samples, mean = 0.0 (flags = 0x1)
0  -O                                                                        (1 = 100.0%)
1  ... 

Histogram: Autofill.StoredCreditCardCount.Local.WithNickname recorded 1 samples, mean = 0.0 (flags = 0x1)
0  -O                                                                        (1 = 100.0%)
1  ... 

Histogram: Autofill.StoredCreditCardCount.Server recorded 1 samples, mean = 0.0 (flags = 0x1)
0  -O                                                                        (1 = 100.0%)
1  ... 

Histogram: Autofill.StoredCreditCardCount.Server.Masked recorded 1 samples, mean = 0.0 (flags = 0x1)
0  -O                                                                        (1 = 100.0%)
1  ... 

Histogram: Autofill.StoredCreditCardCount.Server.Masked.WithNickname recorded 1 samples, mean = 0.0 (flags = 0x1)
0  -O                                                                        (1 = 100.0%)
1  ... 

Histogram: Autofill.StoredCreditCardCount.Server.Unmasked recorded 1 samples, mean = 0.0 (flags = 0x1)
0  -O                                                                        (1 = 100.0%)
1  ... 

Histogram: Autofill.StoredCreditCardCount.Server.WithCardArtImage recorded 1 samples, mean = 0.0 (flags = 0x1)
0  -O                                                                        (1 = 100.0%)
1  ... 

Histogram: Autofill.StoredCreditCardCount.Server.WithVirtualCardMetadata recorded 1 samples, mean = 0.0 (flags = 0x1)
0  -O                                                                        (1 = 100.0%)
1  ... 

Histogram: Autofill.StoredIbanCount recorded 1 samples, mean = 0.0 (flags = 0x1)
0  -O                                                                        (1 = 100.0%)
1  ... 

Histogram: Autofill.StoredProfileCount.AccountChrome recorded 1 samples, mean = 0.0 (flags = 0x1)
0  -O                                                                        (1 = 100.0%)
1  ... 

Histogram: Autofill.StoredProfileCount.AccountNonChrome recorded 1 samples, mean = 0.0 (flags = 0x1)
0  -O                                                                        (1 = 100.0%)
1  ... 

Histogram: Autofill.StoredProfileCount.Legacy recorded 1 samples, mean = 0.0 (flags = 0x1)
0  -O                                                                        (1 = 100.0%)
1  ... 

Histogram: Autofill.StoredProfileCount.Total recorded 1 samples, mean = 0.0 (flags = 0x1)
0  -O                                                                        (1 = 100.0%)
1  ... 

Histogram: Autofill.StrikeDatabase.StrikeDatabaseInitFailed recorded 4 samples, mean = 1.5 (flags = 0x1)
0  -O                                                                        (1 = 25.0%)
1  -O                                                                        (1 = 25.0%) {25.0%}
2  -O                                                                        (1 = 25.0%) {50.0%}
3  -O                                                                        (1 = 25.0%) {75.0%}
4  ... 

Histogram: Autofill.SubmissionDetectionSource.FormTracker recorded 2 samples, mean = 3.0 (flags = 0x1)
0  ... 
3  --O                                                                       (2 = 100.0%) {0.0%}
4  ... 

Histogram: Autofill.Timing.ParseFormsAsync recorded 1 samples, mean = 0.0 (flags = 0x1)
0  -O                                                                        (1 = 100.0%)
1  ... 

Histogram: Autofill.Timing.ParseFormsAsync.RunHeuristics recorded 1 samples, mean = 0.0 (flags = 0x1)
0  -O                                                                        (1 = 100.0%)
1  ... 

Histogram: Autofill.Timing.ParseFormsAsync.UpdateCache recorded 1 samples, mean = 0.0 (flags = 0x1)
0  -O                                                                        (1 = 100.0%)
1  ... 

Histogram: Autofill.TimingInterval.ExtractFormData.GetFormDataFromUnownedInputElements.AutofillAgentReset recorded 3 samples, mean = 844964.0 (flags = 0x1)
0        ... 
453284   -O                                                                        (1 = 33.3%) {0.0%}
529117   ... 
841582   -O                                                                        (1 = 33.3%) {33.3%}
982376   O                                                                         (0 = 0.0%) {66.7%}
1146725  -O                                                                        (1 = 33.3%) {66.7%}
1338569  ... 

Histogram: Autofill.TimingInterval.ExtractFormData.GetFormDataFromUnownedInputElements.DOMContentLoaded recorded 3 samples, mean = 716208320.0 (flags = 0x1)
0         ... 
332665    -O                                                                        (1 = 33.3%) {0.0%}
388319    ... 
720966    -O                                                                        (1 = 33.3%) {33.3%}
841582    ... 
10000000  -O                                                                        (1 = 33.3%) {66.7%}

Histogram: Autofill.TimingInterval.ExtractFormData.UpdateFormCache.AutofillAgentReset recorded 5 samples, mean = 507066.4 (flags = 0x1)
0        ... 
170      -O                                                                        (1 = 20.0%) {0.0%}
198      ... 
270      -O                                                                        (1 = 20.0%) {20.0%}
315      ... 
453284   -O                                                                        (1 = 20.0%) {40.0%}
529117   ... 
841582   -O                                                                        (1 = 20.0%) {60.0%}
982376   O                                                                         (0 = 0.0%) {80.0%}
1146725  -O                                                                        (1 = 20.0%) {80.0%}
1338569  ... 

Histogram: Autofill.TimingInterval.ExtractFormData.UpdateFormCache.DOMContentLoaded recorded 5 samples, mean = 228244.2 (flags = 0x1)
0       ... 
9       -O                                                                        (1 = 20.0%) {0.0%}
11      ... 
23      -O                                                                        (1 = 20.0%) {20.0%}
27      ... 
79      -O                                                                        (1 = 20.0%) {40.0%}
92      ... 
332665  -O                                                                        (1 = 20.0%) {60.0%}
388319  ... 
720966  -O                                                                        (1 = 20.0%) {80.0%}
841582  ... 

Histogram: Autofill.TimingInterval.UpdateFormCache.UpdateFormCache.AutofillAgentReset recorded 5 samples, mean = 507089.4 (flags = 0x1)
0        ... 
198      -O                                                                        (1 = 20.0%) {0.0%}
231      ... 
315      -O                                                                        (1 = 20.0%) {20.0%}
368      ... 
453284   -O                                                                        (1 = 20.0%) {40.0%}
529117   ... 
841582   -O                                                                        (1 = 20.0%) {60.0%}
982376   O                                                                         (0 = 0.0%) {80.0%}
1146725  -O                                                                        (1 = 20.0%) {80.0%}
1338569  ... 

Histogram: Autofill.TimingInterval.UpdateFormCache.UpdateFormCache.DOMContentLoaded recorded 5 samples, mean = 228267.2 (flags = 0x1)
0       ... 
27      -O                                                                        (1 = 20.0%) {0.0%}
32      -O                                                                        (1 = 20.0%) {20.0%}
37      ... 
125     -O                                                                        (1 = 20.0%) {40.0%}
146     ... 
332665  -O                                                                        (1 = 20.0%) {60.0%}
388319  ... 
720966  -O                                                                        (1 = 20.0%) {80.0%}
841582  ... 

Histogram: Autofill.TimingPrecise.ExtractFormData recorded 8 samples, mean = 43.2 (flags = 0x1)
0   ... 
5   --O                                                                       (2 = 25.0%) {0.0%}
6   -O                                                                        (1 = 12.5%) {25.0%}
7   ... 
19  -O                                                                        (1 = 12.5%) {37.5%}
22  ... 
60  -O                                                                        (1 = 12.5%) {50.0%}
68  -O                                                                        (1 = 12.5%) {62.5%}
77  -O                                                                        (1 = 12.5%) {75.0%}
88  -O                                                                        (1 = 12.5%) {87.5%}
100 ... 

Histogram: Autofill.TimingPrecise.ExtractFormData.GetFormDataFromUnownedInputElements recorded 3 samples, mean = 34.7 (flags = 0x1)
0   ... 
5   --O                                                                       (2 = 66.7%) {0.0%}
6   ... 
88  -O                                                                        (1 = 33.3%) {66.7%}
100 ... 

Histogram: Autofill.TimingPrecise.ExtractFormData.UpdateFormCache recorded 5 samples, mean = 48.4 (flags = 0x1)
0   ... 
6   -O                                                                        (1 = 20.0%) {0.0%}
7   ... 
19  -O                                                                        (1 = 20.0%) {20.0%}
22  ... 
60  -O                                                                        (1 = 20.0%) {40.0%}
68  -O                                                                        (1 = 20.0%) {60.0%}
77  -O                                                                        (1 = 20.0%) {80.0%}
88  ... 

Histogram: Autofill.TimingPrecise.InferLabelForElement recorded 8 samples, mean = 0.0 (flags = 0x1)
0  --------O                                                                 (8 = 100.0%)
1  ... 

Histogram: Autofill.TimingPrecise.UpdateFormCache recorded 5 samples, mean = 78.6 (flags = 0x1)
0    ... 
25   -O                                                                        (1 = 20.0%) {0.0%}
28   -O                                                                        (1 = 20.0%) {20.0%}
32   ... 
88   -O                                                                        (1 = 20.0%) {40.0%}
100  -O                                                                        (1 = 20.0%) {60.0%}
114  O                                                                         (0 = 0.0%) {80.0%}
130  -O                                                                        (1 = 20.0%) {80.0%}
148  ... 

Histogram: Autofill.TimingPrecise.UpdateFormCache.UpdateFormCache recorded 5 samples, mean = 78.6 (flags = 0x1)
0    ... 
25   -O                                                                        (1 = 20.0%) {0.0%}
28   -O                                                                        (1 = 20.0%) {20.0%}
32   ... 
88   -O                                                                        (1 = 20.0%) {40.0%}
100  -O                                                                        (1 = 20.0%) {60.0%}
114  O                                                                         (0 = 0.0%) {80.0%}
130  -O                                                                        (1 = 20.0%) {80.0%}
148  ... 

Histogram: Autofill.VirtualCardUsageData.StoredUsageDataCount recorded 1 samples, mean = 0.0 (flags = 0x1)
0  -O                                                                        (1 = 100.0%)
1  ... 

Histogram: Blink.Accessibility.UpdateTime.AggregatedPreFCP recorded 1 samples, mean = 40.0 (flags = 0x1)
0   ... 
40  -O                                                                        (1 = 100.0%) {0.0%}
55  ... 

Histogram: Blink.AnchorElementMetricsIntersectionObserver.UpdateTime.AggregatedPreFCP recorded 1 samples, mean = 0.0 (flags = 0x1)
0  -O                                                                        (1 = 100.0%)
1  ... 

Histogram: Blink.Animate.UpdateTime.AggregatedPreFCP recorded 1 samples, mean = 3379.0 (flags = 0x1)
0     ... 
2786  -O                                                                        (1 = 100.0%) {0.0%}
3865  ... 

Histogram: Blink.CSSStyleSheetResource.ParseTime recorded 8 samples, mean = 1520.2 (flags = 0x1)
0     ... 
55    -O                                                                        (1 = 12.5%) {0.0%}
76    ... 
146   --O                                                                       (2 = 25.0%) {12.5%}
203   --O                                                                       (2 = 25.0%) {37.5%}
282   ... 
1043  -O                                                                        (1 = 12.5%) {62.5%}
1447  -O                                                                        (1 = 12.5%) {75.0%}
2008  ... 
7439  -O                                                                        (1 = 12.5%) {87.5%}
10321 ... 

Histogram: Blink.CommitDocumentLoaderTime recorded 7 samples, mean = 4.9 (flags = 0x1)
0   -O                                                                        (1 = 14.3%)
1   -O                                                                        (1 = 14.3%) {14.3%}
2   -O                                                                        (1 = 14.3%) {28.6%}
3   --O                                                                       (2 = 28.6%) {42.9%}
4   O                                                                         (0 = 0.0%) {71.4%}
5   -O                                                                        (1 = 14.3%) {71.4%}
6   ... 
20  -O                                                                        (1 = 14.3%) {85.7%}
24  ... 

Histogram: Blink.CompositingCommit.UpdateTime.AggregatedPreFCP recorded 1 samples, mean = 10451.0 (flags = 0x1)
0      ... 
10321  -O                                                                        (1 = 100.0%) {0.0%}
14319  ... 

Histogram: Blink.CompositingInputs.UpdateTime.AggregatedPreFCP recorded 1 samples, mean = 1348.0 (flags = 0x1)
0     ... 
1043  -O                                                                        (1 = 100.0%) {0.0%}
1447  ... 

Histogram: Blink.ContentDocumentUpdate.UpdateTime.AggregatedPreFCP recorded 1 samples, mean = 0.0 (flags = 0x1)
0  -O                                                                        (1 = 100.0%)
1  ... 

Histogram: Blink.CookiesTime recorded 1 samples, mean = 2.0 (flags = 0x1)
0  ... 
2  -O                                                                        (1 = 100.0%) {0.0%}
3  ... 

Histogram: Blink.CullRect.UpdateTime recorded 23 samples, mean = 93.4 (flags = 0x1)
0     ... 
2     --------O                                                                 (8 = 34.8%) {0.0%}
3     ----O                                                                     (4 = 17.4%) {34.8%}
4     ... 
11    -O                                                                        (1 = 4.3%) {52.2%}
15    --O                                                                       (2 = 8.7%) {56.5%}
21    ---O                                                                      (3 = 13.0%) {65.2%}
29    --O                                                                       (2 = 8.7%) {78.3%}
40    -O                                                                        (1 = 4.3%) {87.0%}
55    -O                                                                        (1 = 4.3%) {91.3%}
76    ... 
1447  -O                                                                        (1 = 4.3%) {95.7%}
2008  ... 

Histogram: Blink.DecodedImage.WebPDensity.Count.0.3MP recorded 4 samples, mean = 207.5 (flags = 0x1)
0    ... 
110  -O                                                                        (1 = 25.0%) {0.0%}
116  ... 
165  --O                                                                       (2 = 50.0%) {25.0%}
173  ... 
366  -O                                                                        (1 = 25.0%) {75.0%}
385  ... 

Histogram: Blink.DecodedImage.WebPDensity.Count.0.8MP recorded 2 samples, mean = 95.0 (flags = 0x1)
0   ... 
95  --O                                                                       (2 = 100.0%) {0.0%}
100 ... 

Histogram: Blink.DecodedImage.WebPDensity.Count.02MP recorded 2 samples, mean = 291.0 (flags = 0x1)
0    ... 
285  --O                                                                       (2 = 100.0%) {0.0%}
300  ... 

Histogram: Blink.DecodedImage.WebPDensity.KiBWeighted2 recorded 723 samples, mean = 254.6 (flags = 0x1)
0    ... 
95   -----------------O                                                        (92 = 12.7%) {0.0%}
100  ... 
110  ------O                                                                   (33 = 4.6%) {12.7%}
116  ... 
165  ------------------O                                                       (99 = 13.7%) {17.3%}
173  ... 
285  ------------------------------------------------------------------------O (392 = 54.2%) {31.0%}
300  ... 
366  --------------------O                                                     (107 = 14.8%) {85.2%}
385  ... 

Histogram: Blink.DecodedImage.WebPFileFormat recorded 6 samples, mean = 0.0 (flags = 0x1)
0  ------O                                                                   (6 = 100.0%)
1  ... 

Histogram: Blink.DecodedImageType recorded 6 samples, mean = 4.0 (flags = 0x1)
0  ... 
4  ------O                                                                   (6 = 100.0%) {0.0%}
5  ... 

Histogram: Blink.DisplayLockIntersectionObserver.UpdateTime.AggregatedPreFCP recorded 1 samples, mean = 0.0 (flags = 0x1)
0  -O                                                                        (1 = 100.0%)
1  ... 

Histogram: Blink.DocumentLoader.CommitNavigationToStartLoadingResponse.Time.OutermostMainFrame.NewNavigation.IsHTTPOrHTTPS recorded 1 samples, mean = 2.0 (flags = 0x1)
0  ... 
2  -O                                                                        (1 = 100.0%) {0.0%}
3  ... 

Histogram: Blink.DocumentLoader.CreateParserPostCommit.Time.OutermostMainFrame.NewNavigation.IsHTTPOrHTTPS recorded 1 samples, mean = 16.0 (flags = 0x1)
0   ... 
14  -O                                                                        (1 = 100.0%) {0.0%}
17  ... 

Histogram: Blink.EffectiveZoom recorded 19 samples (flags = 0x1)
125  -------------------O                                                      (19 = 100.0%)

Histogram: Blink.Experimental.Cookies.CacheLookupResult2 recorded 1 samples, mean = 0.0 (flags = 0x1)
0  -O                                                                        (1 = 100.0%)
1  ... 

Histogram: Blink.Experimental.Cookies.FirstCookieRequest recorded 1 samples, mean = 1.0 (flags = 0x1)
0  O                                                                         (0 = 0.0%)
1  -O                                                                        (1 = 100.0%) {0.0%}
2  ... 

Histogram: Blink.Fetch.RequestResourceTime2 recorded 138 samples, mean = 301.1 (flags = 0x1)
0      ... 
29     ----------------O                                                         (16 = 11.6%) {0.0%}
40     --------------------------O                                               (26 = 18.8%) {11.6%}
55     -------------------------O                                                (25 = 18.1%) {30.4%}
76     -----O                                                                    (5 = 3.6%) {48.6%}
105    --------O                                                                 (8 = 5.8%) {52.2%}
146    ------------O                                                             (12 = 8.7%) {58.0%}
203    --------------------O                                                     (20 = 14.5%) {66.7%}
282    ------O                                                                   (6 = 4.3%) {81.2%}
391    -----O                                                                    (5 = 3.6%) {85.5%}
542    ----O                                                                     (4 = 2.9%) {89.1%}
752    -----O                                                                    (5 = 3.6%) {92.0%}
1043   ----O                                                                     (4 = 2.9%) {95.7%}
1447   O                                                                         (0 = 0.0%) {98.6%}
2008   -O                                                                        (1 = 0.7%) {98.6%}
2786   ... 
10321  -O                                                                        (1 = 0.7%) {99.3%}
14319  ... 

Histogram: Blink.Fetch.RequestResourceTime2.Preload recorded 41 samples, mean = 144.4 (flags = 0x1)
0     ... 
29    --O                                                                       (2 = 4.9%) {0.0%}
40    -------O                                                                  (7 = 17.1%) {4.9%}
55    ---------------O                                                          (15 = 36.6%) {22.0%}
76    ---O                                                                      (3 = 7.3%) {58.5%}
105   --O                                                                       (2 = 4.9%) {65.9%}
146   --O                                                                       (2 = 4.9%) {70.7%}
203   -----O                                                                    (5 = 12.2%) {75.6%}
282   ---O                                                                      (3 = 7.3%) {87.8%}
391   -O                                                                        (1 = 2.4%) {95.1%}
542   ... 
1043  -O                                                                        (1 = 2.4%) {97.6%}
1447  ... 

Histogram: Blink.FetchQueuedPreloadsTime.MainFrame.Initial recorded 1 samples, mean = 2.0 (flags = 0x1)
0  ... 
2  -O                                                                        (1 = 100.0%) {0.0%}
3  ... 

Histogram: Blink.Fonts.DecodeTime recorded 5 samples, mean = 7668.6 (flags = 0x1)
0      ... 
5362   ---O                                                                      (3 = 60.0%) {0.0%}
7439   -O                                                                        (1 = 20.0%) {60.0%}
10321  -O                                                                        (1 = 20.0%) {80.0%}
14319  ... 

Histogram: Blink.Fonts.VariableFontsRatio recorded 5 samples, mean = 1.2 (flags = 0x1)
0  O                                                                         (0 = 0.0%)
1  ----O                                                                     (4 = 80.0%) {0.0%}
2  -O                                                                        (1 = 20.0%) {80.0%}
3  ... 

Histogram: Blink.ForcedStyleAndLayout.UpdateTime.AggregatedPreFCP recorded 1 samples, mean = 772.0 (flags = 0x1)
0    ... 
752  -O                                                                        (1 = 100.0%) {0.0%}
1043 ... 

Histogram: Blink.ForcedStyleAndLayout.UpdateTime.PreFCP recorded 2 samples, mean = 51.0 (flags = 0x1)
0   ... 
29  -O                                                                        (1 = 50.0%) {0.0%}
40  O                                                                         (0 = 0.0%) {50.0%}
55  -O                                                                        (1 = 50.0%) {50.0%}
76  ... 

Histogram: Blink.HTMLFastPathParser.AbortedParseSize recorded 14 samples, mean = 1.4 (flags = 0x1)
0  ----O                                                                     (4 = 28.6%)
1  O                                                                         (0 = 0.0%) {28.6%}
2  ----------O                                                               (10 = 71.4%) {28.6%}
3  ... 

Histogram: Blink.HTMLFastPathParser.AbortedParseTime2 recorded 14 samples, mean = 6.0 (flags = 0x1)
0   ... 
2   -O                                                                        (1 = 7.1%) {0.0%}
3   --------O                                                                 (8 = 57.1%) {7.1%}
4   -O                                                                        (1 = 7.1%) {64.3%}
5   -O                                                                        (1 = 7.1%) {71.4%}
6   ... 
8   --O                                                                       (2 = 14.3%) {78.6%}
9   ... 
31  -O                                                                        (1 = 7.1%) {92.9%}
34  ... 

Histogram: Blink.HTMLFastPathParser.ParseResult recorded 27 samples, mean = 7.3 (flags = 0x1)
0   -------------O                                                            (13 = 48.1%)
1   ... 
4   ----O                                                                     (4 = 14.8%) {48.1%}
5   ... 
18  ----------O                                                               (10 = 37.0%) {63.0%}
19  ... 

Histogram: Blink.HTMLFastPathParser.SuccessfulParseSize recorded 13 samples, mean = 339.7 (flags = 0x1)
0    ... 
146  ----O                                                                     (4 = 30.8%) {0.0%}
203  O                                                                         (0 = 0.0%) {30.8%}
282  -----O                                                                    (5 = 38.5%) {30.8%}
391  ----O                                                                     (4 = 30.8%) {69.2%}
542  ... 

Histogram: Blink.HTMLFastPathParser.SuccessfulParseTime2 recorded 13 samples, mean = 14.2 (flags = 0x1)
0   ... 
3   -O                                                                        (1 = 7.7%) {0.0%}
4   O                                                                         (0 = 0.0%) {7.7%}
5   ---O                                                                      (3 = 23.1%) {7.7%}
6   ---O                                                                      (3 = 23.1%) {30.8%}
7   ... 
9   -O                                                                        (1 = 7.7%) {53.8%}
10  O                                                                         (0 = 0.0%) {61.5%}
11  -O                                                                        (1 = 7.7%) {61.5%}
12  O                                                                         (0 = 0.0%) {69.2%}
13  -O                                                                        (1 = 7.7%) {69.2%}
14  ... 
18  -O                                                                        (1 = 7.7%) {76.9%}
19  ... 
27  -O                                                                        (1 = 7.7%) {84.6%}
29  ... 
68  -O                                                                        (1 = 7.7%) {92.3%}
74  ... 

Histogram: Blink.HTMLFastPathParser.TotalParseTime2 recorded 27 samples, mean = 61.3 (flags = 0x1)
0    ... 
4    -O                                                                        (1 = 3.7%) {0.0%}
5    -O                                                                        (1 = 3.7%) {3.7%}
6    O                                                                         (0 = 0.0%) {7.4%}
7    --O                                                                       (2 = 7.4%) {7.4%}
8    --O                                                                       (2 = 7.4%) {14.8%}
9    ... 
11   -O                                                                        (1 = 3.7%) {22.2%}
12   O                                                                         (0 = 0.0%) {25.9%}
13   -O                                                                        (1 = 3.7%) {25.9%}
14   O                                                                         (0 = 0.0%) {29.6%}
15   -O                                                                        (1 = 3.7%) {29.6%}
16   -O                                                                        (1 = 3.7%) {33.3%}
17   ... 
19   -O                                                                        (1 = 3.7%) {37.0%}
21   ... 
29   -O                                                                        (1 = 3.7%) {40.7%}
31   ... 
58   --O                                                                       (2 = 7.4%) {44.4%}
63   -O                                                                        (1 = 3.7%) {51.9%}
68   O                                                                         (0 = 0.0%) {55.6%}
74   -O                                                                        (1 = 3.7%) {55.6%}
80   ---O                                                                      (3 = 11.1%) {59.3%}
86   O                                                                         (0 = 0.0%) {70.4%}
93   -O                                                                        (1 = 3.7%) {70.4%}
101  --O                                                                       (2 = 7.4%) {74.1%}
109  O                                                                         (0 = 0.0%) {81.5%}
118  ---O                                                                      (3 = 11.1%) {81.5%}
128  -O                                                                        (1 = 3.7%) {92.6%}
138  ... 
203  -O                                                                        (1 = 3.7%) {96.3%}
219  ... 

Histogram: Blink.HTMLParsing.ChunkCount4 recorded 1 samples, mean = 2.0 (flags = 0x1)
0  ... 
2  -O                                                                        (1 = 100.0%) {0.0%}
3  ... 

Histogram: Blink.HTMLParsing.InputCharacterCount4 recorded 1 samples, mean = 136740.0 (flags = 0x1)
0       ... 
102126  -O                                                                        (1 = 100.0%) {0.0%}
141691  ... 

Histogram: Blink.HTMLParsing.ParsingTimeMax4 recorded 1 samples, mean = 11197.0 (flags = 0x1)
0      ... 
11093  -O                                                                        (1 = 100.0%) {0.0%}
11264  ... 

Histogram: Blink.HTMLParsing.ParsingTimeMin4 recorded 1 samples, mean = 238.0 (flags = 0x1)
0    ... 
217  -O                                                                        (1 = 100.0%) {0.0%}
247  ... 

Histogram: Blink.HTMLParsing.ParsingTimeTotal4 recorded 1 samples, mean = 11435.0 (flags = 0x1)
0      ... 
11264  -O                                                                        (1 = 100.0%) {0.0%}
11438  ... 

Histogram: Blink.HTMLParsing.PreloadRequestCount recorded 1 samples, mean = 33.0 (flags = 0x1)
0   ... 
33  -O                                                                        (1 = 100.0%) {0.0%}
37  ... 

Histogram: Blink.HTMLParsing.TimeToDeferredPumpTokenizer4 recorded 1 samples, mean = 761.0 (flags = 0x1)
0    ... 
695  -O                                                                        (1 = 100.0%) {0.0%}
791  ... 

Histogram: Blink.HTMLParsing.TokensParsedAverage4 recorded 1 samples, mean = 63.0 (flags = 0x1)
0   ... 
49  -O                                                                        (1 = 100.0%) {0.0%}
65  ... 

Histogram: Blink.HTMLParsing.TokensParsedMax4 recorded 1 samples, mean = 109.0 (flags = 0x1)
0   ... 
86  -O                                                                        (1 = 100.0%) {0.0%}
113 ... 

Histogram: Blink.HTMLParsing.TokensParsedMin4 recorded 1 samples, mean = 18.0 (flags = 0x1)
0   ... 
17  -O                                                                        (1 = 100.0%) {0.0%}
20  ... 

Histogram: Blink.HTMLParsing.TokensParsedTotal4 recorded 1 samples, mean = 127.0 (flags = 0x1)
0    ... 
105  -O                                                                        (1 = 100.0%) {0.0%}
146  ... 

Histogram: Blink.HTMLParsing.YieldedTimeAverage4 recorded 1 samples, mean = 760.0 (flags = 0x1)
0    ... 
684  -O                                                                        (1 = 100.0%) {0.0%}
798  ... 

Histogram: Blink.HTMLParsing.YieldedTimeMax4 recorded 1 samples, mean = 764.0 (flags = 0x1)
0    ... 
761  -O                                                                        (1 = 100.0%) {0.0%}
773  ... 

Histogram: Blink.HTMLParsing.YieldedTimeMin4 recorded 1 samples, mean = 756.0 (flags = 0x1)
0    ... 
684  -O                                                                        (1 = 100.0%) {0.0%}
798  ... 

Histogram: Blink.HandleInputEvents.UpdateTime.AggregatedPreFCP recorded 1 samples, mean = 57.0 (flags = 0x1)
0   ... 
55  -O                                                                        (1 = 100.0%) {0.0%}
76  ... 

Histogram: Blink.History.VisitedLinks.IsLinkStyledAsVisited recorded 76 samples, mean = 0.0 (flags = 0x1)
0  ------------------------------------------------------------------------O (76 = 100.0%)
1  ... 

Histogram: Blink.HitTestDocumentUpdate.UpdateTime.AggregatedPreFCP recorded 1 samples, mean = 0.0 (flags = 0x1)
0  -O                                                                        (1 = 100.0%)
1  ... 

Histogram: Blink.ImageDecoders.ImageHasMultipleGeneratorClientIds recorded 6 samples, mean = 0.0 (flags = 0x1)
0  ------O                                                                   (6 = 100.0%)
1  ... 

Histogram: Blink.ImplCompositorCommit.UpdateTime.AggregatedPreFCP recorded 1 samples, mean = 35913.0 (flags = 0x1)
0      ... 
27562  -O                                                                        (1 = 100.0%) {0.0%}
38240  ... 

Histogram: Blink.IntersectionObservation.UpdateTime.AggregatedPreFCP recorded 1 samples, mean = 3263.0 (flags = 0x1)
0     ... 
2786  -O                                                                        (1 = 100.0%) {0.0%}
3865  ... 

Histogram: Blink.IntersectionObservationInternalCount.UpdateTime.AggregatedPreFCP recorded 1 samples, mean = 30.0 (flags = 0x1)
0   ... 
29  -O                                                                        (1 = 100.0%) {0.0%}
40  ... 

Histogram: Blink.IntersectionObservationJavascriptCount.UpdateTime.AggregatedPreFCP recorded 1 samples, mean = 14.0 (flags = 0x1)
0   ... 
11  -O                                                                        (1 = 100.0%) {0.0%}
15  ... 

Histogram: Blink.JavascriptDocumentUpdate.UpdateTime.AggregatedPreFCP recorded 1 samples, mean = 750.0 (flags = 0x1)
0    ... 
542  -O                                                                        (1 = 100.0%) {0.0%}
752  ... 

Histogram: Blink.JavascriptDocumentUpdate.UpdateTime.PreFCP recorded 1 samples, mean = 36.0 (flags = 0x1)
0   ... 
29  -O                                                                        (1 = 100.0%) {0.0%}
40  ... 

Histogram: Blink.JavascriptIntersectionObserver.UpdateTime.AggregatedPreFCP recorded 1 samples, mean = 0.0 (flags = 0x1)
0  -O                                                                        (1 = 100.0%)
1  ... 

Histogram: Blink.Layout.InlineNode.ShapeText.MaxTime.InOutermostMainFrame3 recorded 1 samples, mean = 0.0 (flags = 0x1)
0  -O                                                                        (1 = 100.0%)
1  ... 

Histogram: Blink.Layout.InlineNode.ShapeText.TotalTime.InOutermostMainFrame3 recorded 1 samples, mean = 0.0 (flags = 0x1)
0  -O                                                                        (1 = 100.0%)
1  ... 

Histogram: Blink.Layout.SVGImage.Count.InOutermostMainFrame recorded 1 samples, mean = 0.0 (flags = 0x1)
0  -O                                                                        (1 = 100.0%)
1  ... 

Histogram: Blink.Layout.SVGImage.TotalTime.InOutermostMainFrame recorded 1 samples, mean = 0.0 (flags = 0x1)
0  -O                                                                        (1 = 100.0%)
1  ... 

Histogram: Blink.Layout.UpdateTime.AggregatedPreFCP recorded 1 samples, mean = 61370.0 (flags = 0x1)
0      ... 
53055  -O                                                                        (1 = 100.0%) {0.0%}
73609  ... 

Histogram: Blink.LazyLoadIntersectionObserver.UpdateTime.AggregatedPreFCP recorded 1 samples, mean = 140.0 (flags = 0x1)
0    ... 
105  -O                                                                        (1 = 100.0%) {0.0%}
146  ... 

Histogram: Blink.MainFrame.UpdateTime.AggregatedPreFCP recorded 1 samples, mean = 213381.0 (flags = 0x1)
0       ... 
196583  -O                                                                        (1 = 100.0%) {0.0%}
272741  ... 

Histogram: Blink.MainFrame.UpdateTime.PostFCP recorded 7 samples, mean = 3131.1 (flags = 0x1)
0     ... 
282   -O                                                                        (1 = 14.3%) {0.0%}
391   -O                                                                        (1 = 14.3%) {14.3%}
542   ... 
1043  -O                                                                        (1 = 14.3%) {28.6%}
1447  -O                                                                        (1 = 14.3%) {42.9%}
2008  ... 
5362  ---O                                                                      (3 = 42.9%) {57.1%}
7439  ... 

Histogram: Blink.MainFrame.UpdateTime.PreFCP recorded 16 samples, mean = 13336.3 (flags = 0x1)
0      ... 
203    --O                                                                       (2 = 12.5%) {0.0%}
282    ---O                                                                      (3 = 18.8%) {12.5%}
391    --O                                                                       (2 = 12.5%) {31.2%}
542    ... 
1043   --O                                                                       (2 = 12.5%) {43.8%}
1447   ... 
3865   -O                                                                        (1 = 6.2%) {56.2%}
5362   ... 
14319  --O                                                                       (2 = 12.5%) {62.5%}
19866  -O                                                                        (1 = 6.2%) {75.0%}
27562  -O                                                                        (1 = 6.2%) {81.2%}
38240  -O                                                                        (1 = 6.2%) {87.5%}
53055  O                                                                         (0 = 0.0%) {93.8%}
73609  -O                                                                        (1 = 6.2%) {93.8%}
102126 ... 

Histogram: Blink.MediaIntersectionObserver.UpdateTime.AggregatedPreFCP recorded 1 samples, mean = 0.0 (flags = 0x1)
0  -O                                                                        (1 = 100.0%)
1  ... 

Histogram: Blink.MemoryCache.RevalidationPolicy.AsyncScript recorded 48 samples, mean = 1.6 (flags = 0x1)
0  -----------------------O                                                  (23 = 47.9%)
1  ... 
3  -------------------------O                                                (25 = 52.1%) {47.9%}
4  ... 

Histogram: Blink.MemoryCache.RevalidationPolicy.CSSStyleSheet recorded 8 samples, mean = 0.0 (flags = 0x1)
0  --------O                                                                 (8 = 100.0%)
1  ... 

Histogram: Blink.MemoryCache.RevalidationPolicy.Dead.CSSStyleSheet recorded 1 samples, mean = 0.0 (flags = 0x1)
0  -O                                                                        (1 = 100.0%)
1  ... 

Histogram: Blink.MemoryCache.RevalidationPolicy.Dead.Font recorded 2 samples, mean = 0.0 (flags = 0x1)
0  --O                                                                       (2 = 100.0%)
1  ... 

Histogram: Blink.MemoryCache.RevalidationPolicy.Dead.Script recorded 22 samples, mean = 0.0 (flags = 0x1)
0  ----------------------O                                                   (22 = 100.0%)
1  ... 

Histogram: Blink.MemoryCache.RevalidationPolicy.Font recorded 23 samples, mean = 4.0 (flags = 0x1)
0  -O                                                                        (1 = 4.3%)
1  ... 
4  ------------------O                                                       (18 = 78.3%) {4.3%}
5  ----O                                                                     (4 = 17.4%) {82.6%}
6  O                                                                         (0 = 0.0%) {100.0%}

Histogram: Blink.MemoryCache.RevalidationPolicy.Image recorded 34 samples, mean = 4.1 (flags = 0x1)
0  ... 
3  -O                                                                        (1 = 2.9%) {0.0%}
4  ---------------------------O                                              (27 = 79.4%) {2.9%}
5  ------O                                                                   (6 = 17.6%) {82.4%}
6  O                                                                         (0 = 0.0%) {100.0%}

Histogram: Blink.MemoryCache.RevalidationPolicy.Manifest recorded 1 samples, mean = 3.0 (flags = 0x1)
0  ... 
3  -O                                                                        (1 = 100.0%) {0.0%}
4  ... 

Histogram: Blink.MemoryCache.RevalidationPolicy.Preload.CSSStyleSheet recorded 15 samples, mean = 1.6 (flags = 0x1)
0  -------O                                                                  (7 = 46.7%)
1  ... 
3  --------O                                                                 (8 = 53.3%) {46.7%}
4  ... 

Histogram: Blink.MemoryCache.RevalidationPolicy.Preload.Font recorded 2 samples, mean = 1.5 (flags = 0x1)
0  -O                                                                        (1 = 50.0%)
1  ... 
3  -O                                                                        (1 = 50.0%) {50.0%}
4  ... 

Histogram: Blink.MemoryCache.RevalidationPolicy.Preload.Script recorded 24 samples, mean = 2.8 (flags = 0x1)
0  --O                                                                       (2 = 8.3%)
1  ... 
3  ----------------------O                                                   (22 = 91.7%) {8.3%}
4  ... 

Histogram: Blink.MemoryCache.RevalidationPolicy.Raw recorded 9 samples, mean = 3.0 (flags = 0x1)
0  ... 
3  ---------O                                                                (9 = 100.0%) {0.0%}
4  ... 

Histogram: Blink.MemoryCache.RevalidationPolicy.Script recorded 26 samples, mean = 0.5 (flags = 0x1)
0  ----------------------O                                                   (22 = 84.6%)
1  ... 
3  ----O                                                                     (4 = 15.4%) {84.6%}
4  ... 

Histogram: Blink.Paint.UpdateTime.AggregatedPreFCP recorded 1 samples, mean = 40804.0 (flags = 0x1)
0      ... 
38240  -O                                                                        (1 = 100.0%) {0.0%}
53055  ... 

Histogram: Blink.ParseStyleSheet.UpdateTime.AggregatedPreFCP recorded 1 samples, mean = 11050.0 (flags = 0x1)
0      ... 
10321  -O                                                                        (1 = 100.0%) {0.0%}
14319  ... 

Histogram: Blink.PermissionElementIntersectionObserver.UpdateTime.AggregatedPreFCP recorded 1 samples, mean = 0.0 (flags = 0x1)
0  -O                                                                        (1 = 100.0%)
1  ... 

Histogram: Blink.PossibleSynchronizedScrollCount2.UpdateTime.AggregatedPreFCP recorded 1 samples, mean = 0.0 (flags = 0x1)
0  -O                                                                        (1 = 100.0%)
1  ... 

Histogram: Blink.PrePaint.UpdateTime.AggregatedPreFCP recorded 1 samples, mean = 11435.0 (flags = 0x1)
0      ... 
10321  -O                                                                        (1 = 100.0%) {0.0%}
14319  ... 

Histogram: Blink.PreloadRequestStartDuration recorded 41 samples, mean = 147.6 (flags = 0x1)
0     ... 
29    --O                                                                       (2 = 4.9%) {0.0%}
40    -----O                                                                    (5 = 12.2%) {4.9%}
55    -----------------O                                                        (17 = 41.5%) {17.1%}
76    ---O                                                                      (3 = 7.3%) {58.5%}
105   --O                                                                       (2 = 4.9%) {65.9%}
146   --O                                                                       (2 = 4.9%) {70.7%}
203   -----O                                                                    (5 = 12.2%) {75.6%}
282   ---O                                                                      (3 = 7.3%) {87.8%}
391   -O                                                                        (1 = 2.4%) {95.1%}
542   ... 
1043  -O                                                                        (1 = 2.4%) {97.6%}
1447  ... 

Histogram: Blink.PreloadRequestWaitTime recorded 31 samples, mean = 2.1 (flags = 0x1)
0  O                                                                         (0 = 0.0%)
1  --------O                                                                 (8 = 25.8%) {0.0%}
2  ------------O                                                             (12 = 38.7%) {25.8%}
3  -----------O                                                              (11 = 35.5%) {64.5%}
4  ... 

Histogram: Blink.PrepareToStopParsingTime recorded 21 samples, mean = 1.7 (flags = 0x1)
0   --------------------O                                                     (20 = 95.2%)
1   ... 
34  -O                                                                        (1 = 4.8%) {95.2%}
40  ... 

Histogram: Blink.PumpTokenizerTime recorded 40 samples, mean = 0.9 (flags = 0x1)
0   --------------------------------------O                                   (38 = 95.0%)
1   ... 
12  -O                                                                        (1 = 2.5%) {95.0%}
14  ... 
20  -O                                                                        (1 = 2.5%) {97.5%}
24  ... 

Histogram: Blink.ResourceRequest.BackgroundResourceFetchSupportStatus recorded 56 samples, mean = 0.1 (flags = 0x1)
0  -----------------------------------------------------O                    (53 = 94.6%)
1  O                                                                         (0 = 0.0%) {94.6%}
2  ---O                                                                      (3 = 5.4%) {94.6%}
3  ... 

Histogram: Blink.ResourceRequest.CompletionDelay2 recorded 56 samples, mean = 21.3 (flags = 0x1)
0   ------O                                                                   (6 = 10.7%)
1   --O                                                                       (2 = 3.6%) {10.7%}
2   --O                                                                       (2 = 3.6%) {14.3%}
3   ---O                                                                      (3 = 5.4%) {17.9%}
4   -O                                                                        (1 = 1.8%) {23.2%}
5   -O                                                                        (1 = 1.8%) {25.0%}
6   ... 
8   ----O                                                                     (4 = 7.1%) {26.8%}
10  ---O                                                                      (3 = 5.4%) {33.9%}
12  ----O                                                                     (4 = 7.1%) {39.3%}
14  ----O                                                                     (4 = 7.1%) {46.4%}
17  --O                                                                       (2 = 3.6%) {53.6%}
20  ----O                                                                     (4 = 7.1%) {57.1%}
24  O                                                                         (0 = 0.0%) {64.3%}
29  --O                                                                       (2 = 3.6%) {64.3%}
34  ----O                                                                     (4 = 7.1%) {67.9%}
40  ------------O                                                             (12 = 21.4%) {75.0%}
48  -O                                                                        (1 = 1.8%) {96.4%}
57  O                                                                         (0 = 0.0%) {98.2%}
68  -O                                                                        (1 = 1.8%) {98.2%}
81  ... 

Histogram: Blink.ResourceRequest.RedirectDelay2 recorded 3 samples, mean = 59.7 (flags = 0x1)
0   ... 
20  -O                                                                        (1 = 33.3%) {0.0%}
24  ... 
48  -O                                                                        (1 = 33.3%) {33.3%}
57  ... 
96  -O                                                                        (1 = 33.3%) {66.7%}
114 ... 

Histogram: Blink.ResourceRequest.ResponseDelay2 recorded 56 samples, mean = 19.5 (flags = 0x1)
0   --O                                                                       (2 = 3.6%)
1   ---O                                                                      (3 = 5.4%) {3.6%}
2   -----O                                                                    (5 = 8.9%) {8.9%}
3   ---O                                                                      (3 = 5.4%) {17.9%}
4   -----O                                                                    (5 = 8.9%) {23.2%}
5   -O                                                                        (1 = 1.8%) {32.1%}
6   --O                                                                       (2 = 3.6%) {33.9%}
7   O                                                                         (0 = 0.0%) {37.5%}
8   --O                                                                       (2 = 3.6%) {37.5%}
10  --O                                                                       (2 = 3.6%) {41.1%}
12  O                                                                         (0 = 0.0%) {44.6%}
14  --O                                                                       (2 = 3.6%) {44.6%}
17  ---O                                                                      (3 = 5.4%) {48.2%}
20  -----------O                                                              (11 = 19.6%) {53.6%}
24  -O                                                                        (1 = 1.8%) {73.2%}
29  -O                                                                        (1 = 1.8%) {75.0%}
34  --O                                                                       (2 = 3.6%) {76.8%}
40  -----O                                                                    (5 = 8.9%) {80.4%}
48  ----O                                                                     (4 = 7.1%) {89.3%}
57  -O                                                                        (1 = 1.8%) {96.4%}
68  -O                                                                        (1 = 1.8%) {98.2%}
81  ... 

Histogram: Blink.ResourceRequest.StartDelay2 recorded 56 samples, mean = 109.2 (flags = 0x1)
0    ... 
4    -O                                                                        (1 = 1.8%) {0.0%}
5    ... 
7    -O                                                                        (1 = 1.8%) {1.8%}
8    ----O                                                                     (4 = 7.1%) {3.6%}
10   O                                                                         (0 = 0.0%) {10.7%}
12   --O                                                                       (2 = 3.6%) {10.7%}
14   --O                                                                       (2 = 3.6%) {14.3%}
17   -O                                                                        (1 = 1.8%) {17.9%}
20   O                                                                         (0 = 0.0%) {19.6%}
24   ---O                                                                      (3 = 5.4%) {19.6%}
29   ------O                                                                   (6 = 10.7%) {25.0%}
34   ... 
57   ----O                                                                     (4 = 7.1%) {35.7%}
68   -O                                                                        (1 = 1.8%) {42.9%}
81   ... 
114  -O                                                                        (1 = 1.8%) {44.6%}
135  O                                                                         (0 = 0.0%) {46.4%}
160  ------------------------O                                                 (24 = 42.9%) {46.4%}
190  ------O                                                                   (6 = 10.7%) {89.3%}
226  ... 

Histogram: Blink.ScanAndPreloadTime.MainFrame.Initial recorded 1 samples, mean = 4.0 (flags = 0x1)
0  ... 
4  -O                                                                        (1 = 100.0%) {0.0%}
5  ... 

Histogram: Blink.ScanAndPreloadTime.MainFrame.NonInitial recorded 1 samples, mean = 0.0 (flags = 0x1)
0  -O                                                                        (1 = 100.0%)
1  ... 

Histogram: Blink.ScanAndPreloadTime2.MainFrame.Initial recorded 1 samples, mean = 4311.0 (flags = 0x1)
0     ... 
3865  -O                                                                        (1 = 100.0%) {0.0%}
5362  ... 

Histogram: Blink.ScanAndPreloadTime2.MainFrame.NonInitial recorded 1 samples, mean = 27.0 (flags = 0x1)
0   ... 
21  -O                                                                        (1 = 100.0%) {0.0%}
29  ... 

Histogram: Blink.ScanAndPreloadTime2.Preload.MainFrame.Initial recorded 1 samples, mean = 3002.0 (flags = 0x1)
0     ... 
2786  -O                                                                        (1 = 100.0%) {0.0%}
3865  ... 

Histogram: Blink.ScanAndPreloadTime2.Preload.MainFrame.NonInitial recorded 1 samples, mean = 2.0 (flags = 0x1)
0  ... 
2  -O                                                                        (1 = 100.0%) {0.0%}
3  ... 

Histogram: Blink.ScanAndPreloadTime2.Scan.MainFrame.Initial recorded 1 samples, mean = 1272.0 (flags = 0x1)
0     ... 
1043  -O                                                                        (1 = 100.0%) {0.0%}
1447  ... 

Histogram: Blink.ScanAndPreloadTime2.Scan.MainFrame.NonInitial recorded 1 samples, mean = 2.0 (flags = 0x1)
0  ... 
2  -O                                                                        (1 = 100.0%) {0.0%}
3  ... 

Histogram: Blink.Script.AsyncScript.FromReadyToStartExecution.Time recorded 26 samples, mean = 25.0 (flags = 0x1)
0    --O                                                                       (2 = 7.7%)
1    -O                                                                        (1 = 3.8%) {7.7%}
2    --------O                                                                 (8 = 30.8%) {11.5%}
3    ... 
6    -O                                                                        (1 = 3.8%) {42.3%}
8    O                                                                         (0 = 0.0%) {46.2%}
10   -O                                                                        (1 = 3.8%) {46.2%}
13   ... 
20   ------O                                                                   (6 = 23.1%) {50.0%}
25   O                                                                         (0 = 0.0%) {73.1%}
32   -O                                                                        (1 = 3.8%) {73.1%}
41   ---O                                                                      (3 = 11.5%) {76.9%}
52   O                                                                         (0 = 0.0%) {88.5%}
66   -O                                                                        (1 = 3.8%) {88.5%}
84   O                                                                         (0 = 0.0%) {92.3%}
107  --O                                                                       (2 = 7.7%) {92.3%}
136  ... 

Histogram: Blink.Script.SchedulingType recorded 41 samples, mean = 5.3 (flags = 0x1)
0  ... 
3  -O                                                                        (1 = 2.4%) {0.0%}
4  O                                                                         (0 = 0.0%) {2.4%}
5  -------------------------O                                                (25 = 61.0%) {2.4%}
6  ---------------O                                                          (15 = 36.6%) {63.4%}
7  ... 

Histogram: Blink.ServiceDocumentUpdate.UpdateTime.AggregatedPreFCP recorded 1 samples, mean = 0.0 (flags = 0x1)
0  -O                                                                        (1 = 100.0%)
1  ... 

Histogram: Blink.Style.UpdateTime.AggregatedPreFCP recorded 1 samples, mean = 90877.0 (flags = 0x1)
0      ... 
73609  -O                                                                        (1 = 100.0%) {0.0%}
102126 ... 

Histogram: Blink.UpdateViewportIntersection.UpdateTime.AggregatedPreFCP recorded 1 samples, mean = 124.0 (flags = 0x1)
0    ... 
105  -O                                                                        (1 = 100.0%) {0.0%}
146  ... 

Histogram: Blink.UseCounter.AnimatedCSSProperties recorded 1 samples, mean = 1.0 (flags = 0x1)
0  O                                                                         (0 = 0.0%)
1  -O                                                                        (1 = 100.0%) {0.0%}
2  ... 

Histogram: Blink.UseCounter.CSSProperties recorded 96 samples, mean = 275.0 (flags = 0x1)
0    O                                                                         (0 = 0.0%)
1    -O                                                                        (1 = 1.0%) {0.0%}
2    -O                                                                        (1 = 1.0%) {1.0%}
3    -O                                                                        (1 = 1.0%) {2.1%}
4    -O                                                                        (1 = 1.0%) {3.1%}
5    -O                                                                        (1 = 1.0%) {4.2%}
6    -O                                                                        (1 = 1.0%) {5.2%}
7    -O                                                                        (1 = 1.0%) {6.2%}
8    -O                                                                        (1 = 1.0%) {7.3%}
9    O                                                                         (0 = 0.0%) {8.3%}
10   -O                                                                        (1 = 1.0%) {8.3%}
11   ... 
14   -O                                                                        (1 = 1.0%) {9.4%}
15   ... 
20   -O                                                                        (1 = 1.0%) {10.4%}
21   -O                                                                        (1 = 1.0%) {11.5%}
22   ... 
24   -O                                                                        (1 = 1.0%) {12.5%}
25   ... 
34   -O                                                                        (1 = 1.0%) {13.5%}
35   ... 
42   -O                                                                        (1 = 1.0%) {14.6%}
43   ... 
53   -O                                                                        (1 = 1.0%) {15.6%}
54   ... 
59   -O                                                                        (1 = 1.0%) {16.7%}
60   ... 
66   -O                                                                        (1 = 1.0%) {17.7%}
67   ... 
69   -O                                                                        (1 = 1.0%) {18.8%}
70   ... 
72   -O                                                                        (1 = 1.0%) {19.8%}
73   O                                                                         (0 = 0.0%) {20.8%}
74   -O                                                                        (1 = 1.0%) {20.8%}
75   ... 
77   -O                                                                        (1 = 1.0%) {21.9%}
78   ... 
81   -O                                                                        (1 = 1.0%) {22.9%}
82   ... 
84   -O                                                                        (1 = 1.0%) {24.0%}
85   ... 
89   -O                                                                        (1 = 1.0%) {25.0%}
90   ... 
95   -O                                                                        (1 = 1.0%) {26.0%}
96   -O                                                                        (1 = 1.0%) {27.1%}
97   -O                                                                        (1 = 1.0%) {28.1%}
98   -O                                                                        (1 = 1.0%) {29.2%}
99   O                                                                         (0 = 0.0%) {30.2%}
100  -O                                                                        (1 = 1.0%) {30.2%}
101  ... 
105  -O                                                                        (1 = 1.0%) {31.2%}
106  -O                                                                        (1 = 1.0%) {32.3%}
107  -O                                                                        (1 = 1.0%) {33.3%}
108  O                                                                         (0 = 0.0%) {34.4%}
109  -O                                                                        (1 = 1.0%) {34.4%}
110  ... 
118  -O                                                                        (1 = 1.0%) {35.4%}
119  -O                                                                        (1 = 1.0%) {36.5%}
120  ... 
124  -O                                                                        (1 = 1.0%) {37.5%}
125  ... 
127  -O                                                                        (1 = 1.0%) {38.5%}
128  -O                                                                        (1 = 1.0%) {39.6%}
129  -O                                                                        (1 = 1.0%) {40.6%}
130  ... 
143  -O                                                                        (1 = 1.0%) {41.7%}
144  ... 
150  -O                                                                        (1 = 1.0%) {42.7%}
151  O                                                                         (0 = 0.0%) {43.8%}
152  -O                                                                        (1 = 1.0%) {43.8%}
153  -O                                                                        (1 = 1.0%) {44.8%}
154  -O                                                                        (1 = 1.0%) {45.8%}
155  O                                                                         (0 = 0.0%) {46.9%}
156  -O                                                                        (1 = 1.0%) {46.9%}
157  -O                                                                        (1 = 1.0%) {47.9%}
158  O                                                                         (0 = 0.0%) {49.0%}
159  -O                                                                        (1 = 1.0%) {49.0%}
160  O                                                                         (0 = 0.0%) {50.0%}
161  -O                                                                        (1 = 1.0%) {50.0%}
162  ... 
164  -O                                                                        (1 = 1.0%) {51.0%}
165  -O                                                                        (1 = 1.0%) {52.1%}
166  ... 
175  -O                                                                        (1 = 1.0%) {53.1%}
176  ... 
231  -O                                                                        (1 = 1.0%) {54.2%}
232  -O                                                                        (1 = 1.0%) {55.2%}
233  O                                                                         (0 = 0.0%) {56.2%}
234  -O                                                                        (1 = 1.0%) {56.2%}
235  -O                                                                        (1 = 1.0%) {57.3%}
236  O                                                                         (0 = 0.0%) {58.3%}
237  -O                                                                        (1 = 1.0%) {58.3%}
238  -O                                                                        (1 = 1.0%) {59.4%}
239  -O                                                                        (1 = 1.0%) {60.4%}
240  -O                                                                        (1 = 1.0%) {61.5%}
241  O                                                                         (0 = 0.0%) {62.5%}
242  -O                                                                        (1 = 1.0%) {62.5%}
243  ... 
303  -O                                                                        (1 = 1.0%) {63.5%}
304  ... 
369  -O                                                                        (1 = 1.0%) {64.6%}
370  -O                                                                        (1 = 1.0%) {65.6%}
371  ... 
415  -O                                                                        (1 = 1.0%) {66.7%}
416  ... 
432  -O                                                                        (1 = 1.0%) {67.7%}
433  -O                                                                        (1 = 1.0%) {68.8%}
434  ... 
437  -O                                                                        (1 = 1.0%) {69.8%}
438  ... 
446  -O                                                                        (1 = 1.0%) {70.8%}
447  ... 
508  -O                                                                        (1 = 1.0%) {71.9%}
509  ... 
514  -O                                                                        (1 = 1.0%) {72.9%}
515  -O                                                                        (1 = 1.0%) {74.0%}
516  -O                                                                        (1 = 1.0%) {75.0%}
517  ... 
537  -O                                                                        (1 = 1.0%) {76.0%}
538  ... 
549  -O                                                                        (1 = 1.0%) {77.1%}
550  ... 
563  -O                                                                        (1 = 1.0%) {78.1%}
564  ... 
591  -O                                                                        (1 = 1.0%) {79.2%}
592  -O                                                                        (1 = 1.0%) {80.2%}
593  O                                                                         (0 = 0.0%) {81.2%}
594  -O                                                                        (1 = 1.0%) {81.2%}
595  -O                                                                        (1 = 1.0%) {82.3%}
596  ... 
598  -O                                                                        (1 = 1.0%) {83.3%}
599  -O                                                                        (1 = 1.0%) {84.4%}
600  ... 
618  -O                                                                        (1 = 1.0%) {85.4%}
619  -O                                                                        (1 = 1.0%) {86.5%}
620  -O                                                                        (1 = 1.0%) {87.5%}
621  -O                                                                        (1 = 1.0%) {88.5%}
622  ... 
636  -O                                                                        (1 = 1.0%) {89.6%}
637  ... 
657  -O                                                                        (1 = 1.0%) {90.6%}
658  -O                                                                        (1 = 1.0%) {91.7%}
659  ... 
662  -O                                                                        (1 = 1.0%) {92.7%}
663  ... 
672  -O                                                                        (1 = 1.0%) {93.8%}
673  -O                                                                        (1 = 1.0%) {94.8%}
674  O                                                                         (0 = 0.0%) {95.8%}
675  -O                                                                        (1 = 1.0%) {95.8%}
676  ... 
696  -O                                                                        (1 = 1.0%) {96.9%}
697  ... 
746  -O                                                                        (1 = 1.0%) {97.9%}
747  ... 
770  -O                                                                        (1 = 1.0%) {99.0%}
771  ... 

Histogram: Blink.UseCounter.Features recorded 177 samples, mean = 2291.5 (flags = 0x1)
0     ... 
13    -O                                                                        (1 = 0.6%) {0.0%}
14    ... 
16    -O                                                                        (1 = 0.6%) {0.6%}
17    ... 
52    -O                                                                        (1 = 0.6%) {1.1%}
53    ... 
69    -O                                                                        (1 = 0.6%) {1.7%}
70    ... 
123   -O                                                                        (1 = 0.6%) {2.3%}
124   -O                                                                        (1 = 0.6%) {2.8%}
125   -O                                                                        (1 = 0.6%) {3.4%}
126   ... 
138   -O                                                                        (1 = 0.6%) {4.0%}
139   ... 
240   -O                                                                        (1 = 0.6%) {4.5%}
241   ... 
250   -O                                                                        (1 = 0.6%) {5.1%}
251   ... 
429   -O                                                                        (1 = 0.6%) {5.6%}
430   -O                                                                        (1 = 0.6%) {6.2%}
431   -O                                                                        (1 = 0.6%) {6.8%}
432   -O                                                                        (1 = 0.6%) {7.3%}
433   ... 
469   -O                                                                        (1 = 0.6%) {7.9%}
470   ... 
494   -O                                                                        (1 = 0.6%) {8.5%}
495   ... 
523   -O                                                                        (1 = 0.6%) {9.0%}
524   ... 
540   -O                                                                        (1 = 0.6%) {9.6%}
541   ... 
587   -O                                                                        (1 = 0.6%) {10.2%}
588   -O                                                                        (1 = 0.6%) {10.7%}
589   ... 
675   -O                                                                        (1 = 0.6%) {11.3%}
676   ... 
710   -O                                                                        (1 = 0.6%) {11.9%}
711   -O                                                                        (1 = 0.6%) {12.4%}
712   -O                                                                        (1 = 0.6%) {13.0%}
713   ... 
717   -O                                                                        (1 = 0.6%) {13.6%}
718   ... 
730   -O                                                                        (1 = 0.6%) {14.1%}
731   ... 
744   -O                                                                        (1 = 0.6%) {14.7%}
745   ... 
780   -O                                                                        (1 = 0.6%) {15.3%}
781   -O                                                                        (1 = 0.6%) {15.8%}
782   ... 
786   -O                                                                        (1 = 0.6%) {16.4%}
787   -O                                                                        (1 = 0.6%) {16.9%}
788   ... 
804   -O                                                                        (1 = 0.6%) {17.5%}
805   ... 
900   -O                                                                        (1 = 0.6%) {18.1%}
901   -O                                                                        (1 = 0.6%) {18.6%}
902   ... 
907   -O                                                                        (1 = 0.6%) {19.2%}
908   ... 
954   -O                                                                        (1 = 0.6%) {19.8%}
955   ... 
970   -O                                                                        (1 = 0.6%) {20.3%}
971   O                                                                         (0 = 0.0%) {20.9%}
972   -O                                                                        (1 = 0.6%) {20.9%}
973   -O                                                                        (1 = 0.6%) {21.5%}
974   ... 
976   -O                                                                        (1 = 0.6%) {22.0%}
977   ... 
1023  -O                                                                        (1 = 0.6%) {22.6%}
1024  ... 
1069  -O                                                                        (1 = 0.6%) {23.2%}
1070  -O                                                                        (1 = 0.6%) {23.7%}
1071  ... 
1075  -O                                                                        (1 = 0.6%) {24.3%}
1076  -O                                                                        (1 = 0.6%) {24.9%}
1077  ... 
1124  -O                                                                        (1 = 0.6%) {25.4%}
1125  ... 
1302  -O                                                                        (1 = 0.6%) {26.0%}
1303  ... 
1307  -O                                                                        (1 = 0.6%) {26.6%}
1308  ... 
1347  -O                                                                        (1 = 0.6%) {27.1%}
1348  ... 
1351  -O                                                                        (1 = 0.6%) {27.7%}
1352  ... 
1354  -O                                                                        (1 = 0.6%) {28.2%}
1355  ... 
1368  -O                                                                        (1 = 0.6%) {28.8%}
1369  ... 
1417  -O                                                                        (1 = 0.6%) {29.4%}
1418  ... 
1441  -O                                                                        (1 = 0.6%) {29.9%}
1442  ... 
1467  -O                                                                        (1 = 0.6%) {30.5%}
1468  ... 
1502  -O                                                                        (1 = 0.6%) {31.1%}
1503  ... 
1692  -O                                                                        (1 = 0.6%) {31.6%}
1693  -O                                                                        (1 = 0.6%) {32.2%}
1694  ... 
1827  -O                                                                        (1 = 0.6%) {32.8%}
1828  ... 
2013  -O                                                                        (1 = 0.6%) {33.3%}
2014  ... 
2077  -O                                                                        (1 = 0.6%) {33.9%}
2078  ... 
2094  -O                                                                        (1 = 0.6%) {34.5%}
2095  O                                                                         (0 = 0.0%) {35.0%}
2096  -O                                                                        (1 = 0.6%) {35.0%}
2097  ... 
2100  -O                                                                        (1 = 0.6%) {35.6%}
2101  ... 
2112  -O                                                                        (1 = 0.6%) {36.2%}
2113  ... 
2121  -O                                                                        (1 = 0.6%) {36.7%}
2122  ... 
2157  -O                                                                        (1 = 0.6%) {37.3%}
2158  ... 
2188  -O                                                                        (1 = 0.6%) {37.9%}
2189  O                                                                         (0 = 0.0%) {38.4%}
2190  -O                                                                        (1 = 0.6%) {38.4%}
2191  -O                                                                        (1 = 0.6%) {39.0%}
2192  ... 
2203  -O                                                                        (1 = 0.6%) {39.5%}
2204  -O                                                                        (1 = 0.6%) {40.1%}
2205  ... 
2217  -O                                                                        (1 = 0.6%) {40.7%}
2218  ... 
2226  -O                                                                        (1 = 0.6%) {41.2%}
2227  O                                                                         (0 = 0.0%) {41.8%}
2228  -O                                                                        (1 = 0.6%) {41.8%}
2229  -O                                                                        (1 = 0.6%) {42.4%}
2230  ... 
2236  -O                                                                        (1 = 0.6%) {42.9%}
2237  ... 
2298  -O                                                                        (1 = 0.6%) {43.5%}
2299  ... 
2314  -O                                                                        (1 = 0.6%) {44.1%}
2315  ... 
2319  -O                                                                        (1 = 0.6%) {44.6%}
2320  ... 
2322  -O                                                                        (1 = 0.6%) {45.2%}
2323  ... 
2347  -O                                                                        (1 = 0.6%) {45.8%}
2348  -O                                                                        (1 = 0.6%) {46.3%}
2349  ... 
2355  -O                                                                        (1 = 0.6%) {46.9%}
2356  ... 
2361  -O                                                                        (1 = 0.6%) {47.5%}
2362  ... 
2387  -O                                                                        (1 = 0.6%) {48.0%}
2388  -O                                                                        (1 = 0.6%) {48.6%}
2389  ... 
2399  -O                                                                        (1 = 0.6%) {49.2%}
2400  ... 
2413  -O                                                                        (1 = 0.6%) {49.7%}
2414  ... 
2429  -O                                                                        (1 = 0.6%) {50.3%}
2430  O                                                                         (0 = 0.0%) {50.8%}
2431  -O                                                                        (1 = 0.6%) {50.8%}
2432  ... 
2487  -O                                                                        (1 = 0.6%) {51.4%}
2488  ... 
2518  -O                                                                        (1 = 0.6%) {52.0%}
2519  ... 
2598  -O                                                                        (1 = 0.6%) {52.5%}
2599  ... 
2618  -O                                                                        (1 = 0.6%) {53.1%}
2619  ... 
2654  -O                                                                        (1 = 0.6%) {53.7%}
2655  -O                                                                        (1 = 0.6%) {54.2%}
2656  -O                                                                        (1 = 0.6%) {54.8%}
2657  -O                                                                        (1 = 0.6%) {55.4%}
2658  -O                                                                        (1 = 0.6%) {55.9%}
2659  -O                                                                        (1 = 0.6%) {56.5%}
2660  -O                                                                        (1 = 0.6%) {57.1%}
2661  -O                                                                        (1 = 0.6%) {57.6%}
2662  -O                                                                        (1 = 0.6%) {58.2%}
2663  -O                                                                        (1 = 0.6%) {58.8%}
2664  ... 
2699  -O                                                                        (1 = 0.6%) {59.3%}
2700  -O                                                                        (1 = 0.6%) {59.9%}
2701  -O                                                                        (1 = 0.6%) {60.5%}
2702  -O                                                                        (1 = 0.6%) {61.0%}
2703  -O                                                                        (1 = 0.6%) {61.6%}
2704  -O                                                                        (1 = 0.6%) {62.1%}
2705  -O                                                                        (1 = 0.6%) {62.7%}
2706  -O                                                                        (1 = 0.6%) {63.3%}
2707  -O                                                                        (1 = 0.6%) {63.8%}
2708  ... 
2710  -O                                                                        (1 = 0.6%) {64.4%}
2711  -O                                                                        (1 = 0.6%) {65.0%}
2712  ... 
2716  -O                                                                        (1 = 0.6%) {65.5%}
2717  ... 
2723  -O                                                                        (1 = 0.6%) {66.1%}
2724  ... 
2738  -O                                                                        (1 = 0.6%) {66.7%}
2739  ... 
2769  -O                                                                        (1 = 0.6%) {67.2%}
2770  ... 
2782  -O                                                                        (1 = 0.6%) {67.8%}
2783  ... 
2789  -O                                                                        (1 = 0.6%) {68.4%}
2790  -O                                                                        (1 = 0.6%) {68.9%}
2791  -O                                                                        (1 = 0.6%) {69.5%}
2792  -O                                                                        (1 = 0.6%) {70.1%}
2793  ... 
2841  -O                                                                        (1 = 0.6%) {70.6%}
2842  ... 
2903  -O                                                                        (1 = 0.6%) {71.2%}
2904  -O                                                                        (1 = 0.6%) {71.8%}
2905  ... 
2927  -O                                                                        (1 = 0.6%) {72.3%}
2928  ... 
2935  -O                                                                        (1 = 0.6%) {72.9%}
2936  ... 
3004  -O                                                                        (1 = 0.6%) {73.4%}
3005  ... 
3019  -O                                                                        (1 = 0.6%) {74.0%}
3020  -O                                                                        (1 = 0.6%) {74.6%}
3021  ... 
3028  -O                                                                        (1 = 0.6%) {75.1%}
3029  ... 
3066  -O                                                                        (1 = 0.6%) {75.7%}
3067  ... 
3116  -O                                                                        (1 = 0.6%) {76.3%}
3117  ... 
3157  -O                                                                        (1 = 0.6%) {76.8%}
3158  ... 
3189  -O                                                                        (1 = 0.6%) {77.4%}
3190  ... 
3198  -O                                                                        (1 = 0.6%) {78.0%}
3199  ... 
3254  -O                                                                        (1 = 0.6%) {78.5%}
3255  ... 
3273  -O                                                                        (1 = 0.6%) {79.1%}
3274  O                                                                         (0 = 0.0%) {79.7%}
3275  -O                                                                        (1 = 0.6%) {79.7%}
3276  ... 
3279  -O                                                                        (1 = 0.6%) {80.2%}
3280  ... 
3307  -O                                                                        (1 = 0.6%) {80.8%}
3308  -O                                                                        (1 = 0.6%) {81.4%}
3309  ... 
3349  -O                                                                        (1 = 0.6%) {81.9%}
3350  ... 
3359  -O                                                                        (1 = 0.6%) {82.5%}
3360  ... 
3444  -O                                                                        (1 = 0.6%) {83.1%}
3445  ... 
3580  -O                                                                        (1 = 0.6%) {83.6%}
3581  -O                                                                        (1 = 0.6%) {84.2%}
3582  ... 
3789  -O                                                                        (1 = 0.6%) {84.7%}
3790  -O                                                                        (1 = 0.6%) {85.3%}
3791  ... 
3797  -O                                                                        (1 = 0.6%) {85.9%}
3798  ... 
3803  -O                                                                        (1 = 0.6%) {86.4%}
3804  ... 
3870  -O                                                                        (1 = 0.6%) {87.0%}
3871  ... 
3945  -O                                                                        (1 = 0.6%) {87.6%}
3946  ... 
3973  -O                                                                        (1 = 0.6%) {88.1%}
3974  ... 
4007  -O                                                                        (1 = 0.6%) {88.7%}
4008  ... 
4079  -O                                                                        (1 = 0.6%) {89.3%}
4080  ... 
4113  -O                                                                        (1 = 0.6%) {89.8%}
4114  ... 
4161  -O                                                                        (1 = 0.6%) {90.4%}
4162  ... 
4177  -O                                                                        (1 = 0.6%) {91.0%}
4178  ... 
4194  -O                                                                        (1 = 0.6%) {91.5%}
4195  O                                                                         (0 = 0.0%) {92.1%}
4196  -O                                                                        (1 = 0.6%) {92.1%}
4197  ... 
4240  -O                                                                        (1 = 0.6%) {92.7%}
4241  O                                                                         (0 = 0.0%) {93.2%}
4242  -O                                                                        (1 = 0.6%) {93.2%}
4243  ... 
4307  -O                                                                        (1 = 0.6%) {93.8%}
4308  ... 
4317  -O                                                                        (1 = 0.6%) {94.4%}
4318  ... 
4372  -O                                                                        (1 = 0.6%) {94.9%}
4373  ... 
4379  -O                                                                        (1 = 0.6%) {95.5%}
4380  ... 
4419  -O                                                                        (1 = 0.6%) {96.0%}
4420  ... 
4561  -O                                                                        (1 = 0.6%) {96.6%}
4562  ... 
4673  -O                                                                        (1 = 0.6%) {97.2%}
4674  ... 
4743  -O                                                                        (1 = 0.6%) {97.7%}
4744  ... 
4756  -O                                                                        (1 = 0.6%) {98.3%}
4757  ... 
4877  -O                                                                        (1 = 0.6%) {98.9%}
4878  ... 
4994  -O                                                                        (1 = 0.6%) {99.4%}
4995  ... 

Histogram: Blink.UseCounter.MainFrame.Features recorded 177 samples, mean = 2291.5 (flags = 0x1)
0     ... 
13    -O                                                                        (1 = 0.6%) {0.0%}
14    ... 
16    -O                                                                        (1 = 0.6%) {0.6%}
17    ... 
52    -O                                                                        (1 = 0.6%) {1.1%}
53    ... 
69    -O                                                                        (1 = 0.6%) {1.7%}
70    ... 
123   -O                                                                        (1 = 0.6%) {2.3%}
124   -O                                                                        (1 = 0.6%) {2.8%}
125   -O                                                                        (1 = 0.6%) {3.4%}
126   ... 
138   -O                                                                        (1 = 0.6%) {4.0%}
139   ... 
240   -O                                                                        (1 = 0.6%) {4.5%}
241   ... 
250   -O                                                                        (1 = 0.6%) {5.1%}
251   ... 
429   -O                                                                        (1 = 0.6%) {5.6%}
430   -O                                                                        (1 = 0.6%) {6.2%}
431   -O                                                                        (1 = 0.6%) {6.8%}
432   -O                                                                        (1 = 0.6%) {7.3%}
433   ... 
469   -O                                                                        (1 = 0.6%) {7.9%}
470   ... 
494   -O                                                                        (1 = 0.6%) {8.5%}
495   ... 
523   -O                                                                        (1 = 0.6%) {9.0%}
524   ... 
540   -O                                                                        (1 = 0.6%) {9.6%}
541   ... 
587   -O                                                                        (1 = 0.6%) {10.2%}
588   -O                                                                        (1 = 0.6%) {10.7%}
589   ... 
675   -O                                                                        (1 = 0.6%) {11.3%}
676   ... 
710   -O                                                                        (1 = 0.6%) {11.9%}
711   -O                                                                        (1 = 0.6%) {12.4%}
712   -O                                                                        (1 = 0.6%) {13.0%}
713   ... 
717   -O                                                                        (1 = 0.6%) {13.6%}
718   ... 
730   -O                                                                        (1 = 0.6%) {14.1%}
731   ... 
744   -O                                                                        (1 = 0.6%) {14.7%}
745   ... 
780   -O                                                                        (1 = 0.6%) {15.3%}
781   -O                                                                        (1 = 0.6%) {15.8%}
782   ... 
786   -O                                                                        (1 = 0.6%) {16.4%}
787   -O                                                                        (1 = 0.6%) {16.9%}
788   ... 
804   -O                                                                        (1 = 0.6%) {17.5%}
805   ... 
900   -O                                                                        (1 = 0.6%) {18.1%}
901   -O                                                                        (1 = 0.6%) {18.6%}
902   ... 
907   -O                                                                        (1 = 0.6%) {19.2%}
908   ... 
954   -O                                                                        (1 = 0.6%) {19.8%}
955   ... 
970   -O                                                                        (1 = 0.6%) {20.3%}
971   O                                                                         (0 = 0.0%) {20.9%}
972   -O                                                                        (1 = 0.6%) {20.9%}
973   -O                                                                        (1 = 0.6%) {21.5%}
974   ... 
976   -O                                                                        (1 = 0.6%) {22.0%}
977   ... 
1023  -O                                                                        (1 = 0.6%) {22.6%}
1024  ... 
1069  -O                                                                        (1 = 0.6%) {23.2%}
1070  -O                                                                        (1 = 0.6%) {23.7%}
1071  ... 
1075  -O                                                                        (1 = 0.6%) {24.3%}
1076  -O                                                                        (1 = 0.6%) {24.9%}
1077  ... 
1124  -O                                                                        (1 = 0.6%) {25.4%}
1125  ... 
1302  -O                                                                        (1 = 0.6%) {26.0%}
1303  ... 
1307  -O                                                                        (1 = 0.6%) {26.6%}
1308  ... 
1347  -O                                                                        (1 = 0.6%) {27.1%}
1348  ... 
1351  -O                                                                        (1 = 0.6%) {27.7%}
1352  ... 
1354  -O                                                                        (1 = 0.6%) {28.2%}
1355  ... 
1368  -O                                                                        (1 = 0.6%) {28.8%}
1369  ... 
1417  -O                                                                        (1 = 0.6%) {29.4%}
1418  ... 
1441  -O                                                                        (1 = 0.6%) {29.9%}
1442  ... 
1467  -O                                                                        (1 = 0.6%) {30.5%}
1468  ... 
1502  -O                                                                        (1 = 0.6%) {31.1%}
1503  ... 
1692  -O                                                                        (1 = 0.6%) {31.6%}
1693  -O                                                                        (1 = 0.6%) {32.2%}
1694  ... 
1827  -O                                                                        (1 = 0.6%) {32.8%}
1828  ... 
2013  -O                                                                        (1 = 0.6%) {33.3%}
2014  ... 
2077  -O                                                                        (1 = 0.6%) {33.9%}
2078  ... 
2094  -O                                                                        (1 = 0.6%) {34.5%}
2095  O                                                                         (0 = 0.0%) {35.0%}
2096  -O                                                                        (1 = 0.6%) {35.0%}
2097  ... 
2100  -O                                                                        (1 = 0.6%) {35.6%}
2101  ... 
2112  -O                                                                        (1 = 0.6%) {36.2%}
2113  ... 
2121  -O                                                                        (1 = 0.6%) {36.7%}
2122  ... 
2157  -O                                                                        (1 = 0.6%) {37.3%}
2158  ... 
2188  -O                                                                        (1 = 0.6%) {37.9%}
2189  O                                                                         (0 = 0.0%) {38.4%}
2190  -O                                                                        (1 = 0.6%) {38.4%}
2191  -O                                                                        (1 = 0.6%) {39.0%}
2192  ... 
2203  -O                                                                        (1 = 0.6%) {39.5%}
2204  -O                                                                        (1 = 0.6%) {40.1%}
2205  ... 
2217  -O                                                                        (1 = 0.6%) {40.7%}
2218  ... 
2226  -O                                                                        (1 = 0.6%) {41.2%}
2227  O                                                                         (0 = 0.0%) {41.8%}
2228  -O                                                                        (1 = 0.6%) {41.8%}
2229  -O                                                                        (1 = 0.6%) {42.4%}
2230  ... 
2236  -O                                                                        (1 = 0.6%) {42.9%}
2237  ... 
2298  -O                                                                        (1 = 0.6%) {43.5%}
2299  ... 
2314  -O                                                                        (1 = 0.6%) {44.1%}
2315  ... 
2319  -O                                                                        (1 = 0.6%) {44.6%}
2320  ... 
2322  -O                                                                        (1 = 0.6%) {45.2%}
2323  ... 
2347  -O                                                                        (1 = 0.6%) {45.8%}
2348  -O                                                                        (1 = 0.6%) {46.3%}
2349  ... 
2355  -O                                                                        (1 = 0.6%) {46.9%}
2356  ... 
2361  -O                                                                        (1 = 0.6%) {47.5%}
2362  ... 
2387  -O                                                                        (1 = 0.6%) {48.0%}
2388  -O                                                                        (1 = 0.6%) {48.6%}
2389  ... 
2399  -O                                                                        (1 = 0.6%) {49.2%}
2400  ... 
2413  -O                                                                        (1 = 0.6%) {49.7%}
2414  ... 
2429  -O                                                                        (1 = 0.6%) {50.3%}
2430  O                                                                         (0 = 0.0%) {50.8%}
2431  -O                                                                        (1 = 0.6%) {50.8%}
2432  ... 
2487  -O                                                                        (1 = 0.6%) {51.4%}
2488  ... 
2518  -O                                                                        (1 = 0.6%) {52.0%}
2519  ... 
2598  -O                                                                        (1 = 0.6%) {52.5%}
2599  ... 
2618  -O                                                                        (1 = 0.6%) {53.1%}
2619  ... 
2654  -O                                                                        (1 = 0.6%) {53.7%}
2655  -O                                                                        (1 = 0.6%) {54.2%}
2656  -O                                                                        (1 = 0.6%) {54.8%}
2657  -O                                                                        (1 = 0.6%) {55.4%}
2658  -O                                                                        (1 = 0.6%) {55.9%}
2659  -O                                                                        (1 = 0.6%) {56.5%}
2660  -O                                                                        (1 = 0.6%) {57.1%}
2661  -O                                                                        (1 = 0.6%) {57.6%}
2662  -O                                                                        (1 = 0.6%) {58.2%}
2663  -O                                                                        (1 = 0.6%) {58.8%}
2664  ... 
2699  -O                                                                        (1 = 0.6%) {59.3%}
2700  -O                                                                        (1 = 0.6%) {59.9%}
2701  -O                                                                        (1 = 0.6%) {60.5%}
2702  -O                                                                        (1 = 0.6%) {61.0%}
2703  -O                                                                        (1 = 0.6%) {61.6%}
2704  -O                                                                        (1 = 0.6%) {62.1%}
2705  -O                                                                        (1 = 0.6%) {62.7%}
2706  -O                                                                        (1 = 0.6%) {63.3%}
2707  -O                                                                        (1 = 0.6%) {63.8%}
2708  ... 
2710  -O                                                                        (1 = 0.6%) {64.4%}
2711  -O                                                                        (1 = 0.6%) {65.0%}
2712  ... 
2716  -O                                                                        (1 = 0.6%) {65.5%}
2717  ... 
2723  -O                                                                        (1 = 0.6%) {66.1%}
2724  ... 
2738  -O                                                                        (1 = 0.6%) {66.7%}
2739  ... 
2769  -O                                                                        (1 = 0.6%) {67.2%}
2770  ... 
2782  -O                                                                        (1 = 0.6%) {67.8%}
2783  ... 
2789  -O                                                                        (1 = 0.6%) {68.4%}
2790  -O                                                                        (1 = 0.6%) {68.9%}
2791  -O                                                                        (1 = 0.6%) {69.5%}
2792  -O                                                                        (1 = 0.6%) {70.1%}
2793  ... 
2841  -O                                                                        (1 = 0.6%) {70.6%}
2842  ... 
2903  -O                                                                        (1 = 0.6%) {71.2%}
2904  -O                                                                        (1 = 0.6%) {71.8%}
2905  ... 
2927  -O                                                                        (1 = 0.6%) {72.3%}
2928  ... 
2935  -O                                                                        (1 = 0.6%) {72.9%}
2936  ... 
3004  -O                                                                        (1 = 0.6%) {73.4%}
3005  ... 
3019  -O                                                                        (1 = 0.6%) {74.0%}
3020  -O                                                                        (1 = 0.6%) {74.6%}
3021  ... 
3028  -O                                                                        (1 = 0.6%) {75.1%}
3029  ... 
3066  -O                                                                        (1 = 0.6%) {75.7%}
3067  ... 
3116  -O                                                                        (1 = 0.6%) {76.3%}
3117  ... 
3157  -O                                                                        (1 = 0.6%) {76.8%}
3158  ... 
3189  -O                                                                        (1 = 0.6%) {77.4%}
3190  ... 
3198  -O                                                                        (1 = 0.6%) {78.0%}
3199  ... 
3254  -O                                                                        (1 = 0.6%) {78.5%}
3255  ... 
3273  -O                                                                        (1 = 0.6%) {79.1%}
3274  O                                                                         (0 = 0.0%) {79.7%}
3275  -O                                                                        (1 = 0.6%) {79.7%}
3276  ... 
3279  -O                                                                        (1 = 0.6%) {80.2%}
3280  ... 
3307  -O                                                                        (1 = 0.6%) {80.8%}
3308  -O                                                                        (1 = 0.6%) {81.4%}
3309  ... 
3349  -O                                                                        (1 = 0.6%) {81.9%}
3350  ... 
3359  -O                                                                        (1 = 0.6%) {82.5%}
3360  ... 
3444  -O                                                                        (1 = 0.6%) {83.1%}
3445  ... 
3580  -O                                                                        (1 = 0.6%) {83.6%}
3581  -O                                                                        (1 = 0.6%) {84.2%}
3582  ... 
3789  -O                                                                        (1 = 0.6%) {84.7%}
3790  -O                                                                        (1 = 0.6%) {85.3%}
3791  ... 
3797  -O                                                                        (1 = 0.6%) {85.9%}
3798  ... 
3803  -O                                                                        (1 = 0.6%) {86.4%}
3804  ... 
3870  -O                                                                        (1 = 0.6%) {87.0%}
3871  ... 
3945  -O                                                                        (1 = 0.6%) {87.6%}
3946  ... 
3973  -O                                                                        (1 = 0.6%) {88.1%}
3974  ... 
4007  -O                                                                        (1 = 0.6%) {88.7%}
4008  ... 
4079  -O                                                                        (1 = 0.6%) {89.3%}
4080  ... 
4113  -O                                                                        (1 = 0.6%) {89.8%}
4114  ... 
4161  -O                                                                        (1 = 0.6%) {90.4%}
4162  ... 
4177  -O                                                                        (1 = 0.6%) {91.0%}
4178  ... 
4194  -O                                                                        (1 = 0.6%) {91.5%}
4195  O                                                                         (0 = 0.0%) {92.1%}
4196  -O                                                                        (1 = 0.6%) {92.1%}
4197  ... 
4240  -O                                                                        (1 = 0.6%) {92.7%}
4241  O                                                                         (0 = 0.0%) {93.2%}
4242  -O                                                                        (1 = 0.6%) {93.2%}
4243  ... 
4307  -O                                                                        (1 = 0.6%) {93.8%}
4308  ... 
4317  -O                                                                        (1 = 0.6%) {94.4%}
4318  ... 
4372  -O                                                                        (1 = 0.6%) {94.9%}
4373  ... 
4379  -O                                                                        (1 = 0.6%) {95.5%}
4380  ... 
4419  -O                                                                        (1 = 0.6%) {96.0%}
4420  ... 
4561  -O                                                                        (1 = 0.6%) {96.6%}
4562  ... 
4673  -O                                                                        (1 = 0.6%) {97.2%}
4674  ... 
4743  -O                                                                        (1 = 0.6%) {97.7%}
4744  ... 
4756  -O                                                                        (1 = 0.6%) {98.3%}
4757  ... 
4877  -O                                                                        (1 = 0.6%) {98.9%}
4878  ... 
4994  -O                                                                        (1 = 0.6%) {99.4%}
4995  ... 

Histogram: Blink.UseCounter.PermissionsPolicy.Allow2 recorded 0 samples (flags = 0x1)
0 ... 

Histogram: Blink.UseCounter.PermissionsPolicy.Header2 recorded 0 samples (flags = 0x1)
0 ... 

Histogram: Blink.UseCounter.PermissionsPolicy.Violation.Enforce recorded 0 samples (flags = 0x1)
0 ... 

Histogram: Blink.UseCounter.WebDXFeatures recorded 16 samples, mean = 40.2 (flags = 0x1)
0   ... 
5   -O                                                                        (1 = 6.2%) {0.0%}
6   ... 
8   -O                                                                        (1 = 6.2%) {6.2%}
9   -O                                                                        (1 = 6.2%) {12.5%}
10  O                                                                         (0 = 0.0%) {18.8%}
11  -O                                                                        (1 = 6.2%) {18.8%}
12  ... 
27  -O                                                                        (1 = 6.2%) {25.0%}
28  -O                                                                        (1 = 6.2%) {31.2%}
29  -O                                                                        (1 = 6.2%) {37.5%}
30  ... 
38  -O                                                                        (1 = 6.2%) {43.8%}
39  -O                                                                        (1 = 6.2%) {50.0%}
40  ... 
45  -O                                                                        (1 = 6.2%) {56.2%}
46  -O                                                                        (1 = 6.2%) {62.5%}
47  ... 
58  -O                                                                        (1 = 6.2%) {68.8%}
59  ... 
68  -O                                                                        (1 = 6.2%) {75.0%}
69  ... 
71  -O                                                                        (1 = 6.2%) {81.2%}
72  ... 
79  -O                                                                        (1 = 6.2%) {87.5%}
80  ... 
83  -O                                                                        (1 = 6.2%) {93.8%}
84  ... 

Histogram: Blink.UserDrivenDocumentUpdate.UpdateTime.AggregatedPreFCP recorded 1 samples, mean = 0.0 (flags = 0x1)
0  -O                                                                        (1 = 100.0%)
1  ... 

Histogram: Blink.UserDrivenDocumentUpdate.UpdateTime.PreFCP recorded 1 samples, mean = 66.0 (flags = 0x1)
0   ... 
55  -O                                                                        (1 = 100.0%) {0.0%}
76  ... 

Histogram: Blink.VisualUpdateDelay.UpdateTime.AggregatedPreFCP recorded 1 samples, mean = 459018.0 (flags = 0x1)
0       ... 
378403  -O                                                                        (1 = 100.0%) {0.0%}
525000  ... 

Histogram: Blink.WaitForCommit.UpdateTime.AggregatedPreFCP recorded 1 samples, mean = 0.0 (flags = 0x1)
0  -O                                                                        (1 = 100.0%)
1  ... 

Histogram: Bookmarks.BookmarkBar.Shown recorded 1 samples, mean = 0.0 (flags = 0x1)
0  -O                                                                        (1 = 100.0%)
1  ... 

Histogram: Bookmarks.Count.OnProfileLoad3 recorded 1 samples, mean = 0.0 (flags = 0x1)
0  -O                                                                        (1 = 100.0%)
1  ... 

Histogram: Bookmarks.Storage.TimeToLoadAtStartup2 recorded 1 samples, mean = 3907.0 (flags = 0x1)
0     ... 
3553  -O                                                                        (1 = 100.0%) {0.0%}
4222  ... 

Histogram: Bookmarks.Times.OnProfileLoad.TimeSinceAdded3 recorded 1 samples, mean = 0.0 (flags = 0x1)
0  -O                                                                        (1 = 100.0%)
1  ... 

Histogram: Bookmarks.Utilization.OnProfileLoad.PercentageUsed recorded 1 samples, mean = 0.0 (flags = 0x1)
0  -O                                                                        (1 = 100.0%)
1  ... 

Histogram: Bookmarks.Utilization.OnProfileLoad.TotalUnused recorded 1 samples, mean = 0.0 (flags = 0x1)
0  -O                                                                        (1 = 100.0%)
1  ... 

Histogram: Bookmarks.Utilization.OnProfileLoad.TotalUsed recorded 1 samples, mean = 0.0 (flags = 0x1)
0  -O                                                                        (1 = 100.0%)
1  ... 

Histogram: BrotliFilter.CompressionPercent recorded 37 samples, mean = 41.8 (flags = 0x1)
0    ... 
10   -O                                                                        (1 = 2.7%) {0.0%}
11   -O                                                                        (1 = 2.7%) {2.7%}
12   --O                                                                       (2 = 5.4%) {5.4%}
13   O                                                                         (0 = 0.0%) {10.8%}
14   -O                                                                        (1 = 2.7%) {10.8%}
15   --O                                                                       (2 = 5.4%) {13.5%}
16   O                                                                         (0 = 0.0%) {18.9%}
17   -O                                                                        (1 = 2.7%) {18.9%}
18   -O                                                                        (1 = 2.7%) {21.6%}
19   ... 
21   -O                                                                        (1 = 2.7%) {24.3%}
22   -O                                                                        (1 = 2.7%) {27.0%}
23   -O                                                                        (1 = 2.7%) {29.7%}
24   -O                                                                        (1 = 2.7%) {32.4%}
25   -O                                                                        (1 = 2.7%) {35.1%}
26   O                                                                         (0 = 0.0%) {37.8%}
27   -O                                                                        (1 = 2.7%) {37.8%}
28   --O                                                                       (2 = 5.4%) {40.5%}
29   ---O                                                                      (3 = 8.1%) {45.9%}
30   ... 
32   --O                                                                       (2 = 5.4%) {54.1%}
33   O                                                                         (0 = 0.0%) {59.5%}
34   -O                                                                        (1 = 2.7%) {59.5%}
35   ... 
38   -O                                                                        (1 = 2.7%) {62.2%}
39   -O                                                                        (1 = 2.7%) {64.9%}
40   ... 
43   -O                                                                        (1 = 2.7%) {67.6%}
44   O                                                                         (0 = 0.0%) {70.3%}
45   --O                                                                       (2 = 5.4%) {70.3%}
46   -O                                                                        (1 = 2.7%) {75.7%}
47   O                                                                         (0 = 0.0%) {78.4%}
48   --O                                                                       (2 = 5.4%) {78.4%}
49   ... 
51   -O                                                                        (1 = 2.7%) {83.8%}
52   ... 
85   -O                                                                        (1 = 2.7%) {86.5%}
86   ... 
101  ----O                                                                     (4 = 10.8%) {89.2%}

Histogram: BrotliFilter.Status recorded 37 samples, mean = 1.0 (flags = 0x1)
0  O                                                                         (0 = 0.0%)
1  -------------------------------------O                                    (37 = 100.0%) {0.0%}
2  ... 

Histogram: BrotliFilter.UsedMemoryKB recorded 37 samples, mean = 189.2 (flags = 0x1)
0    ... 
16   ----O                                                                     (4 = 10.8%) {0.0%}
20   O                                                                         (0 = 0.0%) {10.8%}
25   ----O                                                                     (4 = 10.8%) {10.8%}
31   ------O                                                                   (6 = 16.2%) {21.6%}
39   -O                                                                        (1 = 2.7%) {37.8%}
49   -O                                                                        (1 = 2.7%) {40.5%}
61   ----O                                                                     (4 = 10.8%) {43.2%}
76   --O                                                                       (2 = 5.4%) {54.1%}
95   O                                                                         (0 = 0.0%) {59.5%}
119  ---O                                                                      (3 = 8.1%) {59.5%}
149  O                                                                         (0 = 0.0%) {67.6%}
187  -O                                                                        (1 = 2.7%) {67.6%}
234  ... 
367  -------O                                                                  (7 = 18.9%) {70.3%}
460  -O                                                                        (1 = 2.7%) {89.2%}
576  ---O                                                                      (3 = 8.1%) {91.9%}
722  ... 

Histogram: Browser.MainThreadsCongestion.RunningOnly recorded 8 samples, mean = 0.0 (flags = 0x1)
0  --------O                                                                 (8 = 100.0%)
1  ... 

Histogram: Browser.MainThreadsCongestion.RunningOnly.Initial recorded 1 samples, mean = 0.0 (flags = 0x1)
0  -O                                                                        (1 = 100.0%)
1  ... 

Histogram: Browser.Responsiveness.IOJanksTotalPerMinute recorded 4 samples, mean = 0.0 (flags = 0x1)
0  ----O                                                                     (4 = 100.0%)
1  ... 

Histogram: Browser.Responsiveness.IOJankyIntervalsPerMinute recorded 4 samples, mean = 0.0 (flags = 0x1)
0  ----O                                                                     (4 = 100.0%)
1  ... 

Histogram: BrowserRenderProcessHost.Cleanup.DelayReason recorded 13 samples, mean = 6.9 (flags = 0x1)
0  ---O                                                                      (3 = 23.1%)
1  ... 
9  ----------O                                                               (10 = 76.9%) {23.1%}
10 ... 

Histogram: BrowserRenderProcessHost.Cleanup.Total recorded 13 samples, mean = 1.0 (flags = 0x1)
0  O                                                                         (0 = 0.0%)
1  -------------O                                                            (13 = 100.0%) {0.0%}
2  O                                                                         (0 = 0.0%) {100.0%}

Histogram: BrowserRenderProcessHost.ExistingRendererIsInitializedAndNotDead recorded 1 samples, mean = 1.0 (flags = 0x1)
0  O                                                                         (0 = 0.0%)
1  -O                                                                        (1 = 100.0%) {0.0%}
2  O                                                                         (0 = 0.0%) {100.0%}

Histogram: BrowserRenderProcessHost.SpareProcessEvictedOtherSpare recorded 2 samples, mean = 0.0 (flags = 0x1)
0  --O                                                                       (2 = 100.0%)
1  ... 

Histogram: BrowserRenderProcessHost.SpareProcessMaybeTakeAction recorded 2 samples, mean = 2.0 (flags = 0x1)
0  -O                                                                        (1 = 50.0%)
1  ... 
4  -O                                                                        (1 = 50.0%) {50.0%}
5  ... 

Histogram: BrowserRenderProcessHost.SpareProcessStartupTime recorded 2 samples, mean = 3892.0 (flags = 0x1)
0     ... 
135   -O                                                                        (1 = 50.0%) {0.0%}
160   ... 
7083  -O                                                                        (1 = 50.0%) {50.0%}
8416  ... 

Histogram: BrowserSwitcher.ExternalGreylistSize recorded 1 samples, mean = 0.0 (flags = 0x1)
0  -O                                                                        (1 = 100.0%)
1  ... 

Histogram: BrowserSwitcher.ExternalSitelistSize recorded 1 samples, mean = 0.0 (flags = 0x1)
0  -O                                                                        (1 = 100.0%)
1  ... 

Histogram: BrowserSwitcher.IeemSitelistSize recorded 1 samples, mean = 0.0 (flags = 0x1)
0  -O                                                                        (1 = 100.0%)
1  ... 

Histogram: BrowsingTopics.BrowsingTopicsState.LoadFinishStatus recorded 1 samples, mean = 1.0 (flags = 0x1)
0  O                                                                         (0 = 0.0%)
1  -O                                                                        (1 = 100.0%) {0.0%}
2  O                                                                         (0 = 0.0%) {100.0%}

Histogram: BrowsingTopics.SiteDataStorage.FileSize.KB recorded 1 samples, mean = 28.0 (flags = 0x1)
0   ... 
28  -O                                                                        (1 = 100.0%) {0.0%}
37  ... 

Histogram: BrowsingTopics.SiteDataStorage.InitStatus recorded 1 samples, mean = 1.0 (flags = 0x1)
0  O                                                                         (0 = 0.0%)
1  -O                                                                        (1 = 100.0%) {0.0%}
2  O                                                                         (0 = 0.0%) {100.0%}

Histogram: Cast.Channel.Certificate recorded 1 samples, mean = 0.0 (flags = 0x1)
0  -O                                                                        (1 = 100.0%)
1  ... 

Histogram: Cast.Channel.Nonce recorded 1 samples, mean = 0.0 (flags = 0x1)
0  -O                                                                        (1 = 100.0%)
1  ... 

Histogram: Cast.Channel.Signature recorded 1 samples, mean = 0.0 (flags = 0x1)
0  -O                                                                        (1 = 100.0%)
1  ... 

Histogram: CertificateType2.BR.Intermediate.ECDSA recorded 2 samples, mean = 256.0 (flags = 0x1)
0    ... 
256  --O                                                                       (2 = 100.0%) {0.0%}
257  ... 

Histogram: CertificateType2.BR.Intermediate.RSA recorded 10 samples, mean = 2048.0 (flags = 0x1)
0     ... 
2048  ----------O                                                               (10 = 100.0%) {0.0%}
2049  ... 

Histogram: CertificateType2.BR.Leaf.ECDSA recorded 9 samples, mean = 256.0 (flags = 0x1)
0    ... 
256  ---------O                                                                (9 = 100.0%) {0.0%}
257  ... 

Histogram: CertificateType2.BR.Leaf.RSA recorded 3 samples, mean = 2048.0 (flags = 0x1)
0     ... 
2048  ---O                                                                      (3 = 100.0%) {0.0%}
2049  ... 

Histogram: CertificateType2.BR.Root.ECDSA recorded 2 samples, mean = 384.0 (flags = 0x1)
0    ... 
384  --O                                                                       (2 = 100.0%) {0.0%}
385  ... 

Histogram: CertificateType2.BR.Root.RSA recorded 10 samples, mean = 3481.6 (flags = 0x1)
0     ... 
2048  ---O                                                                      (3 = 30.0%) {0.0%}
2049  ... 
4096  -------O                                                                  (7 = 70.0%) {30.0%}
4097  ... 

Histogram: ChildProcess.Launched.UtilityProcessHash recorded 4 samples (flags = 0x1)
-2043041185 -O                                                                        (1 = 25.0%)
-1468742076 -O                                                                        (1 = 25.0%)
331504207   -O                                                                        (1 = 25.0%)
1411170475  -O                                                                        (1 = 25.0%)

Histogram: ChildProcess.ProcessLifetime.Utility recorded 4 samples, mean = 122840.0 (flags = 0x1)
0       ... 
64      -O                                                                        (1 = 25.0%) {0.0%}
87      ... 
6118    -O                                                                        (1 = 25.0%) {25.0%}
8289    ... 
234039  --O                                                                       (2 = 50.0%) {50.0%}
317087  ... 

Histogram: Chrome.ProcessSingleton.NotifyResult recorded 1 samples, mean = 0.0 (flags = 0x1)
0  -O                                                                        (1 = 100.0%)
1  ... 

Histogram: Chrome.ProcessSingleton.TimeToCreate recorded 1 samples, mean = 1.0 (flags = 0x1)
0  -O                                                                        (1 = 100.0%)
10 ... 

Histogram: Chrome.SystemNetworkContextManager.NetworkSandboxState recorded 4 samples, mean = 0.0 (flags = 0x1)
0  ----O                                                                     (4 = 100.0%)
1  ... 

Histogram: ChromeElf.Beacon.RetryAttemptsBeforeSuccess recorded 1 samples, mean = 0.0 (flags = 0x1)
0  -O                                                                        (1 = 100.0%)
1  ... 

Histogram: ChromeElf.Beacon.SetupStatus recorded 1 samples, mean = 1.0 (flags = 0x1)
0  O                                                                         (0 = 0.0%)
1  -O                                                                        (1 = 100.0%) {0.0%}
2  ... 

Histogram: ChromeElf.ExtensionPoint.EnableState recorded 1 samples, mean = 1.0 (flags = 0x1)
0  O                                                                         (0 = 0.0%)
1  -O                                                                        (1 = 100.0%) {0.0%}
2  O                                                                         (0 = 0.0%) {100.0%}

Histogram: ClientHints.CriticalCHRestart recorded 1 samples, mean = 0.0 (flags = 0x1)
0  -O                                                                        (1 = 100.0%)
1  ... 

Histogram: ClientHints.FetchLatency_PrefRead recorded 5 samples, mean = 37.6 (flags = 0x1)
0   ... 
11  -O                                                                        (1 = 20.0%) {0.0%}
15  -O                                                                        (1 = 20.0%) {20.0%}
21  -O                                                                        (1 = 20.0%) {40.0%}
29  -O                                                                        (1 = 20.0%) {60.0%}
40  ... 
76  -O                                                                        (1 = 20.0%) {80.0%}
105 ... 

Histogram: ClientHints.FetchLatency_PrerenderHost recorded 5 samples, mean = 1.2 (flags = 0x1)
0  -O                                                                        (1 = 20.0%)
1  ---O                                                                      (3 = 60.0%) {20.0%}
2  O                                                                         (0 = 0.0%) {80.0%}
3  -O                                                                        (1 = 20.0%) {80.0%}
4  ... 

Histogram: ClientHints.FetchLatency_Total recorded 5 samples, mean = 38.8 (flags = 0x1)
0   ... 
11  -O                                                                        (1 = 20.0%) {0.0%}
15  O                                                                         (0 = 0.0%) {20.0%}
21  --O                                                                       (2 = 40.0%) {20.0%}
29  O                                                                         (0 = 0.0%) {60.0%}
40  -O                                                                        (1 = 20.0%) {60.0%}
55  O                                                                         (0 = 0.0%) {80.0%}
76  -O                                                                        (1 = 20.0%) {80.0%}
105 ... 

Histogram: Commerce.PDPNavigation.ShoppingList.IneligibilityReason recorded 6 samples, mean = 4.0 (flags = 0x1)
0  ... 
3  --O                                                                       (2 = 33.3%) {0.0%}
4  --O                                                                       (2 = 33.3%) {33.3%}
5  --O                                                                       (2 = 33.3%) {66.7%}
6  ... 

Histogram: ComponentUpdater.Calls recorded 1 samples, mean = 1.0 (flags = 0x1)
0  O                                                                         (0 = 0.0%)
1  -O                                                                        (1 = 100.0%) {0.0%}
2  O                                                                         (0 = 0.0%) {100.0%}

Histogram: ComponentUpdater.UpdateCompleteError recorded 1 samples, mean = 0.0 (flags = 0x1)
0  -O                                                                        (1 = 100.0%)
1  ... 

Histogram: ComponentUpdater.UpdateCompleteResult recorded 1 samples, mean = 0.0 (flags = 0x1)
0  -O                                                                        (1 = 100.0%)
1  ... 

Histogram: ComponentUpdater.UpdateCompleteTime recorded 1 samples, mean = 500.0 (flags = 0x1)
0    ... 
495  -O                                                                        (1 = 100.0%) {0.0%}
571  ... 

Histogram: Compositing.Browser.CompositorFrame.Quads recorded 4 samples, mean = 1.0 (flags = 0x1)
0  O                                                                         (0 = 0.0%)
1  ----O                                                                     (4 = 100.0%) {0.0%}
2  ... 

Histogram: Compositing.Browser.LayerTreeImpl.CalculateDrawPropertiesUs recorded 4 samples, mean = 41.2 (flags = 0x1)
0   ... 
28  ---O                                                                      (3 = 75.0%) {0.0%}
37  ... 
65  -O                                                                        (1 = 25.0%) {75.0%}
86  ... 

Histogram: Compositing.Browser.LayersUpdateTime recorded 4 samples, mean = 298.8 (flags = 0x1)
0    ... 
21   -O                                                                        (1 = 25.0%) {0.0%}
29   ... 
76   -O                                                                        (1 = 25.0%) {25.0%}
105  ... 
391  -O                                                                        (1 = 25.0%) {50.0%}
542  -O                                                                        (1 = 25.0%) {75.0%}
752  ... 

Histogram: Compositing.ColorGamut recorded 10 samples, mean = 0.0 (flags = 0x1)
0  ----------O                                                               (10 = 100.0%)
1  ... 

Histogram: Compositing.DecodeLCPCandidateImage.Hardware recorded 8 samples, mean = 0.1 (flags = 0x1)
0  -------O                                                                  (7 = 87.5%)
1  -O                                                                        (1 = 12.5%) {87.5%}
2  O                                                                         (0 = 0.0%) {100.0%}

Histogram: Compositing.DidMainThreadBlockDuringCommit recorded 13 samples, mean = 0.2 (flags = 0x1)
0  -----------O                                                              (11 = 84.6%)
1  --O                                                                       (2 = 15.4%) {84.6%}
2  O                                                                         (0 = 0.0%) {100.0%}

Histogram: Compositing.DirectRenderer.OverlayProcessingUs recorded 10 samples, mean = 0.7 (flags = 0x1)
0  ----------O                                                               (10 = 100.0%)
5  ... 

Histogram: Compositing.DirectRenderer.PartialSwap.ExtraDamage recorded 10 samples, mean = 0.0 (flags = 0x1)
0  ----------O                                                               (10 = 100.0%)
1  ... 

Histogram: Compositing.DirectRenderer.PartialSwap.FrameBufferDamage recorded 10 samples, mean = 0.0 (flags = 0x1)
0  ----------O                                                               (10 = 100.0%)
1  ... 

Histogram: Compositing.DirectRenderer.PartialSwap.RootDamage recorded 10 samples, mean = 94.7 (flags = 0x1)
0    ... 
49   -O                                                                        (1 = 10.0%) {0.0%}
50   ... 
98   -O                                                                        (1 = 10.0%) {10.0%}
99   O                                                                         (0 = 0.0%) {20.0%}
100  --------O                                                                 (8 = 80.0%) {20.0%}
101  O                                                                         (0 = 0.0%) {100.0%}

Histogram: Compositing.DirectRenderer.PartialSwap.TotalDamage recorded 10 samples, mean = 94.7 (flags = 0x1)
0    ... 
49   -O                                                                        (1 = 10.0%) {0.0%}
50   ... 
98   -O                                                                        (1 = 10.0%) {10.0%}
99   O                                                                         (0 = 0.0%) {20.0%}
100  --------O                                                                 (8 = 80.0%) {20.0%}
101  O                                                                         (0 = 0.0%) {100.0%}

Histogram: Compositing.DirectRenderer.SkipAllNonRootRenderPassesPerFrame recorded 8 samples, mean = 0.0 (flags = 0x1)
0  --------O                                                                 (8 = 100.0%)
1  ... 

Histogram: Compositing.DirectRenderer.SkipNonRootRenderPass recorded 11 samples, mean = 0.0 (flags = 0x1)
0  -----------O                                                              (11 = 100.0%)
1  ... 

Histogram: Compositing.DirectRenderer.TotalPixelsRendered recorded 10 samples, mean = 1256300.6 (flags = 0x1)
0        ... 
4        --O                                                                       (2 = 20.0%) {0.0%}
6        ---O                                                                      (3 = 30.0%) {20.0%}
9        ... 
1297558  -O                                                                        (1 = 10.0%) {50.0%}
1839423  -O                                                                        (1 = 10.0%) {60.0%}
2607574  ---O                                                                      (3 = 30.0%) {70.0%}
3696507  ... 

Histogram: Compositing.Display.Draw.Occlusion.Calculation.Time recorded 10 samples, mean = 45.7 (flags = 0x1)
0    ... 
3    -O                                                                        (1 = 10.0%) {0.0%}
4    ... 
8    -O                                                                        (1 = 10.0%) {10.0%}
9    -O                                                                        (1 = 10.0%) {20.0%}
10   ... 
14   -O                                                                        (1 = 10.0%) {30.0%}
16   -O                                                                        (1 = 10.0%) {40.0%}
18   ... 
23   -O                                                                        (1 = 10.0%) {50.0%}
26   --O                                                                       (2 = 20.0%) {60.0%}
29   ... 
42   -O                                                                        (1 = 10.0%) {80.0%}
47   ... 
273  -O                                                                        (1 = 10.0%) {90.0%}
307  ... 

Histogram: Compositing.Display.Draw.Quads recorded 10 samples, mean = 9.9 (flags = 0x1)
0   O                                                                         (0 = 0.0%)
1   --O                                                                       (2 = 20.0%) {0.0%}
2   O                                                                         (0 = 0.0%) {20.0%}
3   ---O                                                                      (3 = 30.0%) {20.0%}
4   O                                                                         (0 = 0.0%) {50.0%}
5   -O                                                                        (1 = 10.0%) {50.0%}
6   ... 
20  ----O                                                                     (4 = 40.0%) {60.0%}
23  ... 

Histogram: Compositing.Display.DrawToSwapUs recorded 10 samples, mean = 52538.0 (flags = 0x1)
0      ... 
873    -O                                                                        (1 = 10.0%) {0.0%}
1059   O                                                                         (0 = 0.0%) {10.0%}
1284   -O                                                                        (1 = 10.0%) {10.0%}
1557   ... 
3366   -O                                                                        (1 = 10.0%) {20.0%}
4081   ... 
7277   -O                                                                        (1 = 10.0%) {30.0%}
8824   O                                                                         (0 = 0.0%) {40.0%}
10700  --O                                                                       (2 = 20.0%) {40.0%}
12974  ... 
19076  --O                                                                       (2 = 20.0%) {60.0%}
23130  ... 
34007  -O                                                                        (1 = 10.0%) {80.0%}
41235  O                                                                         (0 = 0.0%) {90.0%}
50000  -O                                                                        (1 = 10.0%) {90.0%}

Histogram: Compositing.Display.FlattenedRenderPassCount recorded 10 samples, mean = 2.1 (flags = 0x1)
0  O                                                                         (0 = 0.0%)
1  --O                                                                       (2 = 20.0%) {0.0%}
2  -----O                                                                    (5 = 50.0%) {20.0%}
3  ---O                                                                      (3 = 30.0%) {70.0%}
4  ... 

Histogram: Compositing.Display.PendingSwaps recorded 10 samples, mean = 1.0 (flags = 0x1)
0  O                                                                         (0 = 0.0%)
1  ----------O                                                               (10 = 100.0%) {0.0%}
2  ... 

Histogram: Compositing.Display.VizDependencyResolvedToGpuStartedDrawUs recorded 10 samples, mean = 111.5 (flags = 0x1)
0    ... 
12   ---O                                                                      (3 = 30.0%) {0.0%}
15   ... 
40   ---O                                                                      (3 = 30.0%) {30.0%}
49   --O                                                                       (2 = 20.0%) {60.0%}
59   ... 
87   -O                                                                        (1 = 10.0%) {80.0%}
105  ... 
720  -O                                                                        (1 = 10.0%) {90.0%}
873  ... 

Histogram: Compositing.Display.VizScheduledDrawToDependencyResolvedUs recorded 10 samples, mean = 28103.9 (flags = 0x1)
0      -O                                                                        (1 = 10.0%)
5      O                                                                         (0 = 0.0%) {10.0%}
6      ----O                                                                     (4 = 40.0%) {10.0%}
7      O                                                                         (0 = 0.0%) {50.0%}
8      --O                                                                       (2 = 20.0%) {50.0%}
10     ... 
594    -O                                                                        (1 = 10.0%) {70.0%}
720    ... 
15732  -O                                                                        (1 = 10.0%) {80.0%}
19076  ... 
50000  -O                                                                        (1 = 10.0%) {90.0%}

Histogram: Compositing.Display.VizScheduledDrawToGpuStartedDrawUs recorded 10 samples, mean = 28215.4 (flags = 0x1)
0      ... 
40     -O                                                                        (1 = 10.0%) {0.0%}
49     ----O                                                                     (4 = 40.0%) {10.0%}
59     ... 
87     -O                                                                        (1 = 10.0%) {50.0%}
105    ... 
594    -O                                                                        (1 = 10.0%) {60.0%}
720    -O                                                                        (1 = 10.0%) {70.0%}
873    ... 
15732  -O                                                                        (1 = 10.0%) {80.0%}
19076  ... 
50000  -O                                                                        (1 = 10.0%) {90.0%}

Histogram: Compositing.MainThreadBlockedDuringCommitTime recorded 2 samples, mean = 12.5 (flags = 0x1)
0   ... 
11  --O                                                                       (2 = 100.0%) {0.0%}
15  ... 

Histogram: Compositing.Renderer.CompositorFrame.Quads recorded 6 samples, mean = 11.0 (flags = 0x1)
0   ... 
2   ---O                                                                      (3 = 50.0%) {0.0%}
3   ... 
20  ---O                                                                      (3 = 50.0%) {50.0%}
23  ... 

Histogram: Compositing.Renderer.LayersUpdateTime recorded 6 samples, mean = 4944.0 (flags = 0x1)
0      ... 
55     ---O                                                                      (3 = 50.0%) {0.0%}
76     ... 
146    -O                                                                        (1 = 16.7%) {50.0%}
203    ... 
10321  -O                                                                        (1 = 16.7%) {66.7%}
14319  -O                                                                        (1 = 16.7%) {83.3%}
19866  ... 

Histogram: Compositing.Renderer.NumRenderSurfaces recorded 10 samples, mean = 3.4 (flags = 0x1)
0  O                                                                         (0 = 0.0%)
1  ------O                                                                   (6 = 60.0%) {0.0%}
2  ... 
7  ----O                                                                     (4 = 40.0%) {60.0%}
8  ... 

Histogram: Compositing.SurfaceAggregator.AggregateUs recorded 10 samples, mean = 1396.5 (flags = 0x1)
0     ... 
86    -O                                                                        (1 = 10.0%) {0.0%}
113   O                                                                         (0 = 0.0%) {10.0%}
149   -O                                                                        (1 = 10.0%) {10.0%}
196   O                                                                         (0 = 0.0%) {20.0%}
258   -O                                                                        (1 = 10.0%) {20.0%}
340   -O                                                                        (1 = 10.0%) {30.0%}
448   ---O                                                                      (3 = 30.0%) {40.0%}
590   ... 
1347  -O                                                                        (1 = 10.0%) {70.0%}
1774  -O                                                                        (1 = 10.0%) {80.0%}
2336  ... 
7031  -O                                                                        (1 = 10.0%) {90.0%}
9260  ... 

Histogram: Compositing.SurfaceAggregator.CopiedSurfaceCount recorded 10 samples, mean = 1.8 (flags = 0x1)
0  O                                                                         (0 = 0.0%)
1  --O                                                                       (2 = 20.0%) {0.0%}
2  --------O                                                                 (8 = 80.0%) {20.0%}
3  ... 

Histogram: Compositing.SurfaceAggregator.CopyUs recorded 10 samples, mean = 139.5 (flags = 0x1)
0    ... 
18   -O                                                                        (1 = 10.0%) {0.0%}
21   ... 
29   --O                                                                       (2 = 20.0%) {10.0%}
34   -O                                                                        (1 = 10.0%) {30.0%}
40   O                                                                         (0 = 0.0%) {40.0%}
47   ---O                                                                      (3 = 30.0%) {40.0%}
55   ... 
121  -O                                                                        (1 = 10.0%) {70.0%}
142  ... 
227  -O                                                                        (1 = 10.0%) {80.0%}
266  ... 
684  -O                                                                        (1 = 10.0%) {90.0%}
801  ... 

Histogram: Compositing.SurfaceAggregator.HasCopyRequestsPerFrame recorded 10 samples, mean = 0.5 (flags = 0x1)
0  -----O                                                                    (5 = 50.0%)
1  -----O                                                                    (5 = 50.0%) {50.0%}
2  O                                                                         (0 = 0.0%) {100.0%}

Histogram: Compositing.SurfaceAggregator.HasPixelMovingBackdropFiltersPerFrame recorded 10 samples, mean = 0.4 (flags = 0x1)
0  ------O                                                                   (6 = 60.0%)
1  ----O                                                                     (4 = 40.0%) {60.0%}
2  O                                                                         (0 = 0.0%) {100.0%}

Histogram: Compositing.SurfaceAggregator.HasPixelMovingFiltersPerFrame recorded 10 samples, mean = 0.0 (flags = 0x1)
0  ----------O                                                               (10 = 100.0%)
1  ... 

Histogram: Compositing.SurfaceAggregator.HasUnembeddedRenderPassesPerFrame recorded 10 samples, mean = 0.0 (flags = 0x1)
0  ----------O                                                               (10 = 100.0%)
1  ... 

Histogram: Compositing.SurfaceAggregator.PrewalkUs recorded 10 samples, mean = 1201.0 (flags = 0x1)
0     ... 
47    -O                                                                        (1 = 10.0%) {0.0%}
55    ... 
103   -O                                                                        (1 = 10.0%) {10.0%}
121   ... 
166   -O                                                                        (1 = 10.0%) {20.0%}
194   ... 
266   -O                                                                        (1 = 10.0%) {30.0%}
311   -O                                                                        (1 = 10.0%) {40.0%}
364   -O                                                                        (1 = 10.0%) {50.0%}
426   -O                                                                        (1 = 10.0%) {60.0%}
499   ... 
938   --O                                                                       (2 = 20.0%) {70.0%}
1098  ... 
7294  -O                                                                        (1 = 10.0%) {90.0%}
8540  ... 

Histogram: Compositing.SurfaceAggregator.PrewalkedSurfaceCount recorded 10 samples, mean = 1.8 (flags = 0x1)
0  O                                                                         (0 = 0.0%)
1  --O                                                                       (2 = 20.0%) {0.0%}
2  --------O                                                                 (8 = 80.0%) {20.0%}
3  ... 

Histogram: Compositing.SurfaceManager.MarkForDestructionToDestroy recorded 3 samples, mean = 37.0 (flags = 0x1)
0   ... 
6   -O                                                                        (1 = 33.3%) {0.0%}
7   ... 
29  -O                                                                        (1 = 33.3%) {33.3%}
34  ... 
68  -O                                                                        (1 = 33.3%) {66.7%}
81  ... 

Histogram: Content.Classification.OpenGraph recorded 1 samples, mean = 4.0 (flags = 0x1)
0  ... 
4  -O                                                                        (1 = 100.0%) {0.0%}
5  ... 

Histogram: ContentSettings.AllowStorageAccessSync recorded 4 samples, mean = 0.0 (flags = 0x1)
0  ----O                                                                     (4 = 100.0%)
1  ... 

Histogram: ContentSettings.GetContentSetting.Network.Duration recorded 487 samples, mean = 0.8 (flags = 0x1)
0   ------------------------------------------------------------------------O (303 = 62.2%)
1   -------------------------------O                                          (129 = 26.5%) {62.2%}
2   --O                                                                       (8 = 1.6%) {88.7%}
3   O                                                                         (2 = 0.4%) {90.3%}
4   O                                                                         (1 = 0.2%) {90.8%}
5   ----------O                                                               (40 = 8.2%) {91.0%}
7   -O                                                                        (3 = 0.6%) {99.2%}
9   O                                                                         (0 = 0.0%) {99.8%}
12  O                                                                         (1 = 0.2%) {99.8%}
16  ... 

Histogram: ContentSettings.GetCookieSettingInternal.Duration recorded 147 samples, mean = 10.1 (flags = 0x1)
0   O                                                                         (0 = 0.0%)
1   -------O                                                                  (7 = 4.8%) {0.0%}
2   ------------------------------------------------O                         (48 = 32.7%) {4.8%}
3   ----------------------O                                                   (22 = 15.0%) {37.4%}
4   ------------O                                                             (12 = 8.2%) {52.4%}
5   -------O                                                                  (7 = 4.8%) {60.5%}
7   ----O                                                                     (4 = 2.7%) {65.3%}
9   ------O                                                                   (6 = 4.1%) {68.0%}
12  ---------------O                                                          (15 = 10.2%) {72.1%}
16  ---------O                                                                (9 = 6.1%) {82.3%}
21  -O                                                                        (1 = 0.7%) {88.4%}
28  --------O                                                                 (8 = 5.4%) {89.1%}
37  --O                                                                       (2 = 1.4%) {94.6%}
49  ---O                                                                      (3 = 2.0%) {95.9%}
65  --O                                                                       (2 = 1.4%) {98.0%}
86  -O                                                                        (1 = 0.7%) {99.3%}
113 ... 

Histogram: ContentSettings.NumberOfExceptions recorded 1 samples, mean = 4.0 (flags = 0x1)
0  ... 
4  -O                                                                        (1 = 100.0%) {0.0%}
5  ... 

Histogram: ContentSettings.Popups.StrongBlockerActions recorded 1 samples, mean = 0.0 (flags = 0x1)
0  -O                                                                        (1 = 100.0%)
1  ... 

Histogram: ContentSettings.RegularProfile.DefaultAutoVerifySetting recorded 1 samples, mean = 1.0 (flags = 0x1)
0  O                                                                         (0 = 0.0%)
1  -O                                                                        (1 = 100.0%) {0.0%}
2  ... 

Histogram: ContentSettings.RegularProfile.DefaultAutoplaySetting recorded 1 samples, mean = 1.0 (flags = 0x1)
0  O                                                                         (0 = 0.0%)
1  -O                                                                        (1 = 100.0%) {0.0%}
2  ... 

Histogram: ContentSettings.RegularProfile.DefaultBackgroundSyncSetting recorded 1 samples, mean = 1.0 (flags = 0x1)
0  O                                                                         (0 = 0.0%)
1  -O                                                                        (1 = 100.0%) {0.0%}
2  ... 

Histogram: ContentSettings.RegularProfile.DefaultCookiesSetting recorded 1 samples, mean = 1.0 (flags = 0x1)
0  O                                                                         (0 = 0.0%)
1  -O                                                                        (1 = 100.0%) {0.0%}
2  ... 

Histogram: ContentSettings.RegularProfile.DefaultIdleDetectionSetting recorded 1 samples, mean = 3.0 (flags = 0x1)
0  ... 
3  -O                                                                        (1 = 100.0%) {0.0%}
4  ... 

Histogram: ContentSettings.RegularProfile.DefaultImagesSetting recorded 1 samples, mean = 1.0 (flags = 0x1)
0  O                                                                         (0 = 0.0%)
1  -O                                                                        (1 = 100.0%) {0.0%}
2  ... 

Histogram: ContentSettings.RegularProfile.DefaultJavaScriptSetting recorded 1 samples, mean = 1.0 (flags = 0x1)
0  O                                                                         (0 = 0.0%)
1  -O                                                                        (1 = 100.0%) {0.0%}
2  ... 

Histogram: ContentSettings.RegularProfile.DefaultLocationSetting recorded 1 samples, mean = 3.0 (flags = 0x1)
0  ... 
3  -O                                                                        (1 = 100.0%) {0.0%}
4  ... 

Histogram: ContentSettings.RegularProfile.DefaultMIDISysExSetting recorded 1 samples, mean = 3.0 (flags = 0x1)
0  ... 
3  -O                                                                        (1 = 100.0%) {0.0%}
4  ... 

Histogram: ContentSettings.RegularProfile.DefaultMediaStreamCameraSetting recorded 1 samples, mean = 3.0 (flags = 0x1)
0  ... 
3  -O                                                                        (1 = 100.0%) {0.0%}
4  ... 

Histogram: ContentSettings.RegularProfile.DefaultMediaStreamMicSetting recorded 1 samples, mean = 3.0 (flags = 0x1)
0  ... 
3  -O                                                                        (1 = 100.0%) {0.0%}
4  ... 

Histogram: ContentSettings.RegularProfile.DefaultNotificationsSetting recorded 1 samples, mean = 3.0 (flags = 0x1)
0  ... 
3  -O                                                                        (1 = 100.0%) {0.0%}
4  ... 

Histogram: ContentSettings.RegularProfile.DefaultPopupsSetting recorded 1 samples, mean = 2.0 (flags = 0x1)
0  ... 
2  -O                                                                        (1 = 100.0%) {0.0%}
3  ... 

Histogram: ContentSettings.RegularProfile.DefaultSoundSetting recorded 1 samples, mean = 1.0 (flags = 0x1)
0  O                                                                         (0 = 0.0%)
1  -O                                                                        (1 = 100.0%) {0.0%}
2  ... 

Histogram: ContentSettings.RegularProfile.DefaultStorageAccessSetting recorded 1 samples, mean = 3.0 (flags = 0x1)
0  ... 
3  -O                                                                        (1 = 100.0%) {0.0%}
4  ... 

Histogram: ContentSettings.RegularProfile.DefaultSubresourceFilterSetting recorded 1 samples, mean = 2.0 (flags = 0x1)
0  ... 
2  -O                                                                        (1 = 100.0%) {0.0%}
3  ... 

Histogram: ContentSettings.RegularProfile.DefaultUsbGuardSetting recorded 1 samples, mean = 3.0 (flags = 0x1)
0  ... 
3  -O                                                                        (1 = 100.0%) {0.0%}
4  ... 

Histogram: ContentSettings.RegularProfile.DefaultWebBluetoothGuardSetting recorded 1 samples, mean = 3.0 (flags = 0x1)
0  ... 
3  -O                                                                        (1 = 100.0%) {0.0%}
4  ... 

Histogram: ContentSettings.RegularProfile.Exceptions.3pcd-heuristics-grants recorded 1 samples, mean = 0.0 (flags = 0x1)
0  -O                                                                        (1 = 100.0%)
1  ... 

Histogram: ContentSettings.RegularProfile.Exceptions.3pcd-support recorded 1 samples, mean = 0.0 (flags = 0x1)
0  -O                                                                        (1 = 100.0%)
1  ... 

Histogram: ContentSettings.RegularProfile.Exceptions.abusive-notification-permissions recorded 1 samples, mean = 0.0 (flags = 0x1)
0  -O                                                                        (1 = 100.0%)
1  ... 

Histogram: ContentSettings.RegularProfile.Exceptions.access-to-get-all-screens-media-in-session recorded 1 samples, mean = 0.0 (flags = 0x1)
0  -O                                                                        (1 = 100.0%)
1  ... 

Histogram: ContentSettings.RegularProfile.Exceptions.accessibility-events recorded 1 samples, mean = 0.0 (flags = 0x1)
0  -O                                                                        (1 = 100.0%)
1  ... 

Histogram: ContentSettings.RegularProfile.Exceptions.anti-abuse recorded 1 samples, mean = 0.0 (flags = 0x1)
0  -O                                                                        (1 = 100.0%)
1  ... 

Histogram: ContentSettings.RegularProfile.Exceptions.app-banner recorded 1 samples, mean = 0.0 (flags = 0x1)
0  -O                                                                        (1 = 100.0%)
1  ... 

Histogram: ContentSettings.RegularProfile.Exceptions.ar recorded 1 samples, mean = 0.0 (flags = 0x1)
0  -O                                                                        (1 = 100.0%)
1  ... 

Histogram: ContentSettings.RegularProfile.Exceptions.auto-picture-in-picture recorded 1 samples, mean = 0.0 (flags = 0x1)
0  -O                                                                        (1 = 100.0%)
1  ... 

Histogram: ContentSettings.RegularProfile.Exceptions.auto-select-certificate recorded 1 samples, mean = 0.0 (flags = 0x1)
0  -O                                                                        (1 = 100.0%)
1  ... 

Histogram: ContentSettings.RegularProfile.Exceptions.automatic-downloads recorded 1 samples, mean = 0.0 (flags = 0x1)
0  -O                                                                        (1 = 100.0%)
1  ... 

Histogram: ContentSettings.RegularProfile.Exceptions.automatic-fullscreen recorded 1 samples, mean = 0.0 (flags = 0x1)
0  -O                                                                        (1 = 100.0%)
1  ... 

Histogram: ContentSettings.RegularProfile.Exceptions.autoplay recorded 1 samples, mean = 0.0 (flags = 0x1)
0  -O                                                                        (1 = 100.0%)
1  ... 

Histogram: ContentSettings.RegularProfile.Exceptions.background-sync recorded 1 samples, mean = 0.0 (flags = 0x1)
0  -O                                                                        (1 = 100.0%)
1  ... 

Histogram: ContentSettings.RegularProfile.Exceptions.bluetooth-chooser-data recorded 1 samples, mean = 0.0 (flags = 0x1)
0  -O                                                                        (1 = 100.0%)
1  ... 

Histogram: ContentSettings.RegularProfile.Exceptions.bluetooth-guard recorded 1 samples, mean = 0.0 (flags = 0x1)
0  -O                                                                        (1 = 100.0%)
1  ... 

Histogram: ContentSettings.RegularProfile.Exceptions.bluetooth-scanning recorded 1 samples, mean = 0.0 (flags = 0x1)
0  -O                                                                        (1 = 100.0%)
1  ... 

Histogram: ContentSettings.RegularProfile.Exceptions.camera-pan-tilt-zoom recorded 1 samples, mean = 0.0 (flags = 0x1)
0  -O                                                                        (1 = 100.0%)
1  ... 

Histogram: ContentSettings.RegularProfile.Exceptions.captured-surface-control recorded 1 samples, mean = 0.0 (flags = 0x1)
0  -O                                                                        (1 = 100.0%)
1  ... 

Histogram: ContentSettings.RegularProfile.Exceptions.client-hints recorded 1 samples, mean = 1.0 (flags = 0x1)
0  O                                                                         (0 = 0.0%)
1  -O                                                                        (1 = 100.0%) {0.0%}
2  ... 

Histogram: ContentSettings.RegularProfile.Exceptions.clipboard recorded 1 samples, mean = 0.0 (flags = 0x1)
0  -O                                                                        (1 = 100.0%)
1  ... 

Histogram: ContentSettings.RegularProfile.Exceptions.cookie-controls-metadata recorded 1 samples, mean = 0.0 (flags = 0x1)
0  -O                                                                        (1 = 100.0%)
1  ... 

Histogram: ContentSettings.RegularProfile.Exceptions.cookies recorded 1 samples, mean = 0.0 (flags = 0x1)
0  -O                                                                        (1 = 100.0%)
1  ... 

Histogram: ContentSettings.RegularProfile.Exceptions.cookies.Allow recorded 1 samples, mean = 0.0 (flags = 0x1)
0  -O                                                                        (1 = 100.0%)
1  ... 

Histogram: ContentSettings.RegularProfile.Exceptions.cookies.AllowThirdParty recorded 1 samples, mean = 0.0 (flags = 0x1)
0  -O                                                                        (1 = 100.0%)
1  ... 

Histogram: ContentSettings.RegularProfile.Exceptions.cookies.Block recorded 1 samples, mean = 0.0 (flags = 0x1)
0  -O                                                                        (1 = 100.0%)
1  ... 

Histogram: ContentSettings.RegularProfile.Exceptions.cookies.DomainWildcardAllowThirdParty recorded 1 samples, mean = 0.0 (flags = 0x1)
0  -O                                                                        (1 = 100.0%)
1  ... 

Histogram: ContentSettings.RegularProfile.Exceptions.cookies.SessionOnly recorded 1 samples, mean = 0.0 (flags = 0x1)
0  -O                                                                        (1 = 100.0%)
1  ... 

Histogram: ContentSettings.RegularProfile.Exceptions.cookies.TemporaryAllowThirdParty recorded 1 samples, mean = 0.0 (flags = 0x1)
0  -O                                                                        (1 = 100.0%)
1  ... 

Histogram: ContentSettings.RegularProfile.Exceptions.direct-sockets recorded 1 samples, mean = 0.0 (flags = 0x1)
0  -O                                                                        (1 = 100.0%)
1  ... 

Histogram: ContentSettings.RegularProfile.Exceptions.display-media-system-audio recorded 1 samples, mean = 0.0 (flags = 0x1)
0  -O                                                                        (1 = 100.0%)
1  ... 

Histogram: ContentSettings.RegularProfile.Exceptions.durable-storage recorded 1 samples, mean = 0.0 (flags = 0x1)
0  -O                                                                        (1 = 100.0%)
1  ... 

Histogram: ContentSettings.RegularProfile.Exceptions.fedcm-idp-registration recorded 1 samples, mean = 0.0 (flags = 0x1)
0  -O                                                                        (1 = 100.0%)
1  ... 

Histogram: ContentSettings.RegularProfile.Exceptions.fedcm-idp-signin recorded 1 samples, mean = 1.0 (flags = 0x1)
0  O                                                                         (0 = 0.0%)
1  -O                                                                        (1 = 100.0%) {0.0%}
2  ... 

Histogram: ContentSettings.RegularProfile.Exceptions.fedcm-share recorded 1 samples, mean = 0.0 (flags = 0x1)
0  -O                                                                        (1 = 100.0%)
1  ... 

Histogram: ContentSettings.RegularProfile.Exceptions.file-system-access-chooser-data recorded 1 samples, mean = 0.0 (flags = 0x1)
0  -O                                                                        (1 = 100.0%)
1  ... 

Histogram: ContentSettings.RegularProfile.Exceptions.file-system-access-extended-permission recorded 1 samples, mean = 0.0 (flags = 0x1)
0  -O                                                                        (1 = 100.0%)
1  ... 

Histogram: ContentSettings.RegularProfile.Exceptions.file-system-access-restore-permission recorded 1 samples, mean = 0.0 (flags = 0x1)
0  -O                                                                        (1 = 100.0%)
1  ... 

Histogram: ContentSettings.RegularProfile.Exceptions.file-system-last-picked-directory recorded 1 samples, mean = 0.0 (flags = 0x1)
0  -O                                                                        (1 = 100.0%)
1  ... 

Histogram: ContentSettings.RegularProfile.Exceptions.file-system-read-guard recorded 1 samples, mean = 0.0 (flags = 0x1)
0  -O                                                                        (1 = 100.0%)
1  ... 

Histogram: ContentSettings.RegularProfile.Exceptions.file-system-write-guard recorded 1 samples, mean = 0.0 (flags = 0x1)
0  -O                                                                        (1 = 100.0%)
1  ... 

Histogram: ContentSettings.RegularProfile.Exceptions.formfill-metadata recorded 1 samples, mean = 0.0 (flags = 0x1)
0  -O                                                                        (1 = 100.0%)
1  ... 

Histogram: ContentSettings.RegularProfile.Exceptions.geolocation recorded 1 samples, mean = 0.0 (flags = 0x1)
0  -O                                                                        (1 = 100.0%)
1  ... 

Histogram: ContentSettings.RegularProfile.Exceptions.hid-chooser-data recorded 1 samples, mean = 0.0 (flags = 0x1)
0  -O                                                                        (1 = 100.0%)
1  ... 

Histogram: ContentSettings.RegularProfile.Exceptions.hid-guard recorded 1 samples, mean = 0.0 (flags = 0x1)
0  -O                                                                        (1 = 100.0%)
1  ... 

Histogram: ContentSettings.RegularProfile.Exceptions.http-allowed recorded 1 samples, mean = 0.0 (flags = 0x1)
0  -O                                                                        (1 = 100.0%)
1  ... 

Histogram: ContentSettings.RegularProfile.Exceptions.https-enforced recorded 1 samples, mean = 0.0 (flags = 0x1)
0  -O                                                                        (1 = 100.0%)
1  ... 

Histogram: ContentSettings.RegularProfile.Exceptions.idle-detection recorded 1 samples, mean = 0.0 (flags = 0x1)
0  -O                                                                        (1 = 100.0%)
1  ... 

Histogram: ContentSettings.RegularProfile.Exceptions.images recorded 1 samples, mean = 0.0 (flags = 0x1)
0  -O                                                                        (1 = 100.0%)
1  ... 

Histogram: ContentSettings.RegularProfile.Exceptions.important-site-info recorded 1 samples, mean = 0.0 (flags = 0x1)
0  -O                                                                        (1 = 100.0%)
1  ... 

Histogram: ContentSettings.RegularProfile.Exceptions.insecure-private-network recorded 1 samples, mean = 0.0 (flags = 0x1)
0  -O                                                                        (1 = 100.0%)
1  ... 

Histogram: ContentSettings.RegularProfile.Exceptions.intent-picker-auto-display recorded 1 samples, mean = 0.0 (flags = 0x1)
0  -O                                                                        (1 = 100.0%)
1  ... 

Histogram: ContentSettings.RegularProfile.Exceptions.javascript recorded 1 samples, mean = 0.0 (flags = 0x1)
0  -O                                                                        (1 = 100.0%)
1  ... 

Histogram: ContentSettings.RegularProfile.Exceptions.javascript-jit recorded 1 samples, mean = 0.0 (flags = 0x1)
0  -O                                                                        (1 = 100.0%)
1  ... 

Histogram: ContentSettings.RegularProfile.Exceptions.javascript-optimizer recorded 1 samples, mean = 0.0 (flags = 0x1)
0  -O                                                                        (1 = 100.0%)
1  ... 

Histogram: ContentSettings.RegularProfile.Exceptions.keyboard-lock recorded 1 samples, mean = 0.0 (flags = 0x1)
0  -O                                                                        (1 = 100.0%)
1  ... 

Histogram: ContentSettings.RegularProfile.Exceptions.legacy-cookie-access recorded 1 samples, mean = 0.0 (flags = 0x1)
0  -O                                                                        (1 = 100.0%)
1  ... 

Histogram: ContentSettings.RegularProfile.Exceptions.local-fonts recorded 1 samples, mean = 0.0 (flags = 0x1)
0  -O                                                                        (1 = 100.0%)
1  ... 

Histogram: ContentSettings.RegularProfile.Exceptions.media-engagement recorded 1 samples, mean = 1.0 (flags = 0x1)
0  O                                                                         (0 = 0.0%)
1  -O                                                                        (1 = 100.0%) {0.0%}
2  ... 

Histogram: ContentSettings.RegularProfile.Exceptions.media-stream-camera recorded 1 samples, mean = 0.0 (flags = 0x1)
0  -O                                                                        (1 = 100.0%)
1  ... 

Histogram: ContentSettings.RegularProfile.Exceptions.media-stream-mic recorded 1 samples, mean = 0.0 (flags = 0x1)
0  -O                                                                        (1 = 100.0%)
1  ... 

Histogram: ContentSettings.RegularProfile.Exceptions.midi-sysex recorded 1 samples, mean = 0.0 (flags = 0x1)
0  -O                                                                        (1 = 100.0%)
1  ... 

Histogram: ContentSettings.RegularProfile.Exceptions.mixed-script recorded 1 samples, mean = 0.0 (flags = 0x1)
0  -O                                                                        (1 = 100.0%)
1  ... 

Histogram: ContentSettings.RegularProfile.Exceptions.nfc-devices recorded 1 samples, mean = 0.0 (flags = 0x1)
0  -O                                                                        (1 = 100.0%)
1  ... 

Histogram: ContentSettings.RegularProfile.Exceptions.notification-interactions recorded 1 samples, mean = 0.0 (flags = 0x1)
0  -O                                                                        (1 = 100.0%)
1  ... 

Histogram: ContentSettings.RegularProfile.Exceptions.notification-permission-review recorded 1 samples, mean = 0.0 (flags = 0x1)
0  -O                                                                        (1 = 100.0%)
1  ... 

Histogram: ContentSettings.RegularProfile.Exceptions.notifications recorded 1 samples, mean = 0.0 (flags = 0x1)
0  -O                                                                        (1 = 100.0%)
1  ... 

Histogram: ContentSettings.RegularProfile.Exceptions.password-protection recorded 1 samples, mean = 0.0 (flags = 0x1)
0  -O                                                                        (1 = 100.0%)
1  ... 

Histogram: ContentSettings.RegularProfile.Exceptions.payment-handler recorded 1 samples, mean = 0.0 (flags = 0x1)
0  -O                                                                        (1 = 100.0%)
1  ... 

Histogram: ContentSettings.RegularProfile.Exceptions.permission-autoblocking-data recorded 1 samples, mean = 0.0 (flags = 0x1)
0  -O                                                                        (1 = 100.0%)
1  ... 

Histogram: ContentSettings.RegularProfile.Exceptions.permission-autorevocation-data recorded 1 samples, mean = 0.0 (flags = 0x1)
0  -O                                                                        (1 = 100.0%)
1  ... 

Histogram: ContentSettings.RegularProfile.Exceptions.pointer-lock recorded 1 samples, mean = 0.0 (flags = 0x1)
0  -O                                                                        (1 = 100.0%)
1  ... 

Histogram: ContentSettings.RegularProfile.Exceptions.popups recorded 1 samples, mean = 0.0 (flags = 0x1)
0  -O                                                                        (1 = 100.0%)
1  ... 

Histogram: ContentSettings.RegularProfile.Exceptions.popups.Allow recorded 1 samples, mean = 0.0 (flags = 0x1)
0  -O                                                                        (1 = 100.0%)
1  ... 

Histogram: ContentSettings.RegularProfile.Exceptions.popups.Block recorded 1 samples, mean = 0.0 (flags = 0x1)
0  -O                                                                        (1 = 100.0%)
1  ... 

Histogram: ContentSettings.RegularProfile.Exceptions.private-network-chooser-data recorded 1 samples, mean = 0.0 (flags = 0x1)
0  -O                                                                        (1 = 100.0%)
1  ... 

Histogram: ContentSettings.RegularProfile.Exceptions.private-network-guard recorded 1 samples, mean = 0.0 (flags = 0x1)
0  -O                                                                        (1 = 100.0%)
1  ... 

Histogram: ContentSettings.RegularProfile.Exceptions.protected-media-identifier recorded 1 samples, mean = 0.0 (flags = 0x1)
0  -O                                                                        (1 = 100.0%)
1  ... 

Histogram: ContentSettings.RegularProfile.Exceptions.protocol-handler recorded 1 samples, mean = 0.0 (flags = 0x1)
0  -O                                                                        (1 = 100.0%)
1  ... 

Histogram: ContentSettings.RegularProfile.Exceptions.reduced-accept-language recorded 1 samples, mean = 0.0 (flags = 0x1)
0  -O                                                                        (1 = 100.0%)
1  ... 

Histogram: ContentSettings.RegularProfile.Exceptions.safe-browsing-url-check-data recorded 1 samples, mean = 0.0 (flags = 0x1)
0  -O                                                                        (1 = 100.0%)
1  ... 

Histogram: ContentSettings.RegularProfile.Exceptions.sensors recorded 1 samples, mean = 0.0 (flags = 0x1)
0  -O                                                                        (1 = 100.0%)
1  ... 

Histogram: ContentSettings.RegularProfile.Exceptions.serial-chooser-data recorded 1 samples, mean = 0.0 (flags = 0x1)
0  -O                                                                        (1 = 100.0%)
1  ... 

Histogram: ContentSettings.RegularProfile.Exceptions.serial-guard recorded 1 samples, mean = 0.0 (flags = 0x1)
0  -O                                                                        (1 = 100.0%)
1  ... 

Histogram: ContentSettings.RegularProfile.Exceptions.site-engagement recorded 1 samples, mean = 1.0 (flags = 0x1)
0  O                                                                         (0 = 0.0%)
1  -O                                                                        (1 = 100.0%) {0.0%}
2  ... 

Histogram: ContentSettings.RegularProfile.Exceptions.sound recorded 1 samples, mean = 0.0 (flags = 0x1)
0  -O                                                                        (1 = 100.0%)
1  ... 

Histogram: ContentSettings.RegularProfile.Exceptions.speaker-selection recorded 1 samples, mean = 0.0 (flags = 0x1)
0  -O                                                                        (1 = 100.0%)
1  ... 

Histogram: ContentSettings.RegularProfile.Exceptions.ssl-cert-decisions recorded 1 samples, mean = 0.0 (flags = 0x1)
0  -O                                                                        (1 = 100.0%)
1  ... 

Histogram: ContentSettings.RegularProfile.Exceptions.storage-access recorded 1 samples, mean = 0.0 (flags = 0x1)
0  -O                                                                        (1 = 100.0%)
1  ... 

Histogram: ContentSettings.RegularProfile.Exceptions.storage-access-header-origin-trial recorded 1 samples, mean = 0.0 (flags = 0x1)
0  -O                                                                        (1 = 100.0%)
1  ... 

Histogram: ContentSettings.RegularProfile.Exceptions.storage-access.Allow recorded 1 samples, mean = 0.0 (flags = 0x1)
0  -O                                                                        (1 = 100.0%)
1  ... 

Histogram: ContentSettings.RegularProfile.Exceptions.storage-access.Ask recorded 1 samples, mean = 0.0 (flags = 0x1)
0  -O                                                                        (1 = 100.0%)
1  ... 

Histogram: ContentSettings.RegularProfile.Exceptions.storage-access.Block recorded 1 samples, mean = 0.0 (flags = 0x1)
0  -O                                                                        (1 = 100.0%)
1  ... 

Histogram: ContentSettings.RegularProfile.Exceptions.storage-access.MaxRequester recorded 1 samples, mean = 0.0 (flags = 0x1)
0  -O                                                                        (1 = 100.0%)
1  ... 

Histogram: ContentSettings.RegularProfile.Exceptions.storage-access.MaxTopLevel recorded 1 samples, mean = 0.0 (flags = 0x1)
0  -O                                                                        (1 = 100.0%)
1  ... 

Histogram: ContentSettings.RegularProfile.Exceptions.subresource-filter recorded 1 samples, mean = 0.0 (flags = 0x1)
0  -O                                                                        (1 = 100.0%)
1  ... 

Histogram: ContentSettings.RegularProfile.Exceptions.subresource-filter-data recorded 1 samples, mean = 0.0 (flags = 0x1)
0  -O                                                                        (1 = 100.0%)
1  ... 

Histogram: ContentSettings.RegularProfile.Exceptions.subresource-filter.Allow recorded 1 samples, mean = 0.0 (flags = 0x1)
0  -O                                                                        (1 = 100.0%)
1  ... 

Histogram: ContentSettings.RegularProfile.Exceptions.subresource-filter.Block recorded 1 samples, mean = 0.0 (flags = 0x1)
0  -O                                                                        (1 = 100.0%)
1  ... 

Histogram: ContentSettings.RegularProfile.Exceptions.third-party-storage-partitioning recorded 1 samples, mean = 0.0 (flags = 0x1)
0  -O                                                                        (1 = 100.0%)
1  ... 

Histogram: ContentSettings.RegularProfile.Exceptions.top-level-3pcd-origin-trial recorded 1 samples, mean = 0.0 (flags = 0x1)
0  -O                                                                        (1 = 100.0%)
1  ... 

Histogram: ContentSettings.RegularProfile.Exceptions.top-level-3pcd-support recorded 1 samples, mean = 0.0 (flags = 0x1)
0  -O                                                                        (1 = 100.0%)
1  ... 

Histogram: ContentSettings.RegularProfile.Exceptions.top-level-storage-access recorded 1 samples, mean = 0.0 (flags = 0x1)
0  -O                                                                        (1 = 100.0%)
1  ... 

Histogram: ContentSettings.RegularProfile.Exceptions.tracking-protection recorded 1 samples, mean = 0.0 (flags = 0x1)
0  -O                                                                        (1 = 100.0%)
1  ... 

Histogram: ContentSettings.RegularProfile.Exceptions.tracking-protection.Allow recorded 1 samples, mean = 0.0 (flags = 0x1)
0  -O                                                                        (1 = 100.0%)
1  ... 

Histogram: ContentSettings.RegularProfile.Exceptions.tracking-protection.Block recorded 1 samples, mean = 0.0 (flags = 0x1)
0  -O                                                                        (1 = 100.0%)
1  ... 

Histogram: ContentSettings.RegularProfile.Exceptions.unused-site-permissions recorded 1 samples, mean = 0.0 (flags = 0x1)
0  -O                                                                        (1 = 100.0%)
1  ... 

Histogram: ContentSettings.RegularProfile.Exceptions.usb-chooser-data recorded 1 samples, mean = 0.0 (flags = 0x1)
0  -O                                                                        (1 = 100.0%)
1  ... 

Histogram: ContentSettings.RegularProfile.Exceptions.usb-guard recorded 1 samples, mean = 0.0 (flags = 0x1)
0  -O                                                                        (1 = 100.0%)
1  ... 

Histogram: ContentSettings.RegularProfile.Exceptions.vr recorded 1 samples, mean = 0.0 (flags = 0x1)
0  -O                                                                        (1 = 100.0%)
1  ... 

Histogram: ContentSettings.RegularProfile.Exceptions.webid-api recorded 1 samples, mean = 0.0 (flags = 0x1)
0  -O                                                                        (1 = 100.0%)
1  ... 

Histogram: ContentSettings.RegularProfile.Exceptions.webid-auto-reauthn recorded 1 samples, mean = 0.0 (flags = 0x1)
0  -O                                                                        (1 = 100.0%)
1  ... 

Histogram: ContentSettings.RegularProfile.Exceptions.window-placement recorded 1 samples, mean = 0.0 (flags = 0x1)
0  -O                                                                        (1 = 100.0%)
1  ... 

Histogram: Conversions.DelayOnAttestationsLoaded recorded 1 samples, mean = 7865.0 (flags = 0x1)
0     ... 
6968  -O                                                                        (1 = 100.0%) {0.0%}
8955  ... 

Histogram: Cookie.ClockSkew.AddMinutes recorded 1 samples, mean = 0.0 (flags = 0x1)
0  -O                                                                        (1 = 100.0%)
1  ... 

Histogram: Cookie.ClockSkew.AddMinutes12To24Hours recorded 1 samples, mean = 0.0 (flags = 0x1)
0  -O                                                                        (1 = 100.0%)
720... 

Histogram: Cookie.ClockSkew.ExpiredWithoutSkew recorded 1 samples, mean = 0.0 (flags = 0x1)
0  -O                                                                        (1 = 100.0%)
1  ... 

Histogram: Cookie.CookiePrefix recorded 2 samples, mean = 0.0 (flags = 0x1)
0  --O                                                                       (2 = 100.0%)
1  ... 

Histogram: Cookie.CookieSchemeRequestScheme recorded 101 samples, mean = 2.0 (flags = 0x1)
0  ... 
2  ------------------------------------------------------------------------O (101 = 100.0%) {0.0%}
3  ... 

Histogram: Cookie.CookieSourceScheme recorded 2 samples, mean = 0.0 (flags = 0x1)
0  --O                                                                       (2 = 100.0%)
1  ... 

Histogram: Cookie.CookieSourceSchemeName recorded 2 samples, mean = 14.0 (flags = 0x1)
0   ... 
14  --O                                                                       (2 = 100.0%) {0.0%}
15  ... 

Histogram: Cookie.CrossSiteRedirectType.Read recorded 158 samples, mean = 1.0 (flags = 0x1)
0  O                                                                         (0 = 0.0%)
1  ------------------------------------------------------------------------O (158 = 100.0%) {0.0%}
2  ... 

Histogram: Cookie.CrossSiteRedirectType.Write recorded 2 samples, mean = 1.0 (flags = 0x1)
0  O                                                                         (0 = 0.0%)
1  --O                                                                       (2 = 100.0%) {0.0%}
2  ... 

Histogram: Cookie.DaysSinceRefreshForRetrieval recorded 4 samples, mean = 0.0 (flags = 0x1)
0  ----O                                                                     (4 = 100.0%)
1  ... 

Histogram: Cookie.DomainHasNonASCII recorded 2 samples, mean = 0.0 (flags = 0x1)
0  --O                                                                       (2 = 100.0%)
1  ... 

Histogram: Cookie.DomainSet recorded 2 samples, mean = 1.0 (flags = 0x1)
0  O                                                                         (0 = 0.0%)
1  --O                                                                       (2 = 100.0%) {0.0%}
2  O                                                                         (0 = 0.0%) {100.0%}

Histogram: Cookie.DoubleUnderscorePrefixedName recorded 2 samples, mean = 0.0 (flags = 0x1)
0  --O                                                                       (2 = 100.0%)
1  ... 

Histogram: Cookie.ExpirationDuration400DaysLTE recorded 1 samples, mean = 365.0 (flags = 0x1)
0    ... 
364  -O                                                                        (1 = 100.0%) {0.0%}
400  O                                                                         (0 = 0.0%) {100.0%}

Histogram: Cookie.ExpirationDurationMinutesSecure recorded 1 samples, mean = 525600.0 (flags = 0x1)
0       ... 
429766  -O                                                                        (1 = 100.0%) {0.0%}
587706  ... 

Histogram: Cookie.FirstPartyPartitioned.HasCrossSiteAncestor recorded 53 samples, mean = 0.0 (flags = 0x1)
0  -----------------------------------------------------O                    (53 = 100.0%)
1  ... 

Histogram: Cookie.FirstPartySets.Browser.DelayedQueriesCount recorded 1 samples, mean = 2.0 (flags = 0x1)
0  ... 
2  -O                                                                        (1 = 100.0%) {0.0%}
3  ... 

Histogram: Cookie.FirstPartySets.Browser.MostDelayedQueryDelta recorded 1 samples, mean = 9029.0 (flags = 0x1)
0     ... 
8416  -O                                                                        (1 = 100.0%) {0.0%}
10000 O                                                                         (0 = 0.0%) {100.0%}

Histogram: Cookie.FirstPartySets.ComponentSetsNonfatalErrors recorded 1 samples, mean = 0.0 (flags = 0x1)
0  -O                                                                        (1 = 100.0%)
1  ... 

Histogram: Cookie.FirstPartySets.ComponentSetsParsedSuccessfully recorded 1 samples, mean = 70.0 (flags = 0x1)
0   ... 
67  -O                                                                        (1 = 100.0%) {0.0%}
75  ... 

Histogram: Cookie.FirstPartySets.ContextDelayedQueriesCount recorded 1 samples, mean = 0.0 (flags = 0x1)
0  -O                                                                        (1 = 100.0%)
1  ... 

Histogram: Cookie.FirstPartySets.ContextMostDelayedQueryDelta recorded 1 samples, mean = 0.0 (flags = 0x1)
0  -O                                                                        (1 = 100.0%)
1  ... 

Histogram: Cookie.FirstPartySets.EnqueueingDelay.ContextConfig2 recorded 1 samples, mean = 8990.0 (flags = 0x1)
0     ... 
8416  -O                                                                        (1 = 100.0%) {0.0%}
10000 O                                                                         (0 = 0.0%) {100.0%}

Histogram: Cookie.FirstPartySets.InitializationDuration.ContextReadyToServeQueries2 recorded 1 samples, mean = 5145.0 (flags = 0x1)
0     ... 
5017  -O                                                                        (1 = 100.0%) {0.0%}
5961  ... 

Histogram: Cookie.FirstPartySets.InitializationDuration.ReadCommandLineSet2 recorded 1 samples, mean = 72.0 (flags = 0x1)
0   ... 
68  -O                                                                        (1 = 100.0%) {0.0%}
81  ... 

Histogram: Cookie.FirstPartySets.InitializationDuration.ReadComponentSets2 recorded 1 samples, mean = 9029.0 (flags = 0x1)
0     ... 
8416  -O                                                                        (1 = 100.0%) {0.0%}
10000 O                                                                         (0 = 0.0%) {100.0%}

Histogram: Cookie.FirstPartySets.InitializationDuration.ReadyToServeQueries2 recorded 1 samples, mean = 8760.0 (flags = 0x1)
0     ... 
8416  -O                                                                        (1 = 100.0%) {0.0%}
10000 O                                                                         (0 = 0.0%) {100.0%}

Histogram: Cookie.FirstPartySets.Network.DelayedQueriesCount recorded 1 samples, mean = 0.0 (flags = 0x1)
0  -O                                                                        (1 = 100.0%)
1  ... 

Histogram: Cookie.FirstPartySets.Network.MostDelayedQueryDelta recorded 1 samples, mean = 0.0 (flags = 0x1)
0  -O                                                                        (1 = 100.0%)
1  ... 

Histogram: Cookie.FirstPartySets.ProcessedEntireComponent recorded 1 samples, mean = 1.0 (flags = 0x1)
0  O                                                                         (0 = 0.0%)
1  -O                                                                        (1 = 100.0%) {0.0%}
2  O                                                                         (0 = 0.0%) {100.0%}

Histogram: Cookie.FromStorageWithValidLength recorded 95 samples, mean = 1.0 (flags = 0x1)
0  O                                                                         (0 = 0.0%)
1  ------------------------------------------------------------------------O (95 = 100.0%) {0.0%}
2  O                                                                         (0 = 0.0%) {100.0%}

Histogram: Cookie.HasNonASCII.Name recorded 2 samples, mean = 0.0 (flags = 0x1)
0  --O                                                                       (2 = 100.0%)
1  ... 

Histogram: Cookie.HasNonASCII.Value recorded 2 samples, mean = 0.0 (flags = 0x1)
0  --O                                                                       (2 = 100.0%)
1  ... 

Histogram: Cookie.IncludedRequestEffectiveSameSite recorded 159 samples, mean = 0.0 (flags = 0x1)
0  ------------------------------------------------------------------------O (159 = 100.0%)
1  ... 

Histogram: Cookie.IncludedResponseEffectiveSameSite recorded 2 samples, mean = 0.0 (flags = 0x1)
0  --O                                                                       (2 = 100.0%)
1  ... 

Histogram: Cookie.IsPartitionedValid recorded 1 samples, mean = 1.0 (flags = 0x1)
0  O                                                                         (0 = 0.0%)
1  -O                                                                        (1 = 100.0%) {0.0%}
2  O                                                                         (0 = 0.0%) {100.0%}

Histogram: Cookie.NameOrValueHtab recorded 2 samples, mean = 0.0 (flags = 0x1)
0  --O                                                                       (2 = 100.0%)
1  ... 

Histogram: Cookie.OnCookiesAccessed.BatchSize recorded 13 samples, mean = 1.1 (flags = 0x1)
0  O                                                                         (0 = 0.0%)
1  ------------O                                                             (12 = 92.3%) {0.0%}
2  -O                                                                        (1 = 7.7%) {92.3%}
3  ... 

Histogram: Cookie.OnCookiesAccessed.TotalAccesses recorded 13 samples, mean = 2.1 (flags = 0x1)
0  ... 
2  ------------O                                                             (12 = 92.3%) {0.0%}
3  -O                                                                        (1 = 7.7%) {92.3%}
4  ... 

Histogram: Cookie.PartitionedCookiesInRequest recorded 51 samples, mean = 1.0 (flags = 0x1)
0  -O                                                                        (1 = 2.0%)
1  --------------------------------------------------O                       (50 = 98.0%) {2.0%}
2  ... 

Histogram: Cookie.Port.Read.RemoteHost recorded 159 samples, mean = 7.0 (flags = 0x1)
0  ... 
7  ------------------------------------------------------------------------O (159 = 100.0%) {0.0%}
8  ... 

Histogram: Cookie.Port.ReadDiffersFromSet.DomainSet recorded 159 samples, mean = 4.0 (flags = 0x1)
0  ... 
4  ------------------------------------------------------------------------O (159 = 100.0%) {0.0%}
5  O                                                                         (0 = 0.0%) {100.0%}

Histogram: Cookie.Port.ReadDiffersFromSet.RemoteHost recorded 159 samples, mean = 4.0 (flags = 0x1)
0  ... 
4  ------------------------------------------------------------------------O (159 = 100.0%) {0.0%}
5  O                                                                         (0 = 0.0%) {100.0%}

Histogram: Cookie.Port.Set.RemoteHost recorded 2 samples, mean = 7.0 (flags = 0x1)
0  ... 
7  --O                                                                       (2 = 100.0%) {0.0%}
8  ... 

Histogram: Cookie.RequestSameSiteContext recorded 161 samples, mean = 2.9 (flags = 0x1)
0  --O                                                                       (4 = 2.5%)
1  ... 
3  ------------------------------------------------------------------------O (157 = 97.5%) {2.5%}
4  O                                                                         (0 = 0.0%) {100.0%}

Histogram: Cookie.SameSiteAttributeValue recorded 2 samples, mean = 5.0 (flags = 0x1)
0  ... 
5  --O                                                                       (2 = 100.0%) {0.0%}
6  ... 

Histogram: Cookie.SameSiteNoneSizeBytes recorded 2 samples, mean = 175.0 (flags = 0x1)
0    ... 
40   -O                                                                        (1 = 50.0%) {0.0%}
48   ... 
268  -O                                                                        (1 = 50.0%) {50.0%}
318  ... 

Histogram: Cookie.SameSiteNoneSizeBytes.Partitioned recorded 1 samples, mean = 310.0 (flags = 0x1)
0    ... 
268  -O                                                                        (1 = 100.0%) {0.0%}
318  ... 

Histogram: Cookie.SameSiteNoneSizeBytes.Unpartitioned recorded 1 samples, mean = 40.0 (flags = 0x1)
0   ... 
40  -O                                                                        (1 = 100.0%) {0.0%}
48  ... 

Histogram: Cookie.SessionAgeInHoursLTEOneWeek2 recorded 1 samples, mean = 0.0 (flags = 0x1)
0  -O                                                                        (1 = 100.0%)
1  ... 

Histogram: Cookie.SessionAgeSinceLastUpdateInHoursLTEOneWeek recorded 1 samples, mean = 0.0 (flags = 0x1)
0  -O                                                                        (1 = 100.0%)
1  ... 

Histogram: Cookie.SourceType recorded 6 samples, mean = 1.0 (flags = 0x1)
0  O                                                                         (0 = 0.0%)
1  ------O                                                                   (6 = 100.0%) {0.0%}
2  ... 

Histogram: Cookie.TimeBlockedOnLoad recorded 2 samples, mean = 1982.0 (flags = 0x1)
0     ... 
2     -O                                                                        (1 = 50.0%) {0.0%}
3     ... 
3674  -O                                                                        (1 = 50.0%) {50.0%}
4555  ... 

Histogram: Cookie.TimeInitializeDB recorded 2 samples, mean = 1.0 (flags = 0x1)
0  O                                                                         (0 = 0.0%)
1  --O                                                                       (2 = 100.0%) {0.0%}
2  ... 

Histogram: Cookie.TimeOpsBlockedDueToGlobalOp recorded 2 samples, mean = 1.0 (flags = 0x1)
0  -O                                                                        (1 = 50.0%)
1  O                                                                         (0 = 0.0%) {50.0%}
2  -O                                                                        (1 = 50.0%) {50.0%}
3  ... 

Histogram: Cookie.Type2 recorded 6 samples, mean = 10.7 (flags = 0x1)
0   ... 
4   --O                                                                       (2 = 33.3%) {0.0%}
5   ... 
14  ----O                                                                     (4 = 66.7%) {33.3%}
15  ... 

Histogram: Crypto.TPMDuration.MessageSigningECDSA recorded 1 samples, mean = 664.0 (flags = 0x1)
0    ... 
574  -O                                                                        (1 = 100.0%) {0.0%}
729  ... 

Histogram: Crypto.TPMDuration.NewKeyCreationECDSA recorded 1 samples, mean = 1531.0 (flags = 0x1)
0     ... 
1496  -O                                                                        (1 = 100.0%) {0.0%}
1901  ... 

Histogram: Crypto.TPMDuration.Virtual.MessageSigningECDSA recorded 1 samples, mean = 1.0 (flags = 0x1)
0  O                                                                         (0 = 0.0%)
1  -O                                                                        (1 = 100.0%) {0.0%}
2  ... 

Histogram: Crypto.TPMDuration.Virtual.NewKeyCreationECDSA recorded 1 samples, mean = 18.0 (flags = 0x1)
0   ... 
16  -O                                                                        (1 = 100.0%) {0.0%}
20  ... 

Histogram: Crypto.TPMDuration.Virtual.WrappedKeyCreationECDSA recorded 1 samples, mean = 4.0 (flags = 0x1)
0  ... 
4  -O                                                                        (1 = 100.0%) {0.0%}
5  ... 

Histogram: Crypto.TPMDuration.WrappedKeyCreationECDSA recorded 1 samples, mean = 478.0 (flags = 0x1)
0    ... 
452  -O                                                                        (1 = 100.0%) {0.0%}
574  ... 

Histogram: Crypto.TPMOperation.MessageSigningECDSA recorded 1 samples, mean = 1.0 (flags = 0x1)
0  O                                                                         (0 = 0.0%)
1  -O                                                                        (1 = 100.0%) {0.0%}
2  O                                                                         (0 = 0.0%) {100.0%}

Histogram: Crypto.TPMOperation.MessageVerifyECDSA recorded 1 samples, mean = 1.0 (flags = 0x1)
0  O                                                                         (0 = 0.0%)
1  -O                                                                        (1 = 100.0%) {0.0%}
2  O                                                                         (0 = 0.0%) {100.0%}

Histogram: Crypto.TPMOperation.NewKeyCreationECDSA recorded 1 samples, mean = 1.0 (flags = 0x1)
0  O                                                                         (0 = 0.0%)
1  -O                                                                        (1 = 100.0%) {0.0%}
2  O                                                                         (0 = 0.0%) {100.0%}

Histogram: Crypto.TPMOperation.Virtual.MessageSigningECDSA recorded 1 samples, mean = 1.0 (flags = 0x1)
0  O                                                                         (0 = 0.0%)
1  -O                                                                        (1 = 100.0%) {0.0%}
2  O                                                                         (0 = 0.0%) {100.0%}

Histogram: Crypto.TPMOperation.Virtual.MessageVerifyECDSA recorded 1 samples, mean = 1.0 (flags = 0x1)
0  O                                                                         (0 = 0.0%)
1  -O                                                                        (1 = 100.0%) {0.0%}
2  O                                                                         (0 = 0.0%) {100.0%}

Histogram: Crypto.TPMOperation.Virtual.NewKeyCreationECDSA recorded 1 samples, mean = 1.0 (flags = 0x1)
0  O                                                                         (0 = 0.0%)
1  -O                                                                        (1 = 100.0%) {0.0%}
2  O                                                                         (0 = 0.0%) {100.0%}

Histogram: Crypto.TPMOperation.Virtual.WrappedKeyCreationECDSA recorded 1 samples, mean = 1.0 (flags = 0x1)
0  O                                                                         (0 = 0.0%)
1  -O                                                                        (1 = 100.0%) {0.0%}
2  O                                                                         (0 = 0.0%) {100.0%}

Histogram: Crypto.TPMOperation.WrappedKeyCreationECDSA recorded 1 samples, mean = 1.0 (flags = 0x1)
0  O                                                                         (0 = 0.0%)
1  -O                                                                        (1 = 100.0%) {0.0%}
2  O                                                                         (0 = 0.0%) {100.0%}

Histogram: Crypto.TPMSupport2 recorded 1 samples, mean = 2.0 (flags = 0x1)
0  ... 
2  -O                                                                        (1 = 100.0%) {0.0%}
3  O                                                                         (0 = 0.0%) {100.0%}

Histogram: Crypto.TPMSupportType recorded 1 samples, mean = 3.0 (flags = 0x1)
0  ... 
3  -O                                                                        (1 = 100.0%) {0.0%}
4  O                                                                         (0 = 0.0%) {100.0%}

Histogram: Crypto.VirtualKeySupport recorded 1 samples, mean = 2.0 (flags = 0x1)
0  ... 
2  -O                                                                        (1 = 100.0%) {0.0%}
3  O                                                                         (0 = 0.0%) {100.0%}

Histogram: DOMStorage.CommitMeasuredDelay recorded 4 samples, mean = 4297.5 (flags = 0x1)
0     ... 
2394  -O                                                                        (1 = 25.0%) {0.0%}
2763  ... 
4249  -O                                                                        (1 = 25.0%) {25.0%}
4904  --O                                                                       (2 = 50.0%) {50.0%}
5660  ... 

Histogram: DOMStorage.CommitSizeBytes recorded 1 samples, mean = 5905.0 (flags = 0x1)
0     ... 
5848  -O                                                                        (1 = 100.0%) {0.0%}
6593  ... 

Histogram: DataUse.BytesReceived3.Delegate recorded 21 samples, mean = 18438.3 (flags = 0x1)
0       ... 
138     -O                                                                        (1 = 4.8%) {0.0%}
178     ... 
297     -O                                                                        (1 = 4.8%) {4.8%}
383     ---O                                                                      (3 = 14.3%) {9.5%}
494     -O                                                                        (1 = 4.8%) {23.8%}
637     -O                                                                        (1 = 4.8%) {28.6%}
821     ... 
1366    ---O                                                                      (3 = 14.3%) {33.3%}
1761    ... 
2928    -----O                                                                    (5 = 23.8%) {47.6%}
3776    ... 
17362   -O                                                                        (1 = 4.8%) {71.4%}
22388   O                                                                         (0 = 0.0%) {76.2%}
28869   -O                                                                        (1 = 4.8%) {76.2%}
37226   O                                                                         (0 = 0.0%) {81.0%}
48002   --O                                                                       (2 = 9.5%) {81.0%}
61898   O                                                                         (0 = 0.0%) {90.5%}
79817   -O                                                                        (1 = 4.8%) {90.5%}
102923  -O                                                                        (1 = 4.8%) {95.2%}
132718  ... 

Histogram: DataUse.BytesSent3.Delegate recorded 21 samples, mean = 1518.4 (flags = 0x1)
0      ... 
49     -O                                                                        (1 = 4.8%) {0.0%}
65     O                                                                         (0 = 0.0%) {4.8%}
86     -----O                                                                    (5 = 23.8%) {4.8%}
113    -O                                                                        (1 = 4.8%) {28.6%}
149    O                                                                         (0 = 0.0%) {33.3%}
196    -O                                                                        (1 = 4.8%) {33.3%}
258    ---O                                                                      (3 = 14.3%) {38.1%}
340    --O                                                                       (2 = 9.5%) {52.4%}
448    --O                                                                       (2 = 9.5%) {61.9%}
590    -O                                                                        (1 = 4.8%) {71.4%}
777    ---O                                                                      (3 = 14.3%) {76.2%}
1023   ... 
7031   -O                                                                        (1 = 4.8%) {90.5%}
9260   ... 
16063  -O                                                                        (1 = 4.8%) {95.2%}
21156  ... 

Histogram: DefaultBrowser.State recorded 1 samples, mean = 0.0 (flags = 0x1)
0  -O                                                                        (1 = 100.0%)
1  ... 

Histogram: DiskCache.0.Error recorded 1 samples, mean = 0.0 (flags = 0x1)
0  -O                                                                        (1 = 100.0%)
1  ... 

Histogram: DiskCache.0.TotalIOTimeRead recorded 117 samples, mean = 1.4 (flags = 0x1)
0  -------------------------------------------------------O                  (55 = 47.0%)
1  -----------------------------O                                            (29 = 24.8%) {47.0%}
2  --------O                                                                 (8 = 6.8%) {71.8%}
3  -------O                                                                  (7 = 6.0%) {78.6%}
4  -----O                                                                    (5 = 4.3%) {84.6%}
5  -----O                                                                    (5 = 4.3%) {88.9%}
6  ----O                                                                     (4 = 3.4%) {93.2%}
7  ----O                                                                     (4 = 3.4%) {96.6%}
8  ... 

Histogram: DiskCache.0.TotalIOTimeWrite recorded 42 samples, mean = 0.0 (flags = 0x1)
0  -----------------------------------------O                                (41 = 97.6%)
1  -O                                                                        (1 = 2.4%) {97.6%}
2  ... 

Histogram: Download.Database.IsAvailable recorded 1 samples, mean = 1.0 (flags = 0x1)
0  O                                                                         (0 = 0.0%)
1  -O                                                                        (1 = 100.0%) {0.0%}
2  O                                                                         (0 = 0.0%) {100.0%}

Histogram: Download.Service.Db.Operation.Failure recorded 1 samples, mean = 0.0 (flags = 0x1)
0  -O                                                                        (1 = 100.0%)
1  ... 

Histogram: Download.Service.Files.CleanUp.External recorded 1 samples, mean = 0.0 (flags = 0x1)
0  -O                                                                        (1 = 100.0%)
1  ... 

Histogram: Download.Service.Files.CleanUp.External.HardRecovery recorded 1 samples, mean = 0.0 (flags = 0x1)
0  -O                                                                        (1 = 100.0%)
1  ... 

Histogram: Download.Service.Files.CleanUp.Failure recorded 1 samples, mean = 0.0 (flags = 0x1)
0  -O                                                                        (1 = 100.0%)
1  ... 

Histogram: Download.Service.Files.CleanUp.Failure.HardRecovery recorded 1 samples, mean = 0.0 (flags = 0x1)
0  -O                                                                        (1 = 100.0%)
1  ... 

Histogram: Download.Service.Files.CleanUp.Success recorded 1 samples, mean = 0.0 (flags = 0x1)
0  -O                                                                        (1 = 100.0%)
1  ... 

Histogram: Download.Service.Files.CleanUp.Success.HardRecovery recorded 1 samples, mean = 0.0 (flags = 0x1)
0  -O                                                                        (1 = 100.0%)
1  ... 

Histogram: Download.Service.StartUpStatus.Initialization recorded 2 samples, mean = 2.0 (flags = 0x1)
0  O                                                                         (0 = 0.0%)
1  -O                                                                        (1 = 50.0%) {0.0%}
2  O                                                                         (0 = 0.0%) {50.0%}
3  -O                                                                        (1 = 50.0%) {50.0%}
4  ... 

Histogram: Download.Service.StartUpStatus.Recovery recorded 2 samples, mean = 2.0 (flags = 0x1)
0  O                                                                         (0 = 0.0%)
1  -O                                                                        (1 = 50.0%) {0.0%}
2  O                                                                         (0 = 0.0%) {50.0%}
3  -O                                                                        (1 = 50.0%) {50.0%}
4  ... 

Histogram: Enterprise.TimeToFirstPolicyLoad.Profile.Unmanaged recorded 1 samples, mean = 0.0 (flags = 0x1)
0  -O                                                                        (1 = 100.0%)
1  ... 

Histogram: EnterpriseCheck.AzureADJoinStatusCheckTime recorded 1 samples, mean = 5.0 (flags = 0x1)
0  ... 
5  -O                                                                        (1 = 100.0%) {0.0%}
6  ... 

Histogram: Event.GestureCreated recorded 1 samples, mean = 12.0 (flags = 0x1)
0   ... 
12  -O                                                                        (1 = 100.0%) {0.0%}
13  ... 

Histogram: Extension.Toolbar.BrowserActionsCount2 recorded 1 samples, mean = 0.0 (flags = 0x1)
0  -O                                                                        (1 = 100.0%)
1  ... 

Histogram: ExtensionToolbarModel.BrowserActionsCount recorded 1 samples, mean = 0.0 (flags = 0x1)
0  -O                                                                        (1 = 100.0%)
1  ... 

Histogram: Extensions.AppLocation2 recorded 1 samples, mean = 5.0 (flags = 0x1)
0  ... 
5  -O                                                                        (1 = 100.0%) {0.0%}
6  ... 

Histogram: Extensions.CorruptExtensionTotalDisables recorded 1 samples, mean = 0.0 (flags = 0x1)
0  -O                                                                        (1 = 100.0%)
1  ... 

Histogram: Extensions.CorruptExtensionTotalDisables2 recorded 1 samples, mean = 0.0 (flags = 0x1)
0  -O                                                                        (1 = 100.0%)
1  ... 

Histogram: Extensions.Database.Open.State recorded 2 samples, mean = 5.0 (flags = 0x1)
0  ... 
5  --O                                                                       (2 = 100.0%) {0.0%}
6  O                                                                         (0 = 0.0%) {100.0%}

Histogram: Extensions.DeveloperModeEnabled recorded 2 samples, mean = 0.0 (flags = 0x1)
0  --O                                                                       (2 = 100.0%)
1  ... 

Histogram: Extensions.DidCreateScriptContext_Unspecified recorded 1 samples, mean = 1.0 (flags = 0x1)
0  O                                                                         (0 = 0.0%)
1  -O                                                                        (1 = 100.0%) {0.0%}
2  ... 

Histogram: Extensions.DidCreateScriptContext_WebPage recorded 3 samples, mean = 0.3 (flags = 0x1)
0  --O                                                                       (2 = 66.7%)
1  -O                                                                        (1 = 33.3%) {66.7%}
2  ... 

Histogram: Extensions.Disabled recorded 1 samples, mean = 0.0 (flags = 0x1)
0  -O                                                                        (1 = 100.0%)
1  ... 

Histogram: Extensions.Disabled2 recorded 1 samples, mean = 0.0 (flags = 0x1)
0  -O                                                                        (1 = 100.0%)
1  ... 

Histogram: Extensions.DisabledForPermissions recorded 1 samples, mean = 0.0 (flags = 0x1)
0  -O                                                                        (1 = 100.0%)
1  ... 

Histogram: Extensions.DisabledForPermissions2 recorded 1 samples, mean = 0.0 (flags = 0x1)
0  -O                                                                        (1 = 100.0%)
1  ... 

Histogram: Extensions.EventlessEventPages2 recorded 1 samples, mean = 0.0 (flags = 0x1)
0  -O                                                                        (1 = 100.0%)
1  ... 

Histogram: Extensions.ExtensionLocation recorded 1 samples, mean = 5.0 (flags = 0x1)
0  ... 
5  -O                                                                        (1 = 100.0%) {0.0%}
6  ... 

Histogram: Extensions.ExtensionLocation2 recorded 1 samples, mean = 5.0 (flags = 0x1)
0  ... 
5  -O                                                                        (1 = 100.0%) {0.0%}
6  ... 

Histogram: Extensions.ExtensionsWithPageActions recorded 1 samples, mean = 0.0 (flags = 0x1)
0  -O                                                                        (1 = 100.0%)
1  ... 

Histogram: Extensions.ExternalRegistryLoaderWin recorded 1 samples, mean = 0.0
0  -O                                                                        (1 = 100.0%)
1  ... 

Histogram: Extensions.HomepageOverrides recorded 1 samples, mean = 0.0 (flags = 0x1)
0  -O                                                                        (1 = 100.0%)
1  ... 

Histogram: Extensions.HomepageOverrides2 recorded 1 samples, mean = 0.0 (flags = 0x1)
0  -O                                                                        (1 = 100.0%)
1  ... 

Histogram: Extensions.InjectEnd_ScriptCount recorded 3 samples, mean = 0.0 (flags = 0x1)
0  ---O                                                                      (3 = 100.0%)
1  ... 

Histogram: Extensions.InjectIdle_ScriptCount recorded 3 samples, mean = 0.0 (flags = 0x1)
0  ---O                                                                      (3 = 100.0%)
1  ... 

Histogram: Extensions.InjectStart_CssCount recorded 5 samples, mean = 0.0 (flags = 0x1)
0  -----O                                                                    (5 = 100.0%)
1  ... 

Histogram: Extensions.InjectStart_ScriptCount recorded 5 samples, mean = 0.0 (flags = 0x1)
0  -----O                                                                    (5 = 100.0%)
1  ... 

Histogram: Extensions.LoadAll recorded 1 samples, mean = 2.0 (flags = 0x1)
0  ... 
2  -O                                                                        (1 = 100.0%) {0.0%}
3  ... 

Histogram: Extensions.LoadAll2 recorded 1 samples, mean = 2.0 (flags = 0x1)
0  ... 
2  -O                                                                        (1 = 100.0%) {0.0%}
3  ... 

Histogram: Extensions.LoadAllComponentTime recorded 1 samples, mean = 2.0 (flags = 0x1)
0  ... 
2  -O                                                                        (1 = 100.0%) {0.0%}
3  ... 

Histogram: Extensions.LoadAllComponentTime.User recorded 1 samples, mean = 2.0 (flags = 0x1)
0  ... 
2  -O                                                                        (1 = 100.0%) {0.0%}
3  ... 

Histogram: Extensions.LoadAllTime2 recorded 1 samples, mean = 0.0 (flags = 0x1)
0  -O                                                                        (1 = 100.0%)
1  ... 

Histogram: Extensions.LoadAllTime2.User recorded 1 samples, mean = 0.0 (flags = 0x1)
0  -O                                                                        (1 = 100.0%)
1  ... 

Histogram: Extensions.LoadApp recorded 1 samples, mean = 0.0 (flags = 0x1)
0  -O                                                                        (1 = 100.0%)
1  ... 

Histogram: Extensions.LoadApp2 recorded 1 samples, mean = 0.0 (flags = 0x1)
0  -O                                                                        (1 = 100.0%)
1  ... 

Histogram: Extensions.LoadAppExternal recorded 1 samples, mean = 0.0 (flags = 0x1)
0  -O                                                                        (1 = 100.0%)
1  ... 

Histogram: Extensions.LoadAppExternal2 recorded 1 samples, mean = 0.0 (flags = 0x1)
0  -O                                                                        (1 = 100.0%)
1  ... 

Histogram: Extensions.LoadAppUser recorded 1 samples, mean = 0.0 (flags = 0x1)
0  -O                                                                        (1 = 100.0%)
1  ... 

Histogram: Extensions.LoadAppUser2 recorded 1 samples, mean = 0.0 (flags = 0x1)
0  -O                                                                        (1 = 100.0%)
1  ... 

Histogram: Extensions.LoadBrowserAction recorded 1 samples, mean = 0.0 (flags = 0x1)
0  -O                                                                        (1 = 100.0%)
1  ... 

Histogram: Extensions.LoadBrowserAction2 recorded 1 samples, mean = 0.0 (flags = 0x1)
0  -O                                                                        (1 = 100.0%)
1  ... 

Histogram: Extensions.LoadExtension recorded 1 samples, mean = 0.0 (flags = 0x1)
0  -O                                                                        (1 = 100.0%)
1  ... 

Histogram: Extensions.LoadExtension2 recorded 1 samples, mean = 0.0 (flags = 0x1)
0  -O                                                                        (1 = 100.0%)
1  ... 

Histogram: Extensions.LoadExtensionExternal recorded 1 samples, mean = 0.0 (flags = 0x1)
0  -O                                                                        (1 = 100.0%)
1  ... 

Histogram: Extensions.LoadExtensionExternal2 recorded 1 samples, mean = 0.0 (flags = 0x1)
0  -O                                                                        (1 = 100.0%)
1  ... 

Histogram: Extensions.LoadExtensionUser2 recorded 1 samples, mean = 0.0 (flags = 0x1)
0  -O                                                                        (1 = 100.0%)
1  ... 

Histogram: Extensions.LoadHostedApp recorded 1 samples, mean = 0.0 (flags = 0x1)
0  -O                                                                        (1 = 100.0%)
1  ... 

Histogram: Extensions.LoadHostedApp2 recorded 1 samples, mean = 0.0 (flags = 0x1)
0  -O                                                                        (1 = 100.0%)
1  ... 

Histogram: Extensions.LoadNoExtensionAction recorded 1 samples, mean = 0.0 (flags = 0x1)
0  -O                                                                        (1 = 100.0%)
1  ... 

Histogram: Extensions.LoadNoExtensionAction2 recorded 1 samples, mean = 0.0 (flags = 0x1)
0  -O                                                                        (1 = 100.0%)
1  ... 

Histogram: Extensions.LoadOffStoreItems recorded 1 samples, mean = 0.0 (flags = 0x1)
0  -O                                                                        (1 = 100.0%)
1  ... 

Histogram: Extensions.LoadOffStoreItems2 recorded 1 samples, mean = 0.0 (flags = 0x1)
0  -O                                                                        (1 = 100.0%)
1  ... 

Histogram: Extensions.LoadPackagedApp recorded 1 samples, mean = 0.0 (flags = 0x1)
0  -O                                                                        (1 = 100.0%)
1  ... 

Histogram: Extensions.LoadPackagedApp2 recorded 1 samples, mean = 0.0 (flags = 0x1)
0  -O                                                                        (1 = 100.0%)
1  ... 

Histogram: Extensions.LoadPlatformApp recorded 1 samples, mean = 0.0 (flags = 0x1)
0  -O                                                                        (1 = 100.0%)
1  ... 

Histogram: Extensions.LoadPlatformApp2 recorded 1 samples, mean = 0.0 (flags = 0x1)
0  -O                                                                        (1 = 100.0%)
1  ... 

Histogram: Extensions.LoadTheme recorded 1 samples, mean = 0.0 (flags = 0x1)
0  -O                                                                        (1 = 100.0%)
1  ... 

Histogram: Extensions.LoadTheme2 recorded 1 samples, mean = 0.0 (flags = 0x1)
0  -O                                                                        (1 = 100.0%)
1  ... 

Histogram: Extensions.LoadUserScript recorded 1 samples, mean = 0.0 (flags = 0x1)
0  -O                                                                        (1 = 100.0%)
1  ... 

Histogram: Extensions.LoadUserScript2 recorded 1 samples, mean = 0.0 (flags = 0x1)
0  -O                                                                        (1 = 100.0%)
1  ... 

Histogram: Extensions.Management_Refresh recorded 1 samples, mean = 0.0 (flags = 0x1)
0  -O                                                                        (1 = 100.0%)
1  ... 

Histogram: Extensions.ManifestVersion2Count.Component recorded 1 samples, mean = 1.0 (flags = 0x1)
0  O                                                                         (0 = 0.0%)
1  -O                                                                        (1 = 100.0%) {0.0%}
2  ... 

Histogram: Extensions.ManifestVersion2Count.External recorded 1 samples, mean = 0.0 (flags = 0x1)
0  -O                                                                        (1 = 100.0%)
1  ... 

Histogram: Extensions.ManifestVersion2Count.Internal recorded 1 samples, mean = 0.0 (flags = 0x1)
0  -O                                                                        (1 = 100.0%)
1  ... 

Histogram: Extensions.ManifestVersion2Count.Policy recorded 1 samples, mean = 0.0 (flags = 0x1)
0  -O                                                                        (1 = 100.0%)
1  ... 

Histogram: Extensions.ManifestVersion2Count.Unpacked recorded 1 samples, mean = 0.0 (flags = 0x1)
0  -O                                                                        (1 = 100.0%)
1  ... 

Histogram: Extensions.ManifestVersion3Count.Component recorded 1 samples, mean = 0.0 (flags = 0x1)
0  -O                                                                        (1 = 100.0%)
1  ... 

Histogram: Extensions.ManifestVersion3Count.External recorded 1 samples, mean = 0.0 (flags = 0x1)
0  -O                                                                        (1 = 100.0%)
1  ... 

Histogram: Extensions.ManifestVersion3Count.Internal recorded 1 samples, mean = 0.0 (flags = 0x1)
0  -O                                                                        (1 = 100.0%)
1  ... 

Histogram: Extensions.ManifestVersion3Count.Policy recorded 1 samples, mean = 0.0 (flags = 0x1)
0  -O                                                                        (1 = 100.0%)
1  ... 

Histogram: Extensions.ManifestVersion3Count.Unpacked recorded 1 samples, mean = 0.0 (flags = 0x1)
0  -O                                                                        (1 = 100.0%)
1  ... 

Histogram: Extensions.ManifestVersionByLocation.Component recorded 1 samples, mean = 2.0 (flags = 0x1)
0  ... 
2  -O                                                                        (1 = 100.0%) {0.0%}
3  ... 

Histogram: Extensions.ManifestVersionPopulationSplit.Component recorded 1 samples, mean = 1.0 (flags = 0x1)
0  O                                                                         (0 = 0.0%)
1  -O                                                                        (1 = 100.0%) {0.0%}
2  ... 

Histogram: Extensions.ManifestVersionPopulationSplit.External recorded 1 samples, mean = 0.0 (flags = 0x1)
0  -O                                                                        (1 = 100.0%)
1  ... 

Histogram: Extensions.ManifestVersionPopulationSplit.Internal recorded 1 samples, mean = 0.0 (flags = 0x1)
0  -O                                                                        (1 = 100.0%)
1  ... 

Histogram: Extensions.ManifestVersionPopulationSplit.InternalAndExternal recorded 1 samples, mean = 0.0 (flags = 0x1)
0  -O                                                                        (1 = 100.0%)
1  ... 

Histogram: Extensions.ManifestVersionPopulationSplit.Unpacked recorded 1 samples, mean = 0.0 (flags = 0x1)
0  -O                                                                        (1 = 100.0%)
1  ... 

Histogram: Extensions.NewTabPageOverrides recorded 1 samples, mean = 0.0 (flags = 0x1)
0  -O                                                                        (1 = 100.0%)
1  ... 

Histogram: Extensions.NewTabPageOverrides2 recorded 1 samples, mean = 0.0 (flags = 0x1)
0  -O                                                                        (1 = 100.0%)
1  ... 

Histogram: Extensions.NonWebStoreNewTabPageOverrides recorded 1 samples, mean = 0.0 (flags = 0x1)
0  -O                                                                        (1 = 100.0%)
1  ... 

Histogram: Extensions.NonWebStoreNewTabPageOverrides2 recorded 1 samples, mean = 0.0 (flags = 0x1)
0  -O                                                                        (1 = 100.0%)
1  ... 

Histogram: Extensions.NonWebstoreLocation recorded 2 samples, mean = 5.0 (flags = 0x1)
0  ... 
5  --O                                                                       (2 = 100.0%) {0.0%}
6  ... 

Histogram: Extensions.NonWebstoreLocation2 recorded 2 samples, mean = 5.0 (flags = 0x1)
0  ... 
5  --O                                                                       (2 = 100.0%) {0.0%}
6  ... 

Histogram: Extensions.NonWebstoreLocationWithDeveloperModeOff.Enabled3 recorded 2 samples, mean = 5.0 (flags = 0x1)
0  ... 
5  --O                                                                       (2 = 100.0%) {0.0%}
6  ... 

Histogram: Extensions.NotAllowlistedDisabled recorded 1 samples, mean = 0.0 (flags = 0x1)
0  -O                                                                        (1 = 100.0%)
1  ... 

Histogram: Extensions.NotAllowlistedDisabled2 recorded 1 samples, mean = 0.0 (flags = 0x1)
0  -O                                                                        (1 = 100.0%)
1  ... 

Histogram: Extensions.NotAllowlistedEnabled recorded 1 samples, mean = 0.0 (flags = 0x1)
0  -O                                                                        (1 = 100.0%)
1  ... 

Histogram: Extensions.NotAllowlistedEnabled2 recorded 1 samples, mean = 0.0 (flags = 0x1)
0  -O                                                                        (1 = 100.0%)
1  ... 

Histogram: Extensions.ProcessManagerStartupHostsTime2 recorded 1 samples, mean = 0.0 (flags = 0x1)
0  -O                                                                        (1 = 100.0%)
1  ... 

Histogram: Extensions.SearchEngineOverrides recorded 1 samples, mean = 0.0 (flags = 0x1)
0  -O                                                                        (1 = 100.0%)
1  ... 

Histogram: Extensions.SearchEngineOverrides2 recorded 1 samples, mean = 0.0 (flags = 0x1)
0  -O                                                                        (1 = 100.0%)
1  ... 

Histogram: Extensions.StartupPagesOverrides recorded 1 samples, mean = 0.0 (flags = 0x1)
0  -O                                                                        (1 = 100.0%)
1  ... 

Histogram: Extensions.StartupPagesOverrides2 recorded 1 samples, mean = 0.0 (flags = 0x1)
0  -O                                                                        (1 = 100.0%)
1  ... 

Histogram: Extensions.WebRequestBlockingCount recorded 1 samples, mean = 0.0 (flags = 0x1)
0  -O                                                                        (1 = 100.0%)
1  ... 

Histogram: Extensions.WebRequestBlockingCount2 recorded 1 samples, mean = 0.0 (flags = 0x1)
0  -O                                                                        (1 = 100.0%)
1  ... 

Histogram: Extensions.WebRequestCount recorded 1 samples, mean = 0.0 (flags = 0x1)
0  -O                                                                        (1 = 100.0%)
1  ... 

Histogram: Extensions.WebRequestCount2 recorded 1 samples, mean = 0.0 (flags = 0x1)
0  -O                                                                        (1 = 100.0%)
1  ... 

Histogram: FetchKeepAlive.Renderer.Total.ReceivedResponse recorded 2 samples, mean = 1.0 (flags = 0x1)
0  O                                                                         (0 = 0.0%)
1  --O                                                                       (2 = 100.0%) {0.0%}
2  O                                                                         (0 = 0.0%) {100.0%}

Histogram: FetchKeepAlive.Renderer.Total.Started recorded 2 samples, mean = 1.0 (flags = 0x1)
0  O                                                                         (0 = 0.0%)
1  --O                                                                       (2 = 100.0%) {0.0%}
2  O                                                                         (0 = 0.0%) {100.0%}

Histogram: FetchKeepAlive.Requests2.Network recorded 4 samples, mean = 0.5 (flags = 0x1)
0  --O                                                                       (2 = 50.0%)
1  --O                                                                       (2 = 50.0%) {50.0%}
2  O                                                                         (0 = 0.0%) {100.0%}

Histogram: FetchKeepAlive.Requests2.SentToService.Renderer recorded 2 samples, mean = 2.0 (flags = 0x1)
0  ... 
2  --O                                                                       (2 = 100.0%) {0.0%}
3  ... 

Histogram: FetchKeepAlive.Requests2.Started.IsContextDetached.Renderer recorded 2 samples, mean = 0.0 (flags = 0x1)
0  --O                                                                       (2 = 100.0%)
1  ... 

Histogram: FetchKeepAlive.Requests2.Started.Renderer recorded 2 samples, mean = 1.0 (flags = 0x1)
0  O                                                                         (0 = 0.0%)
1  --O                                                                       (2 = 100.0%) {0.0%}
2  ... 

Histogram: FetchKeepAlive.Requests2.Succeeded.IsContextDetached.Renderer recorded 2 samples, mean = 0.0 (flags = 0x1)
0  --O                                                                       (2 = 100.0%)
1  ... 

Histogram: FetchKeepAlive.Requests2.Succeeded.Renderer recorded 2 samples, mean = 1.0 (flags = 0x1)
0  O                                                                         (0 = 0.0%)
1  --O                                                                       (2 = 100.0%) {0.0%}
2  ... 

Histogram: FetchKeepAlive.Requests2.Total.Renderer recorded 2 samples, mean = 1.0 (flags = 0x1)
0  O                                                                         (0 = 0.0%)
1  --O                                                                       (2 = 100.0%) {0.0%}
2  ... 

Histogram: FirstPartySets.Database.InitStatus recorded 1 samples, mean = 1.0 (flags = 0x1)
0  O                                                                         (0 = 0.0%)
1  -O                                                                        (1 = 100.0%) {0.0%}
2  ... 

Histogram: FirstPartySets.Database.TransactionFailed recorded 8 samples, mean = 0.0 (flags = 0x1)
0  --------O                                                                 (8 = 100.0%)
1  ... 

Histogram: FirstPartySets.Initialization.ClearSiteDataOutcome recorded 1 samples, mean = 1.0 (flags = 0x1)
0  O                                                                         (0 = 0.0%)
1  -O                                                                        (1 = 100.0%) {0.0%}
2  O                                                                         (0 = 0.0%) {100.0%}

Histogram: FirstPartySets.Initialization.SitesToClear.Count recorded 1 samples, mean = 0.0 (flags = 0x1)
0  -O                                                                        (1 = 100.0%)
1  ... 

Histogram: GCM.DelayedTaskControlledReadyTime recorded 1 samples, mean = 8968.0 (flags = 0x1)
0     ... 
8000  -O                                                                        (1 = 100.0%) {0.0%}
10165 ... 

Histogram: GPU.ANGLE.D3DShaderBlobSizeKB recorded 38 samples, mean = 0.9 (flags = 0x1)
0  --------------------------------------O                                   (38 = 100.0%)
1000... 

Histogram: GPU.ANGLE.D3DShaderCompilationTimeUs recorded 38 samples, mean = 7253.5 (flags = 0x1)
0      ... 
2336   -O                                                                        (1 = 2.6%) {0.0%}
3077   -----------O                                                              (11 = 28.9%) {2.6%}
4053   ---------------O                                                          (15 = 39.5%) {31.6%}
5338   ----O                                                                     (4 = 10.5%) {71.1%}
7031   --O                                                                       (2 = 5.3%) {81.6%}
9260   -O                                                                        (1 = 2.6%) {86.8%}
12196  O                                                                         (0 = 0.0%) {89.5%}
16063  ---O                                                                      (3 = 7.9%) {89.5%}
21156  ... 
48336  -O                                                                        (1 = 2.6%) {97.4%}
63662  ... 

Histogram: GPU.BlocklistFeatureTestResults.Accelerated2dCanvas recorded 1 samples, mean = 0.0 (flags = 0x1)
0  -O                                                                        (1 = 100.0%)
1  ... 

Histogram: GPU.BlocklistFeatureTestResults.GpuCompositing recorded 1 samples, mean = 0.0 (flags = 0x1)
0  -O                                                                        (1 = 100.0%)
1  ... 

Histogram: GPU.BlocklistFeatureTestResults.GpuRasterization recorded 1 samples, mean = 0.0 (flags = 0x1)
0  -O                                                                        (1 = 100.0%)
1  ... 

Histogram: GPU.BlocklistFeatureTestResults.Webgl recorded 1 samples, mean = 0.0 (flags = 0x1)
0  -O                                                                        (1 = 100.0%)
1  ... 

Histogram: GPU.BlocklistFeatureTestResults.Webgl2 recorded 1 samples, mean = 0.0 (flags = 0x1)
0  -O                                                                        (1 = 100.0%)
1  ... 

Histogram: GPU.BlocklistFeatureTestResults.Webgpu recorded 1 samples, mean = 2.0 (flags = 0x1)
0  ... 
2  -O                                                                        (1 = 100.0%) {0.0%}
3  ... 

Histogram: GPU.BlocklistTestResultsPerEntry recorded 1 samples, mean = 0.0 (flags = 0x1)
0  -O                                                                        (1 = 100.0%)
1  ... 

Histogram: GPU.CanvasOopRaster.OopRasterAndGpuAcceleration recorded 1 samples, mean = 0.0 (flags = 0x1)
0  -O                                                                        (1 = 100.0%)
1  ... 

Histogram: GPU.D3D12FeatureLevel recorded 1 samples, mean = 2.0 (flags = 0x1)
0  ... 
2  -O                                                                        (1 = 100.0%) {0.0%}
3  ... 

Histogram: GPU.D3D12HighestShaderModel2 recorded 1 samples, mean = 9.0 (flags = 0x1)
0  ... 
9  -O                                                                        (1 = 100.0%) {0.0%}
10 O                                                                         (0 = 0.0%) {100.0%}

Histogram: GPU.DriverBugTestResultsPerEntry recorded 12 samples (flags = 0x1)
0    -O                                                                        (1 = 8.3%)
17   -O                                                                        (1 = 8.3%)
206  -O                                                                        (1 = 8.3%)
256  -O                                                                        (1 = 8.3%)
309  -O                                                                        (1 = 8.3%)
315  -O                                                                        (1 = 8.3%)
394  -O                                                                        (1 = 8.3%)
414  -O                                                                        (1 = 8.3%)
417  -O                                                                        (1 = 8.3%)
426  -O                                                                        (1 = 8.3%)
430  -O                                                                        (1 = 8.3%)
433  -O                                                                        (1 = 8.3%)

Histogram: GPU.EstablishGpuChannelSyncTime recorded 2 samples, mean = 640.0 (flags = 0x1)
0     ... 
68    -O                                                                        (1 = 50.0%) {0.0%}
81    ... 
1062  -O                                                                        (1 = 50.0%) {50.0%}
1262  ... 

Histogram: GPU.EstablishGpuChannelSyncTime.FirstRun recorded 2 samples, mean = 640.0 (flags = 0x1)
0     ... 
68    -O                                                                        (1 = 50.0%) {0.0%}
81    ... 
1062  -O                                                                        (1 = 50.0%) {50.0%}
1262  ... 

Histogram: GPU.GPUProcessLaunchTime recorded 2 samples, mean = 3671.0 (flags = 0x1)
0     ... 
318   -O                                                                        (1 = 50.0%) {0.0%}
378   ... 
5961  -O                                                                        (1 = 50.0%) {50.0%}
7083  ... 

Histogram: GPU.GPUProcessTerminationStatus2 recorded 1 samples, mean = 4.0 (flags = 0x1)
0  ... 
4  -O                                                                        (1 = 100.0%) {0.0%}
5  ... 

Histogram: GPU.HardwareAccelerationModeEnabled recorded 1 samples, mean = 1.0 (flags = 0x1)
0  O                                                                         (0 = 0.0%)
1  -O                                                                        (1 = 100.0%) {0.0%}
2  O                                                                         (0 = 0.0%) {100.0%}

Histogram: GPU.Output.HDR recorded 1 samples, mean = 0.0 (flags = 0x1)
0  -O                                                                        (1 = 100.0%)
1  ... 

Histogram: GPU.ProcessLifetimeEvents.HardwareAccelerated recorded 1 samples, mean = 0.0 (flags = 0x1)
0  -O                                                                        (1 = 100.0%)
1  ... 

Histogram: GPU.RasterDecoder.TimeToFlush recorded 24 samples, mean = 11513.8 (flags = 0x1)
0       ... 
364     --O                                                                       (2 = 8.3%) {0.0%}
414     -O                                                                        (1 = 4.2%) {8.3%}
471     O                                                                         (0 = 0.0%) {12.5%}
536     --O                                                                       (2 = 8.3%) {12.5%}
610     ... 
791     --O                                                                       (2 = 8.3%) {20.8%}
901     -O                                                                        (1 = 4.2%) {29.2%}
1026    --O                                                                       (2 = 8.3%) {33.3%}
1168    --O                                                                       (2 = 8.3%) {41.7%}
1330    ---O                                                                      (3 = 12.5%) {50.0%}
1514    -O                                                                        (1 = 4.2%) {62.5%}
1724    -O                                                                        (1 = 4.2%) {66.7%}
1963    -O                                                                        (1 = 4.2%) {70.8%}
2235    ... 
3758    -O                                                                        (1 = 4.2%) {75.0%}
4279    ... 
9326    -O                                                                        (1 = 4.2%) {79.2%}
10619   --O                                                                       (2 = 8.3%) {83.3%}
12092   ... 
38913   -O                                                                        (1 = 4.2%) {91.7%}
44309   ... 
162351  -O                                                                        (1 = 4.2%) {95.8%}
184863  ... 

Histogram: GPU.SchedulerDfs.TaskDependencyTime recorded 2 samples, mean = 141753.0 (flags = 0x1)
0       -O                                                                        (1 = 50.0%)
10      ... 
272304  -O                                                                        (1 = 50.0%) {50.0%}
316904  ... 

Histogram: GPU.SchedulerDfs.TaskSchedulingDelayTime recorded 2 samples, mean = 70568.5 (flags = 0x1)
0       ... 
344     -O                                                                        (1 = 50.0%) {0.0%}
400     ... 
127553  -O                                                                        (1 = 50.0%) {50.0%}
148444  ... 

Histogram: GPU.SchedulerDfs.ThreadSuspendedTime recorded 2 samples, mean = 70.0 (flags = 0x1)
0    -O                                                                        (1 = 50.0%)
10   ... 
119  -O                                                                        (1 = 50.0%) {50.0%}
138  ... 

Histogram: GPU.SharedImage.BackingType recorded 38 samples, mean = 8.6 (flags = 0x1)
0   ... 
2   -------------O                                                            (13 = 34.2%) {0.0%}
3   ... 
12  -------------------------O                                                (25 = 65.8%) {34.2%}
13  ... 

Histogram: GPU.SharedImage.ContentConsumed recorded 60 samples, mean = 0.6 (flags = 0x1)
0  ---------------------------O                                              (27 = 45.0%)
1  ---------------------------------O                                        (33 = 55.0%) {45.0%}
2  O                                                                         (0 = 0.0%) {100.0%}

Histogram: GPU.SkiaBackendType recorded 1 samples, mean = 2.0 (flags = 0x1)
0  ... 
2  -O                                                                        (1 = 100.0%) {0.0%}
3  ... 

Histogram: GPU.SupportsDX12 recorded 1 samples, mean = 1.0 (flags = 0x1)
0  O                                                                         (0 = 0.0%)
1  -O                                                                        (1 = 100.0%) {0.0%}
2  O                                                                         (0 = 0.0%) {100.0%}

Histogram: GPU.TransferCache.EntryFound recorded 8 samples, mean = 1.0 (flags = 0x1)
0  O                                                                         (0 = 0.0%)
1  --------O                                                                 (8 = 100.0%) {0.0%}
2  O                                                                         (0 = 0.0%) {100.0%}

Histogram: GPU.TransferCache.MaxHistoricalTimeSinceLastUse recorded 8 samples, mean = 9.1 (flags = 0x1)
0   -O                                                                        (1 = 12.5%)
1   -O                                                                        (1 = 12.5%) {12.5%}
2   ... 
10  ------O                                                                   (6 = 75.0%) {25.0%}
14  ... 

Histogram: GPU.TransferCache.ReusedTimes recorded 2 samples, mean = 4.0 (flags = 0x1)
0  ... 
3  -O                                                                        (1 = 50.0%) {0.0%}
4  O                                                                         (0 = 0.0%) {50.0%}
5  -O                                                                        (1 = 50.0%) {50.0%}
7  ... 

Histogram: GPU.TransferCache.TimeSinceLastUse recorded 8 samples, mean = 5.5 (flags = 0x1)
0   -O                                                                        (1 = 12.5%)
1   ---O                                                                      (3 = 37.5%) {12.5%}
2   ... 
5   -O                                                                        (1 = 12.5%) {50.0%}
7   O                                                                         (0 = 0.0%) {62.5%}
10  ---O                                                                      (3 = 37.5%) {62.5%}
14  ... 

Histogram: GPU.TransferCache.TimeSinceLastUseOnDelete recorded 2 samples, mean = 22.5 (flags = 0x1)
0   ... 
10  -O                                                                        (1 = 50.0%) {0.0%}
14  ... 
26  -O                                                                        (1 = 50.0%) {50.0%}
35  ... 

Histogram: GPU.WatchdogThread.Event recorded 1 samples, mean = 0.0 (flags = 0x1)
0  -O                                                                        (1 = 100.0%)
1  ... 

Histogram: GPU.WatchdogThread.Event.main recorded 1 samples, mean = 0.0 (flags = 0x1)
0  -O                                                                        (1 = 100.0%)
1  ... 

Histogram: GPU.WatchdogThread.Timeout recorded 7 samples, mean = 0.0 (flags = 0x1)
0  -------O                                                                  (7 = 100.0%)
1  ... 

Histogram: GPU.WatchdogThread.Timeout.Normal recorded 7 samples, mean = 0.0 (flags = 0x1)
0  -------O                                                                  (7 = 100.0%)
1  ... 

Histogram: GPU.WatchdogThread.Timeout.Normal.main recorded 7 samples, mean = 0.0 (flags = 0x1)
0  -------O                                                                  (7 = 100.0%)
1  ... 

Histogram: GPU.WatchdogThread.Timeout.main recorded 7 samples, mean = 0.0 (flags = 0x1)
0  -------O                                                                  (7 = 100.0%)
1  ... 

Histogram: Gaia.AuthFetcher.ListAccounts.NetErrorCodes recorded 1 samples (flags = 0x1)
0  -O                                                                        (1 = 100.0%)

Histogram: Gpu.FenceHandle.CloneCountsPerSubmit recorded 10 samples, mean = 0.0 (flags = 0x1)
0  ----------O                                                               (10 = 100.0%)
1  ... 

Histogram: Gpu.GrCompileShaderUs recorded 38 samples, mean = 1435.9 (flags = 0x1)
0      ... 
258    -O                                                                        (1 = 2.6%) {0.0%}
340    ----O                                                                     (4 = 10.5%) {2.6%}
448    -----O                                                                    (5 = 13.2%) {13.2%}
590    ----------O                                                               (10 = 26.3%) {26.3%}
777    -------O                                                                  (7 = 18.4%) {52.6%}
1023   -----O                                                                    (5 = 13.2%) {71.1%}
1347   --O                                                                       (2 = 5.3%) {84.2%}
1774   O                                                                         (0 = 0.0%) {89.5%}
2336   -O                                                                        (1 = 2.6%) {89.5%}
3077   -O                                                                        (1 = 2.6%) {92.1%}
4053   -O                                                                        (1 = 2.6%) {94.7%}
5338   ... 
16063  -O                                                                        (1 = 2.6%) {97.4%}
21156  ... 

Histogram: Gpu.GrLinkProgramUs recorded 19 samples, mean = 11522.5 (flags = 0x1)
0      ... 
3077   -O                                                                        (1 = 5.3%) {0.0%}
4053   -----O                                                                    (5 = 26.3%) {5.3%}
5338   ------O                                                                   (6 = 31.6%) {31.6%}
7031   -O                                                                        (1 = 5.3%) {63.2%}
9260   -O                                                                        (1 = 5.3%) {68.4%}
12196  -O                                                                        (1 = 5.3%) {73.7%}
16063  ---O                                                                      (3 = 15.8%) {78.9%}
21156  ... 
48336  -O                                                                        (1 = 5.3%) {94.7%}
63662  ... 

Histogram: Gpu.PassthroughProgramCacheLoadHitInCache recorded 19 samples, mean = 0.0 (flags = 0x1)
0  -------------------O                                                      (19 = 100.0%)
1  ... 

Histogram: Gpu.Rasterization.Raster.MSAASampleCountLog2 recorded 24 samples, mean = 0.0 (flags = 0x1)
0  ------------------------O                                                 (24 = 100.0%)
1  ... 

Histogram: HangWatcher.IsThreadHung.BrowserProcess.IOThread.Normal recorded 24 samples, mean = 0.0 (flags = 0x1)
0  ------------------------O                                                 (24 = 100.0%)
1  ... 

Histogram: HangWatcher.IsThreadHung.BrowserProcess.UIThread.Normal recorded 24 samples, mean = 0.0 (flags = 0x1)
0  ------------------------O                                                 (24 = 100.0%)
1  ... 

Histogram: HangWatcher.IsThreadHung.RendererProcess.IOThread.BestEffort recorded 47 samples, mean = 0.0 (flags = 0x1)
0  -----------------------------------------------O                          (47 = 100.0%)
1  ... 

Histogram: HangWatcher.IsThreadHung.RendererProcess.MainThread.BestEffort recorded 47 samples, mean = 0.0 (flags = 0x1)
0  -----------------------------------------------O                          (47 = 100.0%)
1  ... 

Histogram: HangWatcher.IsThreadHung.UtilityProcess.IOThread recorded 48 samples, mean = 0.0 (flags = 0x1)
0  ------------------------------------------------O                         (48 = 100.0%)
1  ... 

Histogram: HangWatcher.IsThreadHung.UtilityProcess.MainThread recorded 48 samples, mean = 0.0 (flags = 0x1)
0  ------------------------------------------------O                         (48 = 100.0%)
1  ... 

Histogram: HangWatcher.SleepDrift.BrowserProcess recorded 119 samples, mean = 6.1 (flags = 0x1)
0   -----------------------O                                                  (23 = 19.3%)
1   -----------O                                                              (11 = 9.2%) {19.3%}
2   ------O                                                                   (6 = 5.0%) {28.6%}
3   ------O                                                                   (6 = 5.0%) {33.6%}
4   ------O                                                                   (6 = 5.0%) {38.7%}
5   ------O                                                                   (6 = 5.0%) {43.7%}
6   ----O                                                                     (4 = 3.4%) {48.7%}
7   ------O                                                                   (6 = 5.0%) {52.1%}
8   -----------------O                                                        (17 = 14.3%) {57.1%}
10  -----------O                                                              (11 = 9.2%) {71.4%}
12  ---------------O                                                          (15 = 12.6%) {80.7%}
14  -------O                                                                  (7 = 5.9%) {93.3%}
17  -O                                                                        (1 = 0.8%) {99.2%}
20  ... 

Histogram: Hardware.Display.Count.OnStartup recorded 1 samples, mean = 1.0 (flags = 0x1)
0  O                                                                         (0 = 0.0%)
1  -O                                                                        (1 = 100.0%) {0.0%}
2  ... 

Histogram: Hardware.Display.SupportsHDR recorded 2 samples, mean = 0.0 (flags = 0x1)
0  --O                                                                       (2 = 100.0%)
1  ... 

Histogram: HeapProfiling.InProcess.Enabled recorded 1 samples, mean = 0.0 (flags = 0x1)
0  -O                                                                        (1 = 100.0%)
1  ... 

Histogram: HeapProfiling.InProcess.Enabled.Browser recorded 1 samples, mean = 0.0 (flags = 0x1)
0  -O                                                                        (1 = 100.0%)
1  ... 

Histogram: Histogram.TooManyBuckets.1000 recorded 4 samples (flags = 0x1)
-2140283801 --O                                                                       (2 = 50.0%)
1721222685  --O                                                                       (2 = 50.0%)

Histogram: History.Backend.TransactionCommitSuccess recorded 2 samples, mean = 1.0 (flags = 0x1)
0  O                                                                         (0 = 0.0%)
1  --O                                                                       (2 = 100.0%) {0.0%}
2  O                                                                         (0 = 0.0%) {100.0%}

Histogram: History.ClearBrowsingData.TaskQueueAtShutdown recorded 1 samples, mean = 0.0 (flags = 0x1)
0  -O                                                                        (1 = 100.0%)
1  ... 

Histogram: History.Clusters.ContextClusterer.VisitProcessingLatency.UrlVisited recorded 4 samples, mean = 0.0 (flags = 0x1)
0  ----O                                                                     (4 = 100.0%)
1  ... 

Histogram: History.Clusters.JourneysEligibleAndEnabledAtSessionStart recorded 1 samples, mean = 1.0 (flags = 0x1)
0  O                                                                         (0 = 0.0%)
1  -O                                                                        (1 = 100.0%) {0.0%}
2  O                                                                         (0 = 0.0%) {100.0%}

Histogram: History.Clusters.KeywordCache.LoadCachesFromPrefs.Latency recorded 1 samples, mean = 0.0 (flags = 0x1)
0  -O                                                                        (1 = 100.0%)
1  ... 

Histogram: History.InMemoryDBItemCount recorded 1 samples, mean = 2.0 (flags = 0x1)
0  ... 
2  -O                                                                        (1 = 100.0%) {0.0%}
3  ... 

Histogram: History.TopSites.QueryFromHistoryTime recorded 1 samples, mean = 63.0 (flags = 0x1)
0   ... 
57  -O                                                                        (1 = 100.0%) {0.0%}
68  ... 

Histogram: History.VisitedLinks.HashTableLengthOnReaderInit recorded 3 samples, mean = 16381.0 (flags = 0x1)
0      ... 
14319  ---O                                                                      (3 = 100.0%) {0.0%}
19866  ... 

Histogram: History.VisitedLinks.HashTableSizeOnTableCreate recorded 2 samples, mean = 0.0 (flags = 0x1)
0  --O                                                                       (2 = 100.0%)
1  ... 

Histogram: History.VisitedLinks.HashTableUsageOnLinkAdded recorded 4 samples, mean = 17.2 (flags = 0x1)
0   -O                                                                        (1 = 25.0%)
1   ... 
21  ---O                                                                      (3 = 75.0%) {25.0%}
29  ... 

Histogram: History.VisitedLinks.TryToAddFingerprint recorded 5 samples, mean = 0.8 (flags = 0x1)
0  -O                                                                        (1 = 20.0%)
1  ----O                                                                     (4 = 80.0%) {20.0%}
2  ... 

Histogram: History.VisitedLinks.VisitLoggedFromMainFrame recorded 3 samples, mean = 1.0 (flags = 0x1)
0  O                                                                         (0 = 0.0%)
1  ---O                                                                      (3 = 100.0%) {0.0%}
2  O                                                                         (0 = 0.0%) {100.0%}

Histogram: History.VisitedLinks.VisitLoggedFromTransition recorded 3 samples, mean = 1.7 (flags = 0x1)
0  O                                                                         (0 = 0.0%)
1  -O                                                                        (1 = 33.3%) {0.0%}
2  --O                                                                       (2 = 66.7%) {33.3%}
3  ... 

Histogram: HttpCache.AccessToDone2 recorded 58 samples, mean = 59.8 (flags = 0x1)
0    O                                                                         (0 = 0.0%)
1    --O                                                                       (2 = 3.4%) {0.0%}
2    ---O                                                                      (3 = 5.2%) {3.4%}
3    O                                                                         (0 = 0.0%) {8.6%}
4    ---O                                                                      (3 = 5.2%) {8.6%}
5    --O                                                                       (2 = 3.4%) {13.8%}
6    O                                                                         (0 = 0.0%) {17.2%}
7    -O                                                                        (1 = 1.7%) {17.2%}
8    O                                                                         (0 = 0.0%) {19.0%}
9    --O                                                                       (2 = 3.4%) {19.0%}
10   -----O                                                                    (5 = 8.6%) {22.4%}
11   -------O                                                                  (7 = 12.1%) {31.0%}
12   O                                                                         (0 = 0.0%) {43.1%}
13   -O                                                                        (1 = 1.7%) {43.1%}
14   -O                                                                        (1 = 1.7%) {44.8%}
15   O                                                                         (0 = 0.0%) {46.6%}
16   -O                                                                        (1 = 1.7%) {46.6%}
18   --O                                                                       (2 = 3.4%) {48.3%}
20   -----O                                                                    (5 = 8.6%) {51.7%}
22   ---O                                                                      (3 = 5.2%) {60.3%}
24   O                                                                         (0 = 0.0%) {65.5%}
26   ----O                                                                     (4 = 6.9%) {65.5%}
28   -O                                                                        (1 = 1.7%) {72.4%}
31   ... 
59   -O                                                                        (1 = 1.7%) {74.1%}
65   ... 
85   -O                                                                        (1 = 1.7%) {75.9%}
93   --O                                                                       (2 = 3.4%) {77.6%}
102  -O                                                                        (1 = 1.7%) {81.0%}
112  -O                                                                        (1 = 1.7%) {82.8%}
123  O                                                                         (0 = 0.0%) {84.5%}
135  -O                                                                        (1 = 1.7%) {84.5%}
148  ... 
212  -O                                                                        (1 = 1.7%) {86.2%}
232  --O                                                                       (2 = 3.4%) {87.9%}
254  --O                                                                       (2 = 3.4%) {91.4%}
278  -O                                                                        (1 = 1.7%) {94.8%}
304  O                                                                         (0 = 0.0%) {96.6%}
333  --O                                                                       (2 = 3.4%) {96.6%}
364  ... 

Histogram: HttpCache.AccessToDone2.SentRequest recorded 15 samples, mean = 173.1 (flags = 0x1)
0    ... 
28   -O                                                                        (1 = 6.7%) {0.0%}
31   ... 
59   -O                                                                        (1 = 6.7%) {6.7%}
65   ... 
85   -O                                                                        (1 = 6.7%) {13.3%}
93   --O                                                                       (2 = 13.3%) {20.0%}
102  -O                                                                        (1 = 6.7%) {33.3%}
112  -O                                                                        (1 = 6.7%) {40.0%}
123  O                                                                         (0 = 0.0%) {46.7%}
135  -O                                                                        (1 = 6.7%) {46.7%}
148  ... 
212  -O                                                                        (1 = 6.7%) {53.3%}
232  --O                                                                       (2 = 13.3%) {60.0%}
254  --O                                                                       (2 = 13.3%) {73.3%}
278  -O                                                                        (1 = 6.7%) {86.7%}
304  O                                                                         (0 = 0.0%) {93.3%}
333  -O                                                                        (1 = 6.7%) {93.3%}
364  ... 

Histogram: HttpCache.AccessToDone2.Used recorded 43 samples, mean = 20.3 (flags = 0x1)
0    O                                                                         (0 = 0.0%)
1    --O                                                                       (2 = 4.7%) {0.0%}
2    ---O                                                                      (3 = 7.0%) {4.7%}
3    O                                                                         (0 = 0.0%) {11.6%}
4    ---O                                                                      (3 = 7.0%) {11.6%}
5    --O                                                                       (2 = 4.7%) {18.6%}
6    O                                                                         (0 = 0.0%) {23.3%}
7    -O                                                                        (1 = 2.3%) {23.3%}
8    O                                                                         (0 = 0.0%) {25.6%}
9    --O                                                                       (2 = 4.7%) {25.6%}
10   -----O                                                                    (5 = 11.6%) {30.2%}
11   -------O                                                                  (7 = 16.3%) {41.9%}
12   O                                                                         (0 = 0.0%) {58.1%}
13   -O                                                                        (1 = 2.3%) {58.1%}
14   -O                                                                        (1 = 2.3%) {60.5%}
15   O                                                                         (0 = 0.0%) {62.8%}
16   -O                                                                        (1 = 2.3%) {62.8%}
17   ... 
19   --O                                                                       (2 = 4.7%) {65.1%}
20   --O                                                                       (2 = 4.7%) {69.8%}
21   ---O                                                                      (3 = 7.0%) {74.4%}
22   -O                                                                        (1 = 2.3%) {81.4%}
23   --O                                                                       (2 = 4.7%) {83.7%}
25   --O                                                                       (2 = 4.7%) {88.4%}
27   --O                                                                       (2 = 4.7%) {93.0%}
29   ... 
327  -O                                                                        (1 = 2.3%) {97.7%}
348  ... 

Histogram: HttpCache.AddTransactionToEntry recorded 58 samples, mean = 0.1 (flags = 0x1)
0  ----------------------------------------------------O                     (52 = 89.7%)
1  -----O                                                                    (5 = 8.6%) {89.7%}
2  -O                                                                        (1 = 1.7%) {98.3%}
3  ... 

Histogram: HttpCache.BeforeSend recorded 15 samples, mean = 0.3 (flags = 0x1)
0  -----------O                                                              (11 = 73.3%)
1  ----O                                                                     (4 = 26.7%) {73.3%}
2  ... 

Histogram: HttpCache.BeforeSend.CantConditionalize recorded 4 samples, mean = 0.0 (flags = 0x1)
0  ----O                                                                     (4 = 100.0%)
1  ... 

Histogram: HttpCache.BeforeSend.NotCached recorded 9 samples, mean = 0.4 (flags = 0x1)
0  -----O                                                                    (5 = 55.6%)
1  ----O                                                                     (4 = 44.4%) {55.6%}
2  ... 

Histogram: HttpCache.BeforeSend.Validated recorded 2 samples, mean = 0.0 (flags = 0x1)
0  --O                                                                       (2 = 100.0%)
1  ... 

Histogram: HttpCache.CreateDiskEntry recorded 9 samples, mean = 0.4 (flags = 0x1)
0  -----O                                                                    (5 = 55.6%)
1  ----O                                                                     (4 = 44.4%) {55.6%}
2  ... 

Histogram: HttpCache.HardReset recorded 1 samples, mean = 0.0
0  -O                                                                        (1 = 100.0%)
1  ... 

Histogram: HttpCache.IsNoStore recorded 58 samples, mean = 0.1 (flags = 0x1)
0  ------------------------------------------------------O                   (54 = 93.1%)
1  ----O                                                                     (4 = 6.9%) {93.1%}
2  O                                                                         (0 = 0.0%) {100.0%}

Histogram: HttpCache.IsNoStore.MainFrameHTML recorded 1 samples, mean = 1.0 (flags = 0x1)
0  O                                                                         (0 = 0.0%)
1  -O                                                                        (1 = 100.0%) {0.0%}
2  O                                                                         (0 = 0.0%) {100.0%}

Histogram: HttpCache.MaxFileSizeOnInit recorded 1 samples, mean = 29296.0 (flags = 0x1)
0      ... 
28965  -O                                                                        (1 = 100.0%) {0.0%}
32969  ... 

Histogram: HttpCache.OpenDiskEntry recorded 49 samples, mean = 0.3 (flags = 0x1)
0  -------------------------------------O                                    (37 = 75.5%)
1  -----------O                                                              (11 = 22.4%) {75.5%}
2  -O                                                                        (1 = 2.0%) {98.0%}
3  ... 

Histogram: HttpCache.Pattern recorded 58 samples, mean = 3.1 (flags = 0x1)
0  ... 
2  ---------O                                                                (9 = 15.5%) {0.0%}
3  -------------------------------------------O                              (43 = 74.1%) {15.5%}
4  --O                                                                       (2 = 3.4%) {89.7%}
5  O                                                                         (0 = 0.0%) {93.1%}
6  ----O                                                                     (4 = 6.9%) {93.1%}
7  O                                                                         (0 = 0.0%) {100.0%}

Histogram: HttpCache.Pattern.CSS recorded 9 samples, mean = 3.1 (flags = 0x1)
0  ... 
3  --------O                                                                 (8 = 88.9%) {0.0%}
4  -O                                                                        (1 = 11.1%) {88.9%}
5  ... 

Histogram: HttpCache.Pattern.CSSThirdParty recorded 9 samples, mean = 3.1 (flags = 0x1)
0  ... 
3  --------O                                                                 (8 = 88.9%) {0.0%}
4  -O                                                                        (1 = 11.1%) {88.9%}
5  ... 

Histogram: HttpCache.Pattern.Font recorded 5 samples, mean = 3.0 (flags = 0x1)
0  ... 
3  -----O                                                                    (5 = 100.0%) {0.0%}
4  ... 

Histogram: HttpCache.Pattern.FontThirdParty recorded 5 samples, mean = 3.0 (flags = 0x1)
0  ... 
3  -----O                                                                    (5 = 100.0%) {0.0%}
4  ... 

Histogram: HttpCache.Pattern.Image recorded 6 samples, mean = 2.2 (flags = 0x1)
0  ... 
2  -----O                                                                    (5 = 83.3%) {0.0%}
3  -O                                                                        (1 = 16.7%) {83.3%}
4  ... 

Histogram: HttpCache.Pattern.JavaScript recorded 27 samples, mean = 3.0 (flags = 0x1)
0  ... 
3  ---------------------------O                                              (27 = 100.0%) {0.0%}
4  ... 

Histogram: HttpCache.Pattern.JavaScriptThirdParty recorded 25 samples, mean = 3.0 (flags = 0x1)
0  ... 
3  -------------------------O                                                (25 = 100.0%) {0.0%}
4  ... 

Histogram: HttpCache.Pattern.MainFrameHTML recorded 1 samples, mean = 2.0 (flags = 0x1)
0  ... 
2  -O                                                                        (1 = 100.0%) {0.0%}
3  ... 

Histogram: HttpCache.Pattern.NonTinyImage recorded 6 samples, mean = 2.2 (flags = 0x1)
0  ... 
2  -----O                                                                    (5 = 83.3%) {0.0%}
3  -O                                                                        (1 = 16.7%) {83.3%}
4  ... 

Histogram: HttpCache.TotalDiskCacheTimePerTransaction.Read recorded 6 samples, mean = 0.0 (flags = 0x1)
0  ------O                                                                   (6 = 100.0%)
1  ... 

Histogram: HttpCache.TotalDiskCacheTimePerTransaction.Write recorded 11 samples, mean = 0.3 (flags = 0x1)
0  --------O                                                                 (8 = 72.7%)
1  ---O                                                                      (3 = 27.3%) {72.7%}
2  ... 

Histogram: ImageDecoder.Png.UiGfxIntoSkBitmap recorded 1 samples, mean = 189.0 (flags = 0x1)
0    ... 
149  -O                                                                        (1 = 100.0%) {0.0%}
196  ... 

Histogram: ImportantFile.FileReplaceRetryCount recorded 13 samples, mean = 0.0 (flags = 0x1)
0  -------------O                                                            (13 = 100.0%)
1  ... 

Histogram: ImportantFile.SerializationDuration recorded 2 samples, mean = 0.0 (flags = 0x1)
0  --O                                                                       (2 = 100.0%)
1  ... 

Histogram: ImportantFile.SerializationDuration.Local_State recorded 5 samples, mean = 0.0 (flags = 0x1)
0  -----O                                                                    (5 = 100.0%)
1  ... 

Histogram: ImportantFile.SerializationDuration.Preferences recorded 2 samples, mean = 0.0 (flags = 0x1)
0  --O                                                                       (2 = 100.0%)
1  ... 

Histogram: ImportantFile.SerializationDuration.TransportSecurityPersister recorded 1 samples, mean = 0.0 (flags = 0x1)
0  -O                                                                        (1 = 100.0%)
1  ... 

Histogram: ImportantFile.WriteDuration recorded 2 samples, mean = 5.5 (flags = 0x1)
0  ... 
3  -O                                                                        (1 = 50.0%) {0.0%}
4  ... 
8  -O                                                                        (1 = 50.0%) {50.0%}
10 ... 

Histogram: ImportantFile.WriteDuration.Local_State recorded 5 samples, mean = 16.6 (flags = 0x1)
0   O                                                                         (0 = 0.0%)
1   -O                                                                        (1 = 20.0%) {0.0%}
2   O                                                                         (0 = 0.0%) {20.0%}
3   -O                                                                        (1 = 20.0%) {20.0%}
4   -O                                                                        (1 = 20.0%) {40.0%}
5   -O                                                                        (1 = 20.0%) {60.0%}
6   ... 
68  -O                                                                        (1 = 20.0%) {80.0%}
81  ... 

Histogram: ImportantFile.WriteDuration.Preferences recorded 2 samples, mean = 2.5 (flags = 0x1)
0  ... 
2  -O                                                                        (1 = 50.0%) {0.0%}
3  -O                                                                        (1 = 50.0%) {50.0%}
4  ... 

Histogram: ImportantFile.WriteDuration.SCTAuditing recorded 2 samples, mean = 14.0 (flags = 0x1)
0   ... 
5   -O                                                                        (1 = 50.0%) {0.0%}
6   ... 
20  -O                                                                        (1 = 50.0%) {50.0%}
24  ... 

Histogram: ImportantFile.WriteDuration.TransportSecurityPersister recorded 1 samples, mean = 10.0 (flags = 0x1)
0   ... 
10  -O                                                                        (1 = 100.0%) {0.0%}
12  ... 

Histogram: ImportantFile.WriteDuration.TrustedVault recorded 1 samples, mean = 3.0 (flags = 0x1)
0  ... 
3  -O                                                                        (1 = 100.0%) {0.0%}
4  ... 

Histogram: InProductHelp.Config.ParsingEvent recorded 68 samples, mean = 6.4 (flags = 0x1)
0   -----------------------------O                                            (29 = 42.6%)
1   O                                                                         (0 = 0.0%) {42.6%}
2   ---------O                                                                (9 = 13.2%) {42.6%}
3   ... 
14  ------------------------------O                                           (30 = 44.1%) {55.9%}
15  ... 

Histogram: InProductHelp.Db.Init.AvailabilityStore recorded 1 samples, mean = 0.0 (flags = 0x1)
0  -O                                                                        (1 = 100.0%)
1  ... 

Histogram: InProductHelp.Db.Init.EventStore recorded 1 samples, mean = 0.0 (flags = 0x1)
0  -O                                                                        (1 = 100.0%)
1  ... 

Histogram: IndexedDB.ContextShutdownDuration recorded 1 samples, mean = 0.0 (flags = 0x1)
0  -O                                                                        (1 = 100.0%)
1  ... 

Histogram: Input.Digitizer.MaxTouchPointsSupportedBySystemAtStartup recorded 1 samples, mean = 0.0 (flags = 0x1)
0  -O                                                                        (1 = 100.0%)
1  ... 

Histogram: Input.PointerTypePrimary recorded 1 samples, mean = 2.0 (flags = 0x1)
0  ... 
2  -O                                                                        (1 = 100.0%) {0.0%}
3  O                                                                         (0 = 0.0%) {100.0%}

Histogram: Input.PointerTypesAll recorded 1 samples, mean = 2.0 (flags = 0x1)
0  ... 
2  -O                                                                        (1 = 100.0%) {0.0%}
3  ... 

Histogram: LanguageDetection.TFLiteModel.WasModelRequestDeferred recorded 2 samples, mean = 1.0 (flags = 0x1)
0  O                                                                         (0 = 0.0%)
1  --O                                                                       (2 = 100.0%) {0.0%}
2  O                                                                         (0 = 0.0%) {100.0%}

Histogram: LanguageUsage.AcceptLanguage recorded 1 samples (flags = 0x1)
25966  -O                                                                        (1 = 100.0%)

Histogram: LanguageUsage.AcceptLanguage.Count recorded 1 samples, mean = 1.0 (flags = 0x1)
0  O                                                                         (0 = 0.0%)
1  -O                                                                        (1 = 100.0%) {0.0%}
2  ... 

Histogram: LanguageUsage.AcceptLanguageAndContentLanguageUsage recorded 1 samples, mean = 0.0 (flags = 0x1)
0  -O                                                                        (1 = 100.0%)
1  ... 

Histogram: LanguageUsage.AcceptLanguageAndXmlHtmlLangUsage recorded 1 samples, mean = 7.0 (flags = 0x1)
0  ... 
7  -O                                                                        (1 = 100.0%) {0.0%}
8  O                                                                         (0 = 0.0%) {100.0%}

Histogram: LevelDB.ApproximateMemTableMemoryUse.BudgetManager recorded 0 samples (flags = 0x1)
0 ... 

Histogram: LevelDB.ApproximateMemTableMemoryUse.CartDatabase recorded 0 samples (flags = 0x1)
0 ... 

Histogram: LevelDB.ApproximateMemTableMemoryUse.ClientCertificatesDatabase recorded 0 samples (flags = 0x1)
0 ... 

Histogram: LevelDB.ApproximateMemTableMemoryUse.CommerceParcelTrackingDatabase recorded 0 samples (flags = 0x1)
0 ... 

Histogram: LevelDB.ApproximateMemTableMemoryUse.CommerceSubscriptionDatabase recorded 0 samples (flags = 0x1)
0 ... 

Histogram: LevelDB.ApproximateMemTableMemoryUse.CouponDatabase recorded 0 samples (flags = 0x1)
0 ... 

Histogram: LevelDB.ApproximateMemTableMemoryUse.DiscountsDatabase recorded 0 samples (flags = 0x1)
0 ... 

Histogram: LevelDB.ApproximateMemTableMemoryUse.DownloadDB recorded 0 samples (flags = 0x1)
0 ... 

Histogram: LevelDB.ApproximateMemTableMemoryUse.DownloadService recorded 0 samples (flags = 0x1)
0 ... 

Histogram: LevelDB.ApproximateMemTableMemoryUse.FeatureEngagementTrackerAvailabilityStore recorded 0 samples (flags = 0x1)
0 ... 

Histogram: LevelDB.ApproximateMemTableMemoryUse.FeatureEngagementTrackerEventStore recorded 0 samples (flags = 0x1)
0 ... 

Histogram: LevelDB.ApproximateMemTableMemoryUse.GCMKeyStore recorded 0 samples (flags = 0x1)
0 ... 

Histogram: LevelDB.ApproximateMemTableMemoryUse.Metadata recorded 0 samples (flags = 0x1)
0 ... 

Histogram: LevelDB.ApproximateMemTableMemoryUse.PersistentOriginTrials recorded 0 samples (flags = 0x1)
0 ... 

Histogram: LevelDB.ApproximateMemTableMemoryUse.PreviewsHintCacheStore recorded 0 samples (flags = 0x1)
0 ... 

Histogram: LevelDB.ApproximateMemTableMemoryUse.SegmentInfoDatabase recorded 0 samples (flags = 0x1)
0 ... 

Histogram: LevelDB.ApproximateMemTableMemoryUse.SharedProtoDB recorded 0 samples (flags = 0x1)
0 ... 

Histogram: LevelDB.ApproximateMemTableMemoryUse.SignalDatabase recorded 0 samples (flags = 0x1)
0 ... 

Histogram: LevelDB.ApproximateMemTableMemoryUse.SignalStorageConfigDatabase recorded 0 samples (flags = 0x1)
0 ... 

Histogram: LevelDB.ApproximateMemTableMemoryUse.StrikeService recorded 0 samples (flags = 0x1)
0 ... 

Histogram: LevelDBEnv.DeleteTableBackupFile recorded 0 samples (flags = 0x1)
0 ... 

Histogram: LevelDBWrapper.CommitDelay recorded 1 samples, mean = 5000.0 (flags = 0x1)
0     ... 
4516  -O                                                                        (1 = 100.0%) {0.0%}
6118  ... 

Histogram: LoadingPredictor.PreconnectCount recorded 1 samples, mean = 1.0 (flags = 0x1)
0  O                                                                         (0 = 0.0%)
1  -O                                                                        (1 = 100.0%) {0.0%}
2  ... 

Histogram: LoadingPredictor.PreconnectHitsPercentage recorded 1 samples, mean = 100.0 (flags = 0x1)
0    ... 
100  -O                                                                        (1 = 100.0%) {0.0%}
101  O                                                                         (0 = 0.0%) {100.0%}

Histogram: LoadingPredictor.PreconnectLearningCount.Navigation recorded 1 samples, mean = 3.0 (flags = 0x1)
0  ... 
3  -O                                                                        (1 = 100.0%) {0.0%}
4  ... 

Histogram: LoadingPredictor.PreconnectLearningPrecision.Navigation recorded 1 samples, mean = 100.0 (flags = 0x1)
0    ... 
100  -O                                                                        (1 = 100.0%) {0.0%}

Histogram: LoadingPredictor.PreconnectLearningRecall.Navigation recorded 1 samples, mean = 100.0 (flags = 0x1)
0    ... 
100  -O                                                                        (1 = 100.0%) {0.0%}

Histogram: LoadingPredictor.PreconnectLearningRedirectStatus.Navigation recorded 1 samples, mean = 2.0 (flags = 0x1)
0  ... 
2  -O                                                                        (1 = 100.0%) {0.0%}
3  ... 

Histogram: LoadingPredictor.PredictorDatabaseFileSize recorded 1 samples, mean = 44.0 (flags = 0x1)
0   ... 
37  -O                                                                        (1 = 100.0%) {0.0%}
49  ... 

Histogram: LoadingPredictor.PreresolveCount recorded 1 samples, mean = 1.0 (flags = 0x1)
0  O                                                                         (0 = 0.0%)
1  -O                                                                        (1 = 100.0%) {0.0%}
2  ... 

Histogram: LoadingPredictor.PreresolveHitsPercentage recorded 1 samples, mean = 100.0 (flags = 0x1)
0    ... 
100  -O                                                                        (1 = 100.0%) {0.0%}
101  O                                                                         (0 = 0.0%) {100.0%}

Histogram: LocalStorage.MojoSizeInKB recorded 1 samples, mean = 10.0 (flags = 0x1)
0  ... 
9  -O                                                                        (1 = 100.0%) {0.0%}
11 ... 

Histogram: LocalStorage.MojoTimeToPrime recorded 1 samples, mean = 1.0 (flags = 0x1)
0  O                                                                         (0 = 0.0%)
1  -O                                                                        (1 = 100.0%) {0.0%}
2  ... 

Histogram: LocalStorage.MojoTimeToPrimeForUnder100KB recorded 1 samples, mean = 1.0 (flags = 0x1)
0  O                                                                         (0 = 0.0%)
1  -O                                                                        (1 = 100.0%) {0.0%}
2  ... 

Histogram: LocalStorage.RendererAreaCacheHit recorded 2 samples, mean = 1.0 (flags = 0x1)
0  -O                                                                        (1 = 50.0%)
1  O                                                                         (0 = 0.0%) {50.0%}
2  -O                                                                        (1 = 50.0%) {50.0%}
3  O                                                                         (0 = 0.0%) {100.0%}

Histogram: LocalStorageContext.ShutDown.MaybeDroppedChanges recorded 1 samples, mean = 0.0
0  -O                                                                        (1 = 100.0%)
1  ... 

Histogram: MPArch.ChildProcessLaunchFirst recorded 1 samples, mean = 111.0 (flags = 0x1)
0   ... 
96  -O                                                                        (1 = 100.0%) {0.0%}
114 ... 

Histogram: MPArch.ChildProcessLaunchSubsequent recorded 8 samples, mean = 7.6 (flags = 0x1)
0   ... 
5   -O                                                                        (1 = 12.5%) {0.0%}
6   -O                                                                        (1 = 12.5%) {12.5%}
7   -O                                                                        (1 = 12.5%) {25.0%}
8   ----O                                                                     (4 = 50.0%) {37.5%}
10  -O                                                                        (1 = 12.5%) {87.5%}
12  ... 

Histogram: ManagedUsers.BlockedIframeCount recorded 1 samples, mean = 0.0 (flags = 0x1)
0  -O                                                                        (1 = 100.0%)
1  ... 

Histogram: Manifest.HasProperty.description recorded 1 samples, mean = 0.0 (flags = 0x1)
0  -O                                                                        (1 = 100.0%)
1  ... 

Histogram: Manifest.HasProperty.display recorded 1 samples, mean = 1.0 (flags = 0x1)
0  O                                                                         (0 = 0.0%)
1  -O                                                                        (1 = 100.0%) {0.0%}
2  O                                                                         (0 = 0.0%) {100.0%}

Histogram: Manifest.HasProperty.gcm_sender_id recorded 1 samples, mean = 0.0 (flags = 0x1)
0  -O                                                                        (1 = 100.0%)
1  ... 

Histogram: Manifest.HasProperty.icons recorded 1 samples, mean = 1.0 (flags = 0x1)
0  O                                                                         (0 = 0.0%)
1  -O                                                                        (1 = 100.0%) {0.0%}
2  O                                                                         (0 = 0.0%) {100.0%}

Histogram: Manifest.HasProperty.name recorded 1 samples, mean = 1.0 (flags = 0x1)
0  O                                                                         (0 = 0.0%)
1  -O                                                                        (1 = 100.0%) {0.0%}
2  O                                                                         (0 = 0.0%) {100.0%}

Histogram: Manifest.HasProperty.orientation recorded 1 samples, mean = 0.0 (flags = 0x1)
0  -O                                                                        (1 = 100.0%)
1  ... 

Histogram: Manifest.HasProperty.protocol_handlers recorded 1 samples, mean = 0.0 (flags = 0x1)
0  -O                                                                        (1 = 100.0%)
1  ... 

Histogram: Manifest.HasProperty.screenshots recorded 1 samples, mean = 0.0 (flags = 0x1)
0  -O                                                                        (1 = 100.0%)
1  ... 

Histogram: Manifest.HasProperty.share_target recorded 1 samples, mean = 0.0 (flags = 0x1)
0  -O                                                                        (1 = 100.0%)
1  ... 

Histogram: Manifest.HasProperty.short_name recorded 1 samples, mean = 1.0 (flags = 0x1)
0  O                                                                         (0 = 0.0%)
1  -O                                                                        (1 = 100.0%) {0.0%}
2  O                                                                         (0 = 0.0%) {100.0%}

Histogram: Manifest.HasProperty.start_url recorded 1 samples, mean = 1.0 (flags = 0x1)
0  O                                                                         (0 = 0.0%)
1  -O                                                                        (1 = 100.0%) {0.0%}
2  O                                                                         (0 = 0.0%) {100.0%}

Histogram: Manifest.ParseIdResult recorded 1 samples, mean = 1.0 (flags = 0x1)
0  O                                                                         (0 = 0.0%)
1  -O                                                                        (1 = 100.0%) {0.0%}
2  ... 

Histogram: Media.GPU.VideoDecoderType recorded 1 samples, mean = 11.0 (flags = 0x1)
0   ... 
11  -O                                                                        (1 = 100.0%) {0.0%}
12  ... 

Histogram: Media.MediaHistory.DatabaseExists recorded 1 samples, mean = 0.0 (flags = 0x1)
0  -O                                                                        (1 = 100.0%)
1  ... 

Histogram: MediaRouter.Cast.Channel.ConnectResult recorded 8 samples, mean = 0.1 (flags = 0x1)
0  -------O                                                                  (7 = 87.5%)
1  -O                                                                        (1 = 12.5%) {87.5%}
2  O                                                                         (0 = 0.0%) {100.0%}

Histogram: MediaRouter.Cast.Channel.Error recorded 29 samples, mean = 5.2 (flags = 0x1)
0  -O                                                                        (1 = 3.4%)
1  O                                                                         (0 = 0.0%) {3.4%}
2  ----O                                                                     (4 = 13.8%) {3.4%}
3  ... 
6  ------------------------O                                                 (24 = 82.8%) {17.2%}
7  ... 

Histogram: MediaRouter.Cast.DeviceNameLength recorded 1 samples, mean = 6.0 (flags = 0x1)
0  ... 
6  -O                                                                        (1 = 100.0%) {0.0%}
7  ... 

Histogram: MediaRouter.Cast.Discovery.ConnectedDevicesCount recorded 1 samples, mean = 1.0 (flags = 0x1)
0  O                                                                         (0 = 0.0%)
1  -O                                                                        (1 = 100.0%) {0.0%}
2  ... 

Histogram: MediaRouter.Cast.Discovery.KnownDevicesCount recorded 1 samples, mean = 1.0 (flags = 0x1)
0  O                                                                         (0 = 0.0%)
1  -O                                                                        (1 = 100.0%) {0.0%}
2  ... 

Histogram: MediaRouter.Cast.Discovery.SinkSource recorded 1 samples, mean = 1.0 (flags = 0x1)
0  O                                                                         (0 = 0.0%)
1  -O                                                                        (1 = 100.0%) {0.0%}
2  ... 

Histogram: MediaRouter.Cast.Mdns.Channel.Open_Failure recorded 28 samples, mean = 9085.4 (flags = 0x1)
0      ... 
1782   --O                                                                       (2 = 7.1%) {0.0%}
2117   -O                                                                        (1 = 3.6%) {7.1%}
2516   ... 
7083   -O                                                                        (1 = 3.6%) {10.7%}
8416   O                                                                         (0 = 0.0%) {14.3%}
10000  ------------------------O                                                 (24 = 85.7%) {14.3%}

Histogram: MediaRouter.Cast.Mdns.Channel.Open_Success recorded 1 samples, mean = 235.0 (flags = 0x1)
0    ... 
226  -O                                                                        (1 = 100.0%) {0.0%}
268  ... 

Histogram: MediaRouter.Dial.AvailableDevicesCount recorded 1 samples, mean = 0.0 (flags = 0x1)
0  -O                                                                        (1 = 100.0%)
1  ... 

Histogram: MediaRouter.Dial.DeviceDescriptionParsingResult recorded 1 samples, mean = 0.0 (flags = 0x1)
0  -O                                                                        (1 = 100.0%)
1  ... 

Histogram: MediaRouter.Dial.KnownDevicesCount recorded 1 samples, mean = 0.0 (flags = 0x1)
0  -O                                                                        (1 = 100.0%)
1  ... 

Histogram: Memory.Discardable.LargeAllocationFromFreelist recorded 2 samples, mean = 0.0 (flags = 0x1)
0  --O                                                                       (2 = 100.0%)
1  ... 

Histogram: Memory.DiscardableAllocationSize recorded 8 samples, mean = 2316.6 (flags = 0x1)
0     ... 
760   ----O                                                                     (4 = 50.0%) {0.0%}
1034  ... 
2604  --O                                                                       (2 = 25.0%) {50.0%}
3542  --O                                                                       (2 = 25.0%) {75.0%}
4818  ... 

Histogram: Memory.Experimental.AvailableMemoryMB recorded 2 samples, mean = 1825.5 (flags = 0x1)
0     ... 
1637  -O                                                                        (1 = 50.0%) {0.0%}
1808  -O                                                                        (1 = 50.0%) {50.0%}
1996  ... 

Histogram: Memory.Experimental.AvailableMemoryPercent recorded 2 samples, mean = 11.0 (flags = 0x1)
0   ... 
10  -O                                                                        (1 = 50.0%) {0.0%}
11  O                                                                         (0 = 0.0%) {50.0%}
12  -O                                                                        (1 = 50.0%) {50.0%}
13  ... 

Histogram: Memory.Experimental.Renderer.HighestPrivateMemoryFootprint.0to2min recorded 1 samples, mean = 113.0 (flags = 0x1)
0    ... 
107  -O                                                                        (1 = 100.0%) {0.0%}
120  ... 

Histogram: Memory.GPU.PeakMemoryAllocationSource2.PageLoad.SharedContextState recorded 1 samples, mean = 0.0 (flags = 0x1)
0  -O                                                                        (1 = 100.0%)
1  ... 

Histogram: Memory.GPU.PeakMemoryAllocationSource2.PageLoad.Skia recorded 1 samples, mean = 0.0 (flags = 0x1)
0  -O                                                                        (1 = 100.0%)
1  ... 

Histogram: Memory.GPU.PeakMemoryUsage2.PageLoad recorded 1 samples, mean = 0.0 (flags = 0x1)
0  -O                                                                        (1 = 100.0%)
1  ... 

Histogram: Memory.ParkableImage.Write.Latency recorded 6 samples, mean = 972.0 (flags = 0x1)
0     --O                                                                       (2 = 33.3%)
500   ... 
796   -O                                                                        (1 = 16.7%) {33.3%}
860   O                                                                         (0 = 0.0%) {50.0%}
929   --O                                                                       (2 = 33.3%) {50.0%}
1004  ... 
2547  -O                                                                        (1 = 16.7%) {83.3%}
2752  ... 

Histogram: Memory.ParkableImage.Write.Size recorded 6 samples, mean = 120.2 (flags = 0x1)
0    ... 
29   -O                                                                        (1 = 16.7%) {0.0%}
34   ... 
48   --O                                                                       (2 = 33.3%) {16.7%}
57   ... 
81   -O                                                                        (1 = 16.7%) {50.0%}
96   -O                                                                        (1 = 16.7%) {66.7%}
114  ... 
378  -O                                                                        (1 = 16.7%) {83.3%}
449  ... 

Histogram: Memory.ParkableString.Compression.Latency recorded 18 samples, mean = 12018.6 (flags = 0x1)
0      -O                                                                        (1 = 5.6%)
500    ... 
1268   --O                                                                       (2 = 11.1%) {5.6%}
1370   -O                                                                        (1 = 5.6%) {16.7%}
1480   ... 
1867   -O                                                                        (1 = 5.6%) {22.2%}
2018   O                                                                         (0 = 0.0%) {27.8%}
2181   -O                                                                        (1 = 5.6%) {27.8%}
2357   ... 
3753   -O                                                                        (1 = 5.6%) {33.3%}
4056   ... 
4737   --O                                                                       (2 = 11.1%) {38.9%}
5119   ... 
6981   -O                                                                        (1 = 5.6%) {50.0%}
7544   O                                                                         (0 = 0.0%) {55.6%}
8152   -O                                                                        (1 = 5.6%) {55.6%}
8810   -O                                                                        (1 = 5.6%) {61.1%}
9521   ... 
12016  -O                                                                        (1 = 5.6%) {66.7%}
12985  -O                                                                        (1 = 5.6%) {72.2%}
14032  ... 
28205  -O                                                                        (1 = 5.6%) {77.8%}
30480  -O                                                                        (1 = 5.6%) {83.3%}
32938  O                                                                         (0 = 0.0%) {88.9%}
35595  -O                                                                        (1 = 5.6%) {88.9%}
38466  O                                                                         (0 = 0.0%) {94.4%}
41569  -O                                                                        (1 = 5.6%) {94.4%}
44922  ... 

Histogram: Memory.ParkableString.Compression.SizeKb recorded 18 samples, mean = 242.3 (flags = 0x1)
0    ... 
12   -O                                                                        (1 = 5.6%) {0.0%}
14   ... 
26   -O                                                                        (1 = 5.6%) {5.6%}
29   --O                                                                       (2 = 11.1%) {11.1%}
33   O                                                                         (0 = 0.0%) {22.2%}
37   -O                                                                        (1 = 5.6%) {22.2%}
42   ... 
75   -O                                                                        (1 = 5.6%) {27.8%}
84   -O                                                                        (1 = 5.6%) {33.3%}
95   O                                                                         (0 = 0.0%) {38.9%}
107  -O                                                                        (1 = 5.6%) {38.9%}
120  O                                                                         (0 = 0.0%) {44.4%}
135  -O                                                                        (1 = 5.6%) {44.4%}
152  O                                                                         (0 = 0.0%) {50.0%}
171  ---O                                                                      (3 = 16.7%) {50.0%}
192  -O                                                                        (1 = 5.6%) {66.7%}
216  ... 
273  -O                                                                        (1 = 5.6%) {72.2%}
307  ... 
554  -O                                                                        (1 = 5.6%) {77.8%}
623  O                                                                         (0 = 0.0%) {83.3%}
701  ---O                                                                      (3 = 16.7%) {83.3%}
789  ... 

Histogram: Memory.ParkableString.Decompression.Latency recorded 1 samples, mean = 1458.0 (flags = 0x1)
0     ... 
1370  -O                                                                        (1 = 100.0%) {0.0%}
1480  ... 

Histogram: Memory.ParkableString.Decompression.ThroughputMBps recorded 1 samples, mean = 119.0 (flags = 0x1)
0    ... 
107  -O                                                                        (1 = 100.0%) {0.0%}
120  ... 

Histogram: Memory.ParkableString.Read.Latency recorded 1 samples, mean = 480.0 (flags = 0x1)
0  -O                                                                        (1 = 100.0%)
500... 

Histogram: Memory.PartitionAlloc.MemoryReclaim recorded 189 samples, mean = 560.2 (flags = 0x1)
0     ... 
113   -------O                                                                  (7 = 3.7%) {0.0%}
149   -------------------O                                                      (19 = 10.1%) {3.7%}
196   -------------------------O                                                (25 = 13.2%) {13.8%}
258   -------------------------O                                                (25 = 13.2%) {27.0%}
340   ---------------------O                                                    (21 = 11.1%) {40.2%}
448   --------------------------O                                               (26 = 13.8%) {51.3%}
590   -----------------------O                                                  (23 = 12.2%) {65.1%}
777   ---------------------O                                                    (21 = 11.1%) {77.2%}
1023  -------------O                                                            (13 = 6.9%) {88.4%}
1347  -------O                                                                  (7 = 3.7%) {95.2%}
1774  O                                                                         (0 = 0.0%) {98.9%}
2336  -O                                                                        (1 = 0.5%) {98.9%}
3077  O                                                                         (0 = 0.0%) {99.5%}
4053  -O                                                                        (1 = 0.5%) {99.5%}
5338  ... 

Histogram: Memory.PartitionAlloc.PartitionRoot.ExtrasSize recorded 1 samples, mean = 4.0 (flags = 0x1)
0  ... 
4  -O                                                                        (1 = 100.0%) {0.0%}
5  ... 

Histogram: Memory.PartitionAlloc.PeriodicPurge recorded 61 samples, mean = 67.6 (flags = 0x1)
0    ... 
12   --O                                                                       (2 = 3.3%) {0.0%}
16   --O                                                                       (2 = 3.3%) {3.3%}
21   --------O                                                                 (8 = 13.1%) {6.6%}
28   ------------O                                                             (12 = 19.7%) {19.7%}
37   ---------O                                                                (9 = 14.8%) {39.3%}
49   ----------O                                                               (10 = 16.4%) {54.1%}
65   --O                                                                       (2 = 3.3%) {70.5%}
86   -------O                                                                  (7 = 11.5%) {73.8%}
113  --O                                                                       (2 = 3.3%) {85.2%}
149  --O                                                                       (2 = 3.3%) {88.5%}
196  ---O                                                                      (3 = 4.9%) {91.8%}
258  --O                                                                       (2 = 3.3%) {96.7%}
340  ... 

Histogram: Memory.PressureLevel2 recorded 249 samples, mean = 0.0 (flags = 0x1)
0  ------------------------------------------------------------------------O (249 = 100.0%)
1  ... 

Histogram: Mojo.Channel.WriteReceiveMessageProcessType recorded 3 samples, mean = 3.0 (flags = 0x1)
0  --O                                                                       (2 = 66.7%)
1  ... 
9  -O                                                                        (1 = 33.3%) {66.7%}
10 ... 

Histogram: NQE.ContentObserver.NetworkQualityMeaningfullyChanged recorded 5 samples, mean = 1.0
0  O                                                                         (0 = 0.0%)
1  -----O                                                                    (5 = 100.0%) {0.0%}
2  O                                                                         (0 = 0.0%) {100.0%}

Histogram: NQE.RTT.Error.Absolute recorded 28 samples, mean = 29.0 (flags = 0x1)
0    -O                                                                        (1 = 3.6%)
1    ----O                                                                     (4 = 14.3%) {3.6%}
2    -O                                                                        (1 = 3.6%) {17.9%}
3    ... 
5    -O                                                                        (1 = 3.6%) {21.4%}
6    ----O                                                                     (4 = 14.3%) {25.0%}
7    O                                                                         (0 = 0.0%) {39.3%}
8    -O                                                                        (1 = 3.6%) {39.3%}
10   -O                                                                        (1 = 3.6%) {42.9%}
12   O                                                                         (0 = 0.0%) {46.4%}
14   -O                                                                        (1 = 3.6%) {46.4%}
17   --O                                                                       (2 = 7.1%) {50.0%}
20   -O                                                                        (1 = 3.6%) {57.1%}
24   --O                                                                       (2 = 7.1%) {60.7%}
29   -O                                                                        (1 = 3.6%) {67.9%}
34   O                                                                         (0 = 0.0%) {71.4%}
40   -O                                                                        (1 = 3.6%) {71.4%}
48   ---O                                                                      (3 = 10.7%) {75.0%}
57   --O                                                                       (2 = 7.1%) {85.7%}
68   ... 
135  --O                                                                       (2 = 7.1%) {92.9%}
160  ... 

Histogram: NQE.RTT.Error.IsZero recorded 28 samples, mean = 0.0 (flags = 0x1)
0  ----------------------------O                                             (28 = 100.0%)
1  ... 

Histogram: NQE.RTT.Error.Negative recorded 7 samples, mean = 45.0 (flags = 0x1)
0    O                                                                         (0 = 0.0%)
1    -O                                                                        (1 = 14.3%) {0.0%}
2    ... 
5    -O                                                                        (1 = 14.3%) {14.3%}
6    ... 
8    -O                                                                        (1 = 14.3%) {28.6%}
10   -O                                                                        (1 = 14.3%) {42.9%}
12   O                                                                         (0 = 0.0%) {57.1%}
14   -O                                                                        (1 = 14.3%) {57.1%}
17   ... 
135  --O                                                                       (2 = 28.6%) {71.4%}
160  ... 

Histogram: NQE.RTT.Error.Positive recorded 21 samples, mean = 23.6 (flags = 0x1)
0   -O                                                                        (1 = 4.8%)
1   ---O                                                                      (3 = 14.3%) {4.8%}
2   -O                                                                        (1 = 4.8%) {19.0%}
3   ... 
6   ----O                                                                     (4 = 19.0%) {23.8%}
7   ... 
17  --O                                                                       (2 = 9.5%) {42.9%}
20  -O                                                                        (1 = 4.8%) {52.4%}
24  --O                                                                       (2 = 9.5%) {57.1%}
29  -O                                                                        (1 = 4.8%) {66.7%}
34  O                                                                         (0 = 0.0%) {71.4%}
40  -O                                                                        (1 = 4.8%) {71.4%}
48  ---O                                                                      (3 = 14.3%) {76.2%}
57  --O                                                                       (2 = 9.5%) {90.5%}
68  ... 

Histogram: NQE.RTT.HittingThreshold.EndToEnd.FallbackSuccess recorded 13 samples, mean = 0.0 (flags = 0x1)
0  -------------O                                                            (13 = 100.0%)
1  ... 

Histogram: NQE.RTT.HittingThreshold.Transport.FallbackSuccess recorded 1 samples, mean = 0.0 (flags = 0x1)
0  -O                                                                        (1 = 100.0%)
1  ... 

Histogram: NQE.RTT.ObservationSource recorded 32 samples, mean = 0.6 (flags = 0x1)
0  ----------------------------O                                             (28 = 87.5%)
1  ... 
3  -O                                                                        (1 = 3.1%) {87.5%}
4  -O                                                                        (1 = 3.1%) {90.6%}
5  O                                                                         (0 = 0.0%) {93.8%}
6  -O                                                                        (1 = 3.1%) {93.8%}
7  -O                                                                        (1 = 3.1%) {96.9%}
8  ... 

Histogram: NQE.RTT.OnECTComputation recorded 13 samples, mean = 84.5 (flags = 0x1)
0    ... 
34   -----O                                                                    (5 = 38.5%) {0.0%}
40   --O                                                                       (2 = 15.4%) {38.5%}
48   ... 
114  ----O                                                                     (4 = 30.8%) {53.8%}
135  O                                                                         (0 = 0.0%) {84.6%}
160  --O                                                                       (2 = 15.4%) {84.6%}
190  ... 

Histogram: NQE.RenderThreadNotified recorded 13 samples, mean = 1.0
0  O                                                                         (0 = 0.0%)
1  -------------O                                                            (13 = 100.0%) {0.0%}
2  O                                                                         (0 = 0.0%) {100.0%}

Histogram: NQE.TransportRTT.OnECTComputation recorded 12 samples, mean = 110.2 (flags = 0x1)
0    ... 
57   ---O                                                                      (3 = 25.0%) {0.0%}
68   ... 
114  ---------O                                                                (9 = 75.0%) {25.0%}
135  ... 

Histogram: Navigation.BeginNavigationImpl.MainFrame recorded 2 samples, mean = 0.0 (flags = 0x1)
0  --O                                                                       (2 = 100.0%)
1  ... 

Histogram: Navigation.BrowserInitiatedSessionHistoryCount recorded 1 samples, mean = 0.0 (flags = 0x1)
0  -O                                                                        (1 = 100.0%)
1  ... 

Histogram: Navigation.CommitRenderFrame recorded 1 samples, mean = 22.0 (flags = 0x1)
0   ... 
20  -O                                                                        (1 = 100.0%) {0.0%}
24  ... 

Histogram: Navigation.CommitToCompositorCreation recorded 1 samples, mean = 141.0 (flags = 0x1)
0    ... 
131  -O                                                                        (1 = 100.0%) {0.0%}
170  ... 

Histogram: Navigation.CompositorRequestedBeforeCommit2 recorded 1 samples, mean = 0.0 (flags = 0x1)
0  -O                                                                        (1 = 100.0%)
1  ... 

Histogram: Navigation.CompositorRequestedBeforeSwapRFH2 recorded 1 samples, mean = 0.0 (flags = 0x1)
0  -O                                                                        (1 = 100.0%)
1  ... 

Histogram: Navigation.CreateSpeculativeRFH recorded 1 samples, mean = 4.0 (flags = 0x1)
0  ... 
4  -O                                                                        (1 = 100.0%) {0.0%}
5  ... 

Histogram: Navigation.DidCommitSameDocumentNavigation.Duration recorded 1 samples, mean = 1.0 (flags = 0x1)
0  O                                                                         (0 = 0.0%)
1  -O                                                                        (1 = 100.0%) {0.0%}
2  ... 

Histogram: Navigation.DidStartLoading.MainFrame recorded 3 samples, mean = 0.0 (flags = 0x1)
0  ---O                                                                      (3 = 100.0%)
1  ... 

Histogram: Navigation.DidStartLoading.Subframe recorded 2 samples, mean = 0.0 (flags = 0x1)
0  --O                                                                       (2 = 100.0%)
1  ... 

Histogram: Navigation.EarlyRenderFrameHostSwapType recorded 6 samples, mean = 0.0 (flags = 0x1)
0  ------O                                                                   (6 = 100.0%)
1  ... 

Histogram: Navigation.EngagementTime.HTTPS recorded 1 samples, mean = 8186.0 (flags = 0x1)
0     ... 
7541  -O                                                                        (1 = 100.0%) {0.0%}
8704  ... 

Histogram: Navigation.FCPFrameSubmissionToSurfaceEmbed recorded 1 samples, mean = 0.0 (flags = 0x1)
0  -O                                                                        (1 = 100.0%)
1  ... 

Histogram: Navigation.FCPFrameSubmittedBeforeSurfaceEmbed recorded 1 samples, mean = 1.0 (flags = 0x1)
0  O                                                                         (0 = 0.0%)
1  -O                                                                        (1 = 100.0%) {0.0%}
2  O                                                                         (0 = 0.0%) {100.0%}

Histogram: Navigation.GetFrameHostForNavigation recorded 4 samples, mean = 4.8 (flags = 0x1)
0   --O                                                                       (2 = 50.0%)
1   ... 
5   -O                                                                        (1 = 25.0%) {50.0%}
6   ... 
14  -O                                                                        (1 = 25.0%) {75.0%}
17  ... 

Histogram: Navigation.GetFrameHostForNavigationTime.InDidCreateNavigationRequest.IsHTTPOrHTTPS recorded 3 samples, mean = 5113.3 (flags = 0x1)
0      ... 
203    -O                                                                        (1 = 33.3%) {0.0%}
282    O                                                                         (0 = 0.0%) {33.3%}
391    -O                                                                        (1 = 33.3%) {33.3%}
542    ... 
14319  -O                                                                        (1 = 33.3%) {66.7%}
19866  ... 

Histogram: Navigation.IsGuest recorded 1 samples, mean = 0.0 (flags = 0x1)
0  -O                                                                        (1 = 100.0%)
1  ... 

Histogram: Navigation.IsLockedProcess recorded 1 samples, mean = 1.0 (flags = 0x1)
0  O                                                                         (0 = 0.0%)
1  -O                                                                        (1 = 100.0%) {0.0%}
2  O                                                                         (0 = 0.0%) {100.0%}

Histogram: Navigation.IsLockedProcess.HTTPOrHTTPS recorded 1 samples, mean = 1.0 (flags = 0x1)
0  O                                                                         (0 = 0.0%)
1  -O                                                                        (1 = 100.0%) {0.0%}
2  O                                                                         (0 = 0.0%) {100.0%}

Histogram: Navigation.IsProcessBackgrounded.OnCommit recorded 1 samples, mean = 0.0 (flags = 0x1)
0  -O                                                                        (1 = 100.0%)
1  ... 

Histogram: Navigation.IsProcessBackgrounded.OnDOMContentLoaded recorded 1 samples, mean = 0.0 (flags = 0x1)
0  -O                                                                        (1 = 100.0%)
1  ... 

Histogram: Navigation.IsSameBrowsingInstance recorded 1 samples, mean = 0.0 (flags = 0x1)
0  -O                                                                        (1 = 100.0%)
1  ... 

Histogram: Navigation.IsSameSiteInstance recorded 1 samples, mean = 0.0 (flags = 0x1)
0  -O                                                                        (1 = 100.0%)
1  ... 

Histogram: Navigation.IsSameSiteInstance.MainFrame recorded 1 samples, mean = 0.0 (flags = 0x1)
0  -O                                                                        (1 = 100.0%)
1  ... 

Histogram: Navigation.LoaderCreateToRequestStart.MainFrame recorded 1 samples, mean = 1.0 (flags = 0x1)
0  O                                                                         (0 = 0.0%)
1  -O                                                                        (1 = 100.0%) {0.0%}
2  ... 

Histogram: Navigation.MainFrame.FrameCount recorded 1 samples, mean = 2.0 (flags = 0x1)
0  ... 
2  -O                                                                        (1 = 100.0%) {0.0%}
3  ... 

Histogram: Navigation.MainFrame.MaxFrameCount recorded 3 samples, mean = 2.0 (flags = 0x1)
0  O                                                                         (0 = 0.0%)
1  -O                                                                        (1 = 33.3%) {0.0%}
2  -O                                                                        (1 = 33.3%) {33.3%}
3  -O                                                                        (1 = 33.3%) {66.7%}
4  ... 

Histogram: Navigation.MainFrame.NewNavigation.IgnoreRestore.IsHTTPOrHTTPS.BeginNavigationToLoaderStart.Time2 recorded 1 samples, mean = 3.0 (flags = 0x1)
0  ... 
3  -O                                                                        (1 = 100.0%) {0.0%}
4  ... 

Histogram: Navigation.MainFrame.NewNavigation.IgnoreRestore.IsHTTPOrHTTPS.FetchStart.Time2 recorded 1 samples, mean = 1.0 (flags = 0x1)
0  O                                                                         (0 = 0.0%)
1  -O                                                                        (1 = 100.0%) {0.0%}
2  ... 

Histogram: Navigation.MainFrame.NewNavigation.IgnoreRestore.IsHTTPOrHTTPS.LoaderStartToFetchStart.Time2 recorded 1 samples, mean = 4600.0 (flags = 0x1)
0     ... 
4222  -O                                                                        (1 = 100.0%) {0.0%}
5017  ... 

Histogram: Navigation.MainFrame.NewNavigation.IgnoreRestore.IsHTTPOrHTTPS.LoaderStartToReceiveResponse.Time2 recorded 1 samples, mean = 5450.0 (flags = 0x1)
0     ... 
5017  -O                                                                        (1 = 100.0%) {0.0%}
5961  ... 

Histogram: Navigation.MainFrame.NewNavigation.IgnoreRestore.IsHTTPOrHTTPS.NavigationStartToBeginNavigation.Time2 recorded 1 samples, mean = 3682.0 (flags = 0x1)
0     ... 
3553  -O                                                                        (1 = 100.0%) {0.0%}
4222  ... 

Histogram: Navigation.MainFrame.NewNavigation.IgnoreRestore.IsHTTPOrHTTPS.ReceiveHeaders.Time2 recorded 1 samples, mean = 841.0 (flags = 0x1)
0    ... 
752  -O                                                                        (1 = 100.0%) {0.0%}
894  ... 

Histogram: Navigation.MainFrame.NewNavigation.IgnoreRestore.IsHTTPOrHTTPS.ReceiveHeadersToReceiveResponse.Time2 recorded 1 samples, mean = 6.0 (flags = 0x1)
0  ... 
6  -O                                                                        (1 = 100.0%) {0.0%}
7  ... 

Histogram: Navigation.MainFrame.NewNavigation.IgnoreRestore.IsHTTPOrHTTPS.ReceiveResponseToCommitNavigation.Time2 recorded 1 samples, mean = 10.0 (flags = 0x1)
0   ... 
10  -O                                                                        (1 = 100.0%) {0.0%}
12  ... 

Histogram: Navigation.MainFrame.RendererInitiated.InitiatorFramePresentAtStart recorded 1 samples, mean = 0.0 (flags = 0x1)
0  -O                                                                        (1 = 100.0%)
1  ... 

Histogram: Navigation.MainFrame.SiteEngagementLevel recorded 1 samples, mean = 1.0 (flags = 0x1)
0  O                                                                         (0 = 0.0%)
1  -O                                                                        (1 = 100.0%) {0.0%}
2  ... 

Histogram: Navigation.MainFrame.ThirdPartyCookieBlockingEnabled recorded 2 samples, mean = 0.0 (flags = 0x1)
0  --O                                                                       (2 = 100.0%)
1  ... 

Histogram: Navigation.MainFrameHasRTLDomain2 recorded 2 samples, mean = 0.0 (flags = 0x1)
0  --O                                                                       (2 = 100.0%)
1  ... 

Histogram: Navigation.MainFrameHasRTLDomainDifferentPage2 recorded 1 samples, mean = 0.0 (flags = 0x1)
0  -O                                                                        (1 = 100.0%)
1  ... 

Histogram: Navigation.MainFrameProfileType2 recorded 2 samples, mean = 0.0 (flags = 0x1)
0  --O                                                                       (2 = 100.0%)
1  ... 

Histogram: Navigation.MainFrameScheme2 recorded 2 samples, mean = 2.0 (flags = 0x1)
0  ... 
2  --O                                                                       (2 = 100.0%) {0.0%}
3  ... 

Histogram: Navigation.MainFrameSchemeDifferentPage2 recorded 1 samples, mean = 2.0 (flags = 0x1)
0  ... 
2  -O                                                                        (1 = 100.0%) {0.0%}
3  ... 

Histogram: Navigation.OnBeforeUnloadOverheadTime recorded 2 samples, mean = 1846.5 (flags = 0x1)
0     ... 
10    -O                                                                        (1 = 50.0%) {0.0%}
12    ... 
3553  -O                                                                        (1 = 50.0%) {50.0%}
4222  ... 

Histogram: Navigation.OnBeforeUnloadTotalTime recorded 2 samples, mean = 0.0 (flags = 0x1)
0  --O                                                                       (2 = 100.0%)
1  ... 

Histogram: Navigation.OriginAgentCluster.Result recorded 1 samples, mean = 9.0 (flags = 0x1)
0  ... 
9  -O                                                                        (1 = 100.0%) {0.0%}
10 O                                                                         (0 = 0.0%) {100.0%}

Histogram: Navigation.PendingCommit.DidBlockGetFrameHostForNavigation.Regular recorded 1 samples, mean = 0.0 (flags = 0x1)
0  -O                                                                        (1 = 100.0%)
1  ... 

Histogram: Navigation.PendingCommit.Duration.Regular recorded 1 samples, mean = 69.0 (flags = 0x1)
0   ... 
68  -O                                                                        (1 = 100.0%) {0.0%}
81  ... 

Histogram: Navigation.Preconnect.PreresolveJobQueueLength recorded 12 samples, mean = 0.5 (flags = 0x1)
0  ------O                                                                   (6 = 50.0%)
1  ------O                                                                   (6 = 50.0%) {50.0%}
2  ... 

Histogram: Navigation.Preconnect.PreresolveJobQueueingTime recorded 6 samples, mean = 0.0 (flags = 0x1)
0  ------O                                                                   (6 = 100.0%)
1  ... 

Histogram: Navigation.Preconnect.ProxyLookupCallbackQueueingTime recorded 6 samples, mean = 1377.0 (flags = 0x1)
0     -O                                                                        (1 = 16.7%)
1     ... 
14    --O                                                                       (2 = 33.3%) {16.7%}
17    ... 
318   -O                                                                        (1 = 16.7%) {50.0%}
378   ... 
3553  --O                                                                       (2 = 33.3%) {66.7%}
4222  ... 

Histogram: Navigation.Preconnect.ProxyLookupLatency recorded 6 samples, mean = 2009.0 (flags = 0x1)
0     ... 
3     -O                                                                        (1 = 16.7%) {0.0%}
4     ... 
29    --O                                                                       (2 = 33.3%) {16.7%}
34    ... 
318   -O                                                                        (1 = 16.7%) {50.0%}
378   ... 
3553  -O                                                                        (1 = 16.7%) {66.7%}
4222  ... 
7083  -O                                                                        (1 = 16.7%) {83.3%}
8416  ... 

Histogram: Navigation.Preconnect.ResolveHostCallbackQueueingTime recorded 6 samples, mean = 154.5 (flags = 0x1)
0    ... 
6    --O                                                                       (2 = 33.3%) {0.0%}
7    O                                                                         (0 = 0.0%) {33.3%}
8    -O                                                                        (1 = 16.7%) {33.3%}
10   ... 
226  -O                                                                        (1 = 16.7%) {50.0%}
268  O                                                                         (0 = 0.0%) {66.7%}
318  --O                                                                       (2 = 33.3%) {66.7%}
378  ... 

Histogram: Navigation.Preconnect.ResolveHostLatency recorded 6 samples, mean = 178.5 (flags = 0x1)
0    ... 
17   -O                                                                        (1 = 16.7%) {0.0%}
20   ... 
29   -O                                                                        (1 = 16.7%) {16.7%}
34   ... 
57   -O                                                                        (1 = 16.7%) {33.3%}
68   ... 
268  -O                                                                        (1 = 16.7%) {50.0%}
318  --O                                                                       (2 = 33.3%) {66.7%}
378  ... 

Histogram: Navigation.ProcessNavigationThrottlesTime.WillStartRequest.MainFrame recorded 2 samples, mean = 2.0 (flags = 0x1)
0  ... 
2  --O                                                                       (2 = 100.0%) {0.0%}
3  ... 

Histogram: Navigation.QueueTime.OnReceiveRedirect.MainFrame recorded 1 samples, mean = 325.0 (flags = 0x1)
0    ... 
318  -O                                                                        (1 = 100.0%) {0.0%}
378  ... 

Histogram: Navigation.QueueTime.OnReceiveResponse.MainFrame recorded 1 samples, mean = 3.0 (flags = 0x1)
0  ... 
3  -O                                                                        (1 = 100.0%) {0.0%}
4  ... 

Histogram: Navigation.ReadyToCommitUntilCommit2 recorded 1 samples, mean = 69.0 (flags = 0x1)
0   ... 
66  -O                                                                        (1 = 100.0%) {0.0%}
84  ... 

Histogram: Navigation.ReadyToCommitUntilCommit2.ForegroundProcessPriority recorded 1 samples, mean = 69.0 (flags = 0x1)
0   ... 
66  -O                                                                        (1 = 100.0%) {0.0%}
84  ... 

Histogram: Navigation.ReadyToCommitUntilCommit2.NewNavigation recorded 1 samples, mean = 69.0 (flags = 0x1)
0   ... 
66  -O                                                                        (1 = 100.0%) {0.0%}
84  ... 

Histogram: Navigation.RegisterNavigationThrottlesTime.MainFrame recorded 2 samples, mean = 0.0 (flags = 0x1)
0  --O                                                                       (2 = 100.0%)
1  ... 

Histogram: Navigation.RenderFrameDelete recorded 1 samples, mean = 4.0 (flags = 0x1)
0  ... 
4  -O                                                                        (1 = 100.0%) {0.0%}
5  ... 

Histogram: Navigation.RenderFrameHostConstructor recorded 4 samples, mean = 0.0 (flags = 0x1)
0  ----O                                                                     (4 = 100.0%)
1  ... 

Histogram: Navigation.RenderFrameHostDestructor recorded 4 samples, mean = 1.2 (flags = 0x1)
0  -O                                                                        (1 = 25.0%)
1  -O                                                                        (1 = 25.0%) {25.0%}
2  --O                                                                       (2 = 50.0%) {50.0%}
3  ... 

Histogram: Navigation.RenderViewHostConstructor recorded 2 samples, mean = 0.0 (flags = 0x1)
0  --O                                                                       (2 = 100.0%)
1  ... 

Histogram: Navigation.RenderViewHostDestructor recorded 2 samples, mean = 0.5 (flags = 0x1)
0  -O                                                                        (1 = 50.0%)
1  -O                                                                        (1 = 50.0%) {50.0%}
2  ... 

Histogram: Navigation.RenderWidgetHostConstructor recorded 2 samples, mean = 0.0 (flags = 0x1)
0  --O                                                                       (2 = 100.0%)
1  ... 

Histogram: Navigation.RenderWidgetHostDestructor recorded 2 samples, mean = 0.0 (flags = 0x1)
0  --O                                                                       (2 = 100.0%)
1  ... 

Histogram: Navigation.RendererCommitDelay.MainFrame recorded 1 samples, mean = 8.0 (flags = 0x1)
0  ... 
8  -O                                                                        (1 = 100.0%) {0.0%}
10 ... 

Histogram: Navigation.RendererCommitQueueTime.MainFrame recorded 1 samples, mean = 8.0 (flags = 0x1)
0  ... 
8  -O                                                                        (1 = 100.0%) {0.0%}
10 ... 

Histogram: Navigation.RendererDidNavigateTime.MainFrame recorded 1 samples, mean = 0.0 (flags = 0x1)
0  -O                                                                        (1 = 100.0%)
1  ... 

Histogram: Navigation.RendererDidNavigateTime.Subframe recorded 2 samples, mean = 0.0 (flags = 0x1)
0  --O                                                                       (2 = 100.0%)
1  ... 

Histogram: Navigation.RequiresDedicatedProcess recorded 1 samples, mean = 1.0 (flags = 0x1)
0  O                                                                         (0 = 0.0%)
1  -O                                                                        (1 = 100.0%) {0.0%}
2  O                                                                         (0 = 0.0%) {100.0%}

Histogram: Navigation.RequiresDedicatedProcess.HTTPOrHTTPS recorded 1 samples, mean = 1.0 (flags = 0x1)
0  O                                                                         (0 = 0.0%)
1  -O                                                                        (1 = 100.0%) {0.0%}
2  O                                                                         (0 = 0.0%) {100.0%}

Histogram: Navigation.SameDocumentNavigationWithScreenshot recorded 1 samples, mean = 0.0 (flags = 0x1)
0  -O                                                                        (1 = 100.0%)
1  ... 

Histogram: Navigation.SendCommitNavigationTime.MainFrame recorded 1 samples, mean = 0.0 (flags = 0x1)
0  -O                                                                        (1 = 100.0%)
1  ... 

Histogram: Navigation.StartToCommit recorded 3 samples, mean = 3070.7 (flags = 0x1)
0     --O                                                                       (2 = 66.7%)
1     ... 
8000  -O                                                                        (1 = 33.3%) {66.7%}
10165 ... 

Histogram: Navigation.StartToCommit.CrossProcess recorded 1 samples, mean = 9212.0 (flags = 0x1)
0     ... 
8000  -O                                                                        (1 = 100.0%) {0.0%}
10165 ... 

Histogram: Navigation.StartToCommit.CrossProcess.ForegroundProcessPriority recorded 1 samples, mean = 9212.0 (flags = 0x1)
0     ... 
8000  -O                                                                        (1 = 100.0%) {0.0%}
10165 ... 

Histogram: Navigation.StartToCommit.CrossProcess.MainFrame recorded 1 samples, mean = 9212.0 (flags = 0x1)
0     ... 
8000  -O                                                                        (1 = 100.0%) {0.0%}
10165 ... 

Histogram: Navigation.StartToCommit.CrossProcess.MainFrame.ForegroundProcessPriority recorded 1 samples, mean = 9212.0 (flags = 0x1)
0     ... 
8000  -O                                                                        (1 = 100.0%) {0.0%}
10165 ... 

Histogram: Navigation.StartToCommit.CrossProcess.MainFrame.NewNavigation recorded 1 samples, mean = 9212.0 (flags = 0x1)
0     ... 
8000  -O                                                                        (1 = 100.0%) {0.0%}
10165 ... 

Histogram: Navigation.StartToCommit.CrossProcess.NewNavigation recorded 1 samples, mean = 9212.0 (flags = 0x1)
0     ... 
8000  -O                                                                        (1 = 100.0%) {0.0%}
10165 ... 

Histogram: Navigation.StartToCommit.ForegroundProcessPriority recorded 3 samples, mean = 3070.7 (flags = 0x1)
0     --O                                                                       (2 = 66.7%)
1     ... 
8000  -O                                                                        (1 = 33.3%) {66.7%}
10165 ... 

Histogram: Navigation.StartToCommit.MainFrame recorded 1 samples, mean = 9212.0 (flags = 0x1)
0     ... 
8000  -O                                                                        (1 = 100.0%) {0.0%}
10165 ... 

Histogram: Navigation.StartToCommit.MainFrame.ForegroundProcessPriority recorded 1 samples, mean = 9212.0 (flags = 0x1)
0     ... 
8000  -O                                                                        (1 = 100.0%) {0.0%}
10165 ... 

Histogram: Navigation.StartToCommit.MainFrame.NewNavigation recorded 1 samples, mean = 9212.0 (flags = 0x1)
0     ... 
8000  -O                                                                        (1 = 100.0%) {0.0%}
10165 ... 

Histogram: Navigation.StartToCommit.NewNavigation recorded 3 samples, mean = 3070.7 (flags = 0x1)
0     --O                                                                       (2 = 66.7%)
1     ... 
8000  -O                                                                        (1 = 33.3%) {66.7%}
10165 ... 

Histogram: Navigation.StartToCommit.SameProcess recorded 2 samples, mean = 0.0 (flags = 0x1)
0  --O                                                                       (2 = 100.0%)
1  ... 

Histogram: Navigation.StartToCommit.SameProcess.ForegroundProcessPriority recorded 2 samples, mean = 0.0 (flags = 0x1)
0  --O                                                                       (2 = 100.0%)
1  ... 

Histogram: Navigation.StartToCommit.SameProcess.NewNavigation recorded 2 samples, mean = 0.0 (flags = 0x1)
0  --O                                                                       (2 = 100.0%)
1  ... 

Histogram: Navigation.StartToCommit.SameProcess.Subframe recorded 2 samples, mean = 0.0 (flags = 0x1)
0  --O                                                                       (2 = 100.0%)
1  ... 

Histogram: Navigation.StartToCommit.SameProcess.Subframe.ForegroundProcessPriority recorded 2 samples, mean = 0.0 (flags = 0x1)
0  --O                                                                       (2 = 100.0%)
1  ... 

Histogram: Navigation.StartToCommit.SameProcess.Subframe.NewNavigation recorded 2 samples, mean = 0.0 (flags = 0x1)
0  --O                                                                       (2 = 100.0%)
1  ... 

Histogram: Navigation.StartToCommit.Subframe recorded 2 samples, mean = 0.0 (flags = 0x1)
0  --O                                                                       (2 = 100.0%)
1  ... 

Histogram: Navigation.StartToCommit.Subframe.ForegroundProcessPriority recorded 2 samples, mean = 0.0 (flags = 0x1)
0  --O                                                                       (2 = 100.0%)
1  ... 

Histogram: Navigation.StartToCommit.Subframe.NewNavigation recorded 2 samples, mean = 0.0 (flags = 0x1)
0  --O                                                                       (2 = 100.0%)
1  ... 

Histogram: Navigation.SuddenTerminationDisabler.AllOrigins recorded 1 samples, mean = 13.0 (flags = 0x1)
0   ... 
13  -O                                                                        (1 = 100.0%) {0.0%}
14  ... 

Histogram: Navigation.SuddenTerminationDisabler.SameOrigin recorded 1 samples, mean = 13.0 (flags = 0x1)
0   ... 
13  -O                                                                        (1 = 100.0%) {0.0%}
14  ... 

Histogram: Navigation.SwapRFHToCompositorCreation recorded 1 samples, mean = 77.0 (flags = 0x1)
0   ... 
60  -O                                                                        (1 = 100.0%) {0.0%}
78  ... 

Histogram: Navigation.ThrottleCount recorded 2 samples, mean = 20.0 (flags = 0x1)
0   ... 
20  --O                                                                       (2 = 100.0%) {0.0%}
21  ... 

Histogram: Navigation.ThrottleEventDurationTime.WillProcessResponse recorded 1 samples, mean = 0.0 (flags = 0x1)
0  -O                                                                        (1 = 100.0%)
1  ... 

Histogram: Navigation.ThrottleEventDurationTime.WillRedirectRequest recorded 1 samples, mean = 0.0 (flags = 0x1)
0  -O                                                                        (1 = 100.0%)
1  ... 

Histogram: Navigation.ThrottleEventDurationTime.WillStartRequest recorded 2 samples, mean = 0.5 (flags = 0x1)
0  -O                                                                        (1 = 50.0%)
1  -O                                                                        (1 = 50.0%) {50.0%}
2  ... 

Histogram: Navigation.ThrottleEventExecutionTime.WillProcessResponse recorded 1 samples, mean = 0.0 (flags = 0x1)
0  -O                                                                        (1 = 100.0%)
1  ... 

Histogram: Navigation.ThrottleEventExecutionTime.WillRedirectRequest recorded 1 samples, mean = 0.0 (flags = 0x1)
0  -O                                                                        (1 = 100.0%)
1  ... 

Histogram: Navigation.ThrottleEventExecutionTime.WillStartRequest recorded 2 samples, mean = 0.5 (flags = 0x1)
0  -O                                                                        (1 = 50.0%)
1  -O                                                                        (1 = 50.0%) {50.0%}
2  ... 

Histogram: Navigation.ThrottleExecutionTime.WillProcessResponse recorded 20 samples, mean = 0.0 (flags = 0x1)
0  --------------------O                                                     (20 = 100.0%)
1  ... 

Histogram: Navigation.ThrottleExecutionTime.WillRedirectRequest recorded 20 samples, mean = 0.0 (flags = 0x1)
0  --------------------O                                                     (20 = 100.0%)
1  ... 

Histogram: Navigation.ThrottleExecutionTime.WillStartRequest recorded 40 samples, mean = 0.0 (flags = 0x1)
0  ----------------------------------------O                                 (40 = 100.0%)
1  ... 

Histogram: Navigation.ThrottleTotalDeferCount recorded 5 samples, mean = 0.0 (flags = 0x1)
0  -----O                                                                    (5 = 100.0%)
1  ... 

Histogram: Navigation.ThrottleTotalDeferCount.Request recorded 5 samples, mean = 0.0 (flags = 0x1)
0  -----O                                                                    (5 = 100.0%)
1  ... 

Histogram: Navigation.ThrottleTotalDeferTime recorded 5 samples, mean = 0.0 (flags = 0x1)
0  -----O                                                                    (5 = 100.0%)
1  ... 

Histogram: Navigation.ThrottleTotalDeferTime.Request recorded 5 samples, mean = 0.0 (flags = 0x1)
0  -----O                                                                    (5 = 100.0%)
1  ... 

Histogram: Navigation.Throttles.PolicyBlocklist.DeferDurationTime recorded 2 samples, mean = 0.0 (flags = 0x1)
0  --O                                                                       (2 = 100.0%)
1  ... 

Histogram: Navigation.Throttles.PolicyBlocklist.RequestThrottleAction recorded 2 samples, mean = 2.5 (flags = 0x1)
0  O                                                                         (0 = 0.0%)
1  -O                                                                        (1 = 50.0%) {0.0%}
2  ... 
4  -O                                                                        (1 = 50.0%) {50.0%}
5  ... 

Histogram: Navigation.Throttles.PolicyBlocklist.RequestToResponseTime recorded 1 samples, mean = 0.0 (flags = 0x1)
0  -O                                                                        (1 = 100.0%)
1  ... 

Histogram: Navigation.TimeToReadyToCommit2 recorded 1 samples, mean = 9143.0 (flags = 0x1)
0     ... 
8000  -O                                                                        (1 = 100.0%) {0.0%}
10165 ... 

Histogram: Navigation.TimeToReadyToCommit2.CrossProcess recorded 1 samples, mean = 9143.0 (flags = 0x1)
0     ... 
8000  -O                                                                        (1 = 100.0%) {0.0%}
10165 ... 

Histogram: Navigation.TimeToReadyToCommit2.CrossProcess.NewNavigation recorded 1 samples, mean = 9143.0 (flags = 0x1)
0     ... 
8000  -O                                                                        (1 = 100.0%) {0.0%}
10165 ... 

Histogram: Navigation.TimeToReadyToCommit2.MainFrame recorded 1 samples, mean = 9143.0 (flags = 0x1)
0     ... 
8000  -O                                                                        (1 = 100.0%) {0.0%}
10165 ... 

Histogram: Navigation.TimeToReadyToCommit2.MainFrame.NewNavigation recorded 1 samples, mean = 9143.0 (flags = 0x1)
0     ... 
8000  -O                                                                        (1 = 100.0%) {0.0%}
10165 ... 

Histogram: Navigation.TimeToReadyToCommit2.NewNavigation recorded 1 samples, mean = 9143.0 (flags = 0x1)
0     ... 
8000  -O                                                                        (1 = 100.0%) {0.0%}
10165 ... 

Histogram: Navigation.TpcdMitigations.MetadataInstallationResult recorded 1 samples, mean = 0.0 (flags = 0x1)
0  -O                                                                        (1 = 100.0%)
1  ... 

Histogram: Navigation.Unload recorded 1 samples, mean = 0.0 (flags = 0x1)
0  -O                                                                        (1 = 100.0%)
1  ... 

Histogram: Navigation.UserAgentStringType recorded 4 samples, mean = 1.0 (flags = 0x1)
0  O                                                                         (0 = 0.0%)
1  ----O                                                                     (4 = 100.0%) {0.0%}
2  ... 

Histogram: Navigation.WillStartRequestToLoaderStart.MainFrame recorded 2 samples, mean = 1.5 (flags = 0x1)
0  O                                                                         (0 = 0.0%)
1  -O                                                                        (1 = 50.0%) {0.0%}
2  -O                                                                        (1 = 50.0%) {50.0%}
3  ... 

Histogram: NavigationPredictor.SearchEnginePreconnector.IsBrowserAppLikelyInForeground recorded 5 samples, mean = 0.2 (flags = 0x1)
0  ----O                                                                     (4 = 80.0%)
1  -O                                                                        (1 = 20.0%) {80.0%}
2  O                                                                         (0 = 0.0%) {100.0%}

Histogram: NavigationSuggestion.GetDomainInfoDelayBeforeAllowingNavigation recorded 1 samples, mean = 0.0 (flags = 0x1)
0  -O                                                                        (1 = 100.0%)
1  ... 

Histogram: NavigationSuggestion.IsLookalikeUrlDelayBeforeAllowingNavigation recorded 1 samples, mean = 0.0 (flags = 0x1)
0  -O                                                                        (1 = 100.0%)
1  ... 

Histogram: NavigationSuggestion.PerformChecksDelayBeforeAllowingNavigation recorded 1 samples, mean = 0.0 (flags = 0x1)
0  -O                                                                        (1 = 100.0%)
1  ... 

Histogram: Net.AlternateProtocolBrokenLocation recorded 11 samples, mean = 2.0 (flags = 0x1)
0  ... 
2  -----------O                                                              (11 = 100.0%) {0.0%}
3  ... 

Histogram: Net.AlternateProtocolUsage recorded 57 samples, mean = 5.0 (flags = 0x1)
0  ... 
2  -----------O                                                              (11 = 19.3%) {0.0%}
3  ----O                                                                     (4 = 7.0%) {19.3%}
4  --------------O                                                           (14 = 24.6%) {26.3%}
5  ... 
7  ----------------------------O                                             (28 = 49.1%) {50.9%}
8  O                                                                         (0 = 0.0%) {100.0%}

Histogram: Net.AlternateProtocolUsageGoogle recorded 3 samples, mean = 4.0 (flags = 0x1)
0  ... 
2  -O                                                                        (1 = 33.3%) {0.0%}
3  -O                                                                        (1 = 33.3%) {33.3%}
4  ... 
7  -O                                                                        (1 = 33.3%) {66.7%}
8  O                                                                         (0 = 0.0%) {100.0%}

Histogram: Net.AlternateServiceFailed recorded 11 samples (flags = 0x1)
356  -----------O                                                              (11 = 100.0%)

Histogram: Net.AlternativeServiceTypeForRequest recorded 47 samples, mean = 0.2 (flags = 0x1)
0  ------------------------------------O                                     (36 = 76.6%)
1  -----------O                                                              (11 = 23.4%) {76.6%}
2  ... 

Histogram: Net.CertVerifier.PathBuilderIterationCount recorded 12 samples, mean = 2.0 (flags = 0x1)
0  ... 
2  ------------O                                                             (12 = 100.0%) {0.0%}
3  ... 

Histogram: Net.CertVerifier_First_Job_Latency recorded 3 samples, mean = 3006.7 (flags = 0x1)
0     ... 
1365  -O                                                                        (1 = 33.3%) {0.0%}
1546  ... 
2876  -O                                                                        (1 = 33.3%) {33.3%}
3256  ... 
4175  -O                                                                        (1 = 33.3%) {66.7%}
4727  ... 

Histogram: Net.CertVerifier_Job_Latency recorded 12 samples, mean = 1080.8 (flags = 0x1)
0     ... 
16    -O                                                                        (1 = 8.3%) {0.0%}
18    --O                                                                       (2 = 16.7%) {8.3%}
20    ... 
29    --O                                                                       (2 = 16.7%) {25.0%}
33    ... 
88    -O                                                                        (1 = 8.3%) {41.7%}
100   O                                                                         (0 = 0.0%) {50.0%}
113   -O                                                                        (1 = 8.3%) {50.0%}
128   ... 
446   -O                                                                        (1 = 8.3%) {58.3%}
505   ... 
1365  -O                                                                        (1 = 8.3%) {66.7%}
1546  ... 
2876  --O                                                                       (2 = 16.7%) {75.0%}
3256  ... 
4175  -O                                                                        (1 = 8.3%) {91.7%}
4727  ... 

Histogram: Net.Certificate.TrustAnchor.Request recorded 38 samples (flags = 0x1)
210  ---------O                                                                (9 = 23.7%)
483  --------------------O                                                     (20 = 52.6%)
486  ---------O                                                                (9 = 23.7%)

Histogram: Net.Certificate.TrustAnchor.Verify recorded 12 samples (flags = 0x1)
210  ---O                                                                      (3 = 25.0%)
483  -------O                                                                  (7 = 58.3%)
486  --O                                                                       (2 = 16.7%)

Histogram: Net.ConnectionInfo.MainFrame recorded 1 samples, mean = 4.0 (flags = 0x1)
0  ... 
4  -O                                                                        (1 = 100.0%) {0.0%}
5  ... 

Histogram: Net.ConnectionInfo.SubResource recorded 15 samples, mean = 6.4 (flags = 0x1)
0   ... 
4   --------------O                                                           (14 = 93.3%) {0.0%}
5   ... 
40  -O                                                                        (1 = 6.7%) {93.3%}
41  ... 

Histogram: Net.ContentEncodingType recorded 78 samples, mean = 0.6 (flags = 0x1)
0  -------------------------------------O                                    (37 = 47.4%)
1  -------------------------------------O                                    (37 = 47.4%) {47.4%}
2  ----O                                                                     (4 = 5.1%) {94.9%}
3  ... 

Histogram: Net.Cors.AccessCheckResult recorded 8 samples, mean = 0.0 (flags = 0x1)
0  --------O                                                                 (8 = 100.0%)
1  ... 

Histogram: Net.CountOfBrokenAlternativeServices recorded 1 samples, mean = 3.0 (flags = 0x1)
0  ... 
3  -O                                                                        (1 = 100.0%) {0.0%}
4  ... 

Histogram: Net.CountOfQuicServerInfos recorded 1 samples, mean = 0.0 (flags = 0x1)
0  -O                                                                        (1 = 100.0%)
1  ... 

Histogram: Net.CountOfRecentlyBrokenAlternativeServices recorded 1 samples, mean = 7.0 (flags = 0x1)
0  ... 
7  -O                                                                        (1 = 100.0%) {0.0%}
8  ... 

Histogram: Net.DNS.DnsConfig.DnsClientCapability recorded 46 samples, mean = 3.0 (flags = 0x1)
0  ... 
3  ----------------------------------------------O                           (46 = 100.0%) {0.0%}
4  O                                                                         (0 = 0.0%) {100.0%}

Histogram: Net.DNS.DnsConfig.SecureDnsMode recorded 1 samples, mean = 4.0 (flags = 0x1)
0  ... 
4  -O                                                                        (1 = 100.0%) {0.0%}
5  ... 

Histogram: Net.DNS.DnsConfig.Windows.Compatibility recorded 2 samples, mean = 0.0 (flags = 0x1)
0  --O                                                                       (2 = 100.0%)
1  ... 

Histogram: Net.DNS.DnsConfig.Windows.ReadSystemSettings0 recorded 2 samples, mean = 0.0 (flags = 0x1)
0  --O                                                                       (2 = 100.0%)
1  ... 

Histogram: Net.DNS.DnsHosts.Count recorded 2 samples, mean = 0.0 (flags = 0x1)
0  --O                                                                       (2 = 100.0%)
1  ... 

Histogram: Net.DNS.DnsHosts.EstimateMemoryUsage recorded 2 samples, mean = 0.0 (flags = 0x1)
0  --O                                                                       (2 = 100.0%)
1000... 

Histogram: Net.DNS.DnsHosts.FileSize recorded 2 samples, mean = 858.0 (flags = 0x1)
0    ... 
737  --O                                                                       (2 = 100.0%) {0.0%}
1065 ... 

Histogram: Net.DNS.DnsTask.SuccessTime recorded 11 samples, mean = 67.1 (flags = 0x1)
0    ... 
21   -O                                                                        (1 = 9.1%) {0.0%}
24   --O                                                                       (2 = 18.2%) {9.1%}
28   ... 
37   -O                                                                        (1 = 9.1%) {27.3%}
43   --O                                                                       (2 = 18.2%) {36.4%}
50   O                                                                         (0 = 0.0%) {54.5%}
58   --O                                                                       (2 = 18.2%) {54.5%}
67   -O                                                                        (1 = 9.1%) {72.7%}
77   ... 
103  -O                                                                        (1 = 9.1%) {81.8%}
119  ... 
210  -O                                                                        (1 = 9.1%) {90.9%}
242  ... 

Histogram: Net.DNS.DnsTask.SvcbHttpsTransactionError recorded 11 samples, mean = 0.0 (flags = 0x1)
0  -----------O                                                              (11 = 100.0%)
1  ... 

Histogram: Net.DNS.DnsTransaction.AttemptType recorded 22 samples, mean = 1.4 (flags = 0x1)
0  ------------O                                                             (12 = 54.5%)
1  ... 
3  ----------O                                                               (10 = 45.5%) {54.5%}
4  O                                                                         (0 = 0.0%) {100.0%}

Histogram: Net.DNS.DnsTransaction.Insecure.Google.SuccessTime recorded 12 samples, mean = 34.6 (flags = 0x1)
0   ... 
20  ------O                                                                   (6 = 50.0%) {0.0%}
25  O                                                                         (0 = 0.0%) {50.0%}
32  --O                                                                       (2 = 16.7%) {50.0%}
41  ---O                                                                      (3 = 25.0%) {66.7%}
52  -O                                                                        (1 = 8.3%) {91.7%}
66  ... 

Histogram: Net.DNS.DnsTransaction.SecureValidated.Google.SuccessTime recorded 18 samples, mean = 914.6 (flags = 0x1)
0     ... 
32    -O                                                                        (1 = 5.6%) {0.0%}
41    -O                                                                        (1 = 5.6%) {5.6%}
52    --O                                                                       (2 = 11.1%) {11.1%}
66    --O                                                                       (2 = 11.1%) {22.2%}
84    O                                                                         (0 = 0.0%) {33.3%}
107   --O                                                                       (2 = 11.1%) {33.3%}
136   ... 
220   --O                                                                       (2 = 11.1%) {44.4%}
280   ... 
574   -O                                                                        (1 = 5.6%) {55.6%}
729   -O                                                                        (1 = 5.6%) {61.1%}
926   -O                                                                        (1 = 5.6%) {66.7%}
1177  O                                                                         (0 = 0.0%) {72.2%}
1496  -O                                                                        (1 = 5.6%) {72.2%}
1901  --O                                                                       (2 = 11.1%) {77.8%}
2415  O                                                                         (0 = 0.0%) {88.9%}
3069  --O                                                                       (2 = 11.1%) {88.9%}
3900  ... 

Histogram: Net.DNS.H3SupportedGoogleHost.TaskTypeMetadataAvailability2 recorded 1 samples, mean = 3.0 (flags = 0x1)
0  ... 
3  -O                                                                        (1 = 100.0%) {0.0%}
4  ... 

Histogram: Net.DNS.HTTPSSVC.RecordHttps.Insecure.ExpectNoerror.DnsRcode recorded 6 samples, mean = 3.0 (flags = 0x1)
0  ... 
3  ------O                                                                   (6 = 100.0%) {0.0%}
4  ... 

Histogram: Net.DNS.HTTPSSVC.RecordHttps.Insecure.ExpectNoerror.Parsable recorded 1 samples, mean = 1.0 (flags = 0x1)
0  O                                                                         (0 = 0.0%)
1  -O                                                                        (1 = 100.0%) {0.0%}
2  O                                                                         (0 = 0.0%) {100.0%}

Histogram: Net.DNS.HTTPSSVC.RecordHttps.Insecure.ExpectNoerror.ResolveTimeAddress recorded 6 samples, mean = 36.0 (flags = 0x1)
0   ... 
20  ---O                                                                      (3 = 50.0%) {0.0%}
25  O                                                                         (0 = 0.0%) {50.0%}
32  -O                                                                        (1 = 16.7%) {50.0%}
41  -O                                                                        (1 = 16.7%) {66.7%}
52  -O                                                                        (1 = 16.7%) {83.3%}
66  ... 

Histogram: Net.DNS.HTTPSSVC.RecordHttps.Insecure.ExpectNoerror.ResolveTimeExperimental recorded 6 samples, mean = 33.2 (flags = 0x1)
0   ... 
20  ---O                                                                      (3 = 50.0%) {0.0%}
25  O                                                                         (0 = 0.0%) {50.0%}
32  -O                                                                        (1 = 16.7%) {50.0%}
41  --O                                                                       (2 = 33.3%) {66.7%}
52  ... 

Histogram: Net.DNS.HTTPSSVC.RecordHttps.Insecure.ExpectNoerror.ResolveTimeRatio recorded 6 samples, mean = 9.0 (flags = 0x1)
0   ... 
6   -O                                                                        (1 = 16.7%) {0.0%}
7   ... 
9   ---O                                                                      (3 = 50.0%) {16.7%}
10  -O                                                                        (1 = 16.7%) {66.7%}
11  -O                                                                        (1 = 16.7%) {83.3%}
12  ... 

Histogram: Net.DNS.HTTPSSVC.RecordHttps.Secure.ExpectNoerror.DnsRcode recorded 5 samples, mean = 3.0 (flags = 0x1)
0  ... 
3  -----O                                                                    (5 = 100.0%) {0.0%}
4  ... 

Histogram: Net.DNS.HTTPSSVC.RecordHttps.Secure.ExpectNoerror.Parsable recorded 1 samples, mean = 1.0 (flags = 0x1)
0  O                                                                         (0 = 0.0%)
1  -O                                                                        (1 = 100.0%) {0.0%}
2  O                                                                         (0 = 0.0%) {100.0%}

Histogram: Net.DNS.HTTPSSVC.RecordHttps.Secure.ExpectNoerror.ResolveTimeAddress recorded 5 samples, mean = 102.6 (flags = 0x1)
0    ... 
41   -O                                                                        (1 = 20.0%) {0.0%}
52   -O                                                                        (1 = 20.0%) {20.0%}
66   -O                                                                        (1 = 20.0%) {40.0%}
84   O                                                                         (0 = 0.0%) {60.0%}
107  -O                                                                        (1 = 20.0%) {60.0%}
136  ... 
220  -O                                                                        (1 = 20.0%) {80.0%}
280  ... 

Histogram: Net.DNS.HTTPSSVC.RecordHttps.Secure.ExpectNoerror.ResolveTimeExperimental recorded 5 samples, mean = 100.2 (flags = 0x1)
0    ... 
32   -O                                                                        (1 = 20.0%) {0.0%}
41   O                                                                         (0 = 0.0%) {20.0%}
52   -O                                                                        (1 = 20.0%) {20.0%}
66   -O                                                                        (1 = 20.0%) {40.0%}
84   O                                                                         (0 = 0.0%) {60.0%}
107  -O                                                                        (1 = 20.0%) {60.0%}
136  ... 
220  -O                                                                        (1 = 20.0%) {80.0%}
280  ... 

Histogram: Net.DNS.HTTPSSVC.RecordHttps.Secure.ExpectNoerror.ResolveTimeRatio recorded 5 samples, mean = 9.0 (flags = 0x1)
0   ... 
8   -O                                                                        (1 = 20.0%) {0.0%}
9   ---O                                                                      (3 = 60.0%) {20.0%}
10  -O                                                                        (1 = 20.0%) {80.0%}
11  ... 

Histogram: Net.DNS.JobQueueTime.PerTransaction recorded 22 samples, mean = 0.0 (flags = 0x1)
0  ----------------------O                                                   (22 = 100.0%)
1  ... 

Histogram: Net.DNS.JobQueueTime.Success recorded 11 samples, mean = 0.0 (flags = 0x1)
0  -----------O                                                              (11 = 100.0%)
1  ... 

Histogram: Net.DNS.ProbeSequence.ConfigChange.Success.AttemptTime recorded 8 samples, mean = 2866.8 (flags = 0x1)
0     ... 
1340  --O                                                                       (2 = 25.0%) {0.0%}
1816  O                                                                         (0 = 0.0%) {25.0%}
2460  ------O                                                                   (6 = 75.0%) {25.0%}
3333  ... 

Histogram: Net.DNS.Request.TotalTime recorded 205 samples, mean = 3.2 (flags = 0x1)
0    ------------------------------------------------------------------------O (196 = 95.6%)
10   ... 
22   -O                                                                        (3 = 1.5%) {95.6%}
27   O                                                                         (0 = 0.0%) {97.1%}
33   O                                                                         (1 = 0.5%) {97.1%}
41   O                                                                         (0 = 0.0%) {97.6%}
50   O                                                                         (1 = 0.5%) {97.6%}
61   -O                                                                        (2 = 1.0%) {98.0%}
75   ... 
113  O                                                                         (1 = 0.5%) {99.0%}
139  ... 
210  O                                                                         (1 = 0.5%) {99.5%}
258  ... 

Histogram: Net.DNS.Request.TotalTimeAsync recorded 16 samples, mean = 40.5 (flags = 0x1)
0    -------O                                                                  (7 = 43.8%)
10   ... 
22   ---O                                                                      (3 = 18.8%) {43.8%}
27   O                                                                         (0 = 0.0%) {62.5%}
33   -O                                                                        (1 = 6.2%) {62.5%}
41   O                                                                         (0 = 0.0%) {68.8%}
50   -O                                                                        (1 = 6.2%) {68.8%}
61   --O                                                                       (2 = 12.5%) {75.0%}
75   ... 
113  -O                                                                        (1 = 6.2%) {87.5%}
139  ... 
210  -O                                                                        (1 = 6.2%) {93.8%}
258  ... 

Histogram: Net.DNS.ResolveCategory recorded 18 samples, mean = 0.6 (flags = 0x1)
0  ---------O                                                                (9 = 50.0%)
1  -------O                                                                  (7 = 38.9%) {50.0%}
2  --O                                                                       (2 = 11.1%) {88.9%}
3  ... 

Histogram: Net.DNS.ResolveContext.DohAutoupgrade.Google.Status recorded 3 samples, mean = 0.0 (flags = 0x1)
0  ---O                                                                      (3 = 100.0%)
1  ... 

Histogram: Net.DNS.ResolveError.Fast recorded 7 samples (flags = 0x1)
105  -------O                                                                  (7 = 100.0%)

Histogram: Net.DNS.ResolveFailureTime recorded 7 samples, mean = 0.1 (flags = 0x1)
0  ------O                                                                   (6 = 85.7%)
1  -O                                                                        (1 = 14.3%) {85.7%}
2  ... 

Histogram: Net.DNS.ResolveSuccessTime recorded 9 samples, mean = 71.4 (flags = 0x1)
0    ... 
21   -O                                                                        (1 = 11.1%) {0.0%}
24   --O                                                                       (2 = 22.2%) {11.1%}
28   ... 
37   -O                                                                        (1 = 11.1%) {33.3%}
43   ... 
58   --O                                                                       (2 = 22.2%) {44.4%}
67   -O                                                                        (1 = 11.1%) {66.7%}
77   ... 
103  -O                                                                        (1 = 11.1%) {77.8%}
119  ... 
210  -O                                                                        (1 = 11.1%) {88.9%}
242  ... 

Histogram: Net.DNS.SystemTask.FailureTime recorded 7 samples, mean = 0.1 (flags = 0x1)
0  ------O                                                                   (6 = 85.7%)
1  -O                                                                        (1 = 14.3%) {85.7%}
2  ... 

Histogram: Net.DNS.UpgradeConfig.HasPublicInsecureNameserver recorded 1 samples, mean = 1.0 (flags = 0x1)
0  O                                                                         (0 = 0.0%)
1  -O                                                                        (1 = 100.0%) {0.0%}
2  O                                                                         (0 = 0.0%) {100.0%}

Histogram: Net.DNS.UpgradeConfig.InsecureUpgradeSucceeded recorded 1 samples, mean = 1.0 (flags = 0x1)
0  O                                                                         (0 = 0.0%)
1  -O                                                                        (1 = 100.0%) {0.0%}
2  O                                                                         (0 = 0.0%) {100.0%}

Histogram: Net.DNS_Resolution_And_TCP_Connection_Latency2 recorded 20 samples, mean = 36.0 (flags = 0x1)
0    ... 
18   ----O                                                                     (4 = 20.0%) {0.0%}
20   ---O                                                                      (3 = 15.0%) {20.0%}
23   --O                                                                       (2 = 10.0%) {35.0%}
26   -----O                                                                    (5 = 25.0%) {45.0%}
29   O                                                                         (0 = 0.0%) {70.0%}
33   -O                                                                        (1 = 5.0%) {70.0%}
37   O                                                                         (0 = 0.0%) {75.0%}
42   --O                                                                       (2 = 10.0%) {75.0%}
48   -O                                                                        (1 = 5.0%) {85.0%}
54   ... 
88   -O                                                                        (1 = 5.0%) {90.0%}
100  ... 
128  -O                                                                        (1 = 5.0%) {95.0%}
145  ... 

Histogram: Net.ErrorCodesForMainFrame4 recorded 2 samples (flags = 0x1)
0  -O                                                                        (1 = 50.0%)
3  -O                                                                        (1 = 50.0%)

Histogram: Net.ErrorCodesForSubresources3 recorded 56 samples (flags = 0x1)
0  --------------------------------------------------------O                 (56 = 100.0%)

Histogram: Net.HttpJob.BytesReceived2 recorded 39 samples, mean = 10206.4 (flags = 0x1)
0       ... 
115     -O                                                                        (1 = 2.6%) {0.0%}
165     ... 
340     ----O                                                                     (4 = 10.3%) {2.6%}
488     ---------------O                                                          (15 = 38.5%) {12.8%}
700     -----O                                                                    (5 = 12.8%) {51.3%}
1004    -O                                                                        (1 = 2.6%) {64.1%}
1440    --O                                                                       (2 = 5.1%) {66.7%}
2065    O                                                                         (0 = 0.0%) {71.8%}
2961    -----O                                                                    (5 = 12.8%) {71.8%}
4246    ... 
17959   -O                                                                        (1 = 2.6%) {84.6%}
25755   -O                                                                        (1 = 2.6%) {87.2%}
36935   --O                                                                       (2 = 5.1%) {89.7%}
52968   O                                                                         (0 = 0.0%) {94.9%}
75961   -O                                                                        (1 = 2.6%) {94.9%}
108935  -O                                                                        (1 = 2.6%) {97.4%}
156223  ... 

Histogram: Net.HttpJob.BytesSent2 recorded 39 samples, mean = 901.7 (flags = 0x1)
0      ... 
39     -O                                                                        (1 = 2.6%) {0.0%}
56     O                                                                         (0 = 0.0%) {2.6%}
80     -----O                                                                    (5 = 12.8%) {2.6%}
115    -O                                                                        (1 = 2.6%) {15.4%}
165    -------------------O                                                      (19 = 48.7%) {17.9%}
237    ---O                                                                      (3 = 7.7%) {66.7%}
340    ----O                                                                     (4 = 10.3%) {74.4%}
488    -O                                                                        (1 = 2.6%) {84.6%}
700    ---O                                                                      (3 = 7.7%) {87.2%}
1004   ... 
6089   -O                                                                        (1 = 2.6%) {94.9%}
8732   O                                                                         (0 = 0.0%) {97.4%}
12523  -O                                                                        (1 = 2.6%) {97.4%}
17959  ... 

Histogram: Net.HttpJob.MainJobWaitTimeWithAvailableSpdySession recorded 6 samples, mean = 0.0 (flags = 0x1)
0  ------O                                                                   (6 = 100.0%)
1  ... 

Histogram: Net.HttpJob.MainJobWaitTimeWithoutAvailableSpdySession recorded 15 samples, mean = 20.0 (flags = 0x1)
0    --------------O                                                           (14 = 93.3%)
1    ... 
268  -O                                                                        (1 = 6.7%) {93.3%}
318  ... 

Histogram: Net.HttpJob.PrefilterBytesRead recorded 82 samples, mean = 25361.4 (flags = 0x1)
0       ------O                                                                   (6 = 7.3%)
1       ... 
13      --O                                                                       (2 = 2.4%) {7.3%}
19      --O                                                                       (2 = 2.4%) {9.8%}
27      O                                                                         (0 = 0.0%) {12.2%}
39      -O                                                                        (1 = 1.2%) {12.2%}
56      -O                                                                        (1 = 1.2%) {13.4%}
80      -O                                                                        (1 = 1.2%) {14.6%}
115     O                                                                         (0 = 0.0%) {15.9%}
165     -O                                                                        (1 = 1.2%) {15.9%}
237     O                                                                         (0 = 0.0%) {17.1%}
340     --------------------O                                                     (20 = 24.4%) {17.1%}
488     -----O                                                                    (5 = 6.1%) {41.5%}
700     ----O                                                                     (4 = 4.9%) {47.6%}
1004    ---O                                                                      (3 = 3.7%) {52.4%}
1440    -O                                                                        (1 = 1.2%) {56.1%}
2065    -O                                                                        (1 = 1.2%) {57.3%}
2961    ---O                                                                      (3 = 3.7%) {58.5%}
4246    O                                                                         (0 = 0.0%) {62.2%}
6089    -O                                                                        (1 = 1.2%) {62.2%}
8732    ---O                                                                      (3 = 3.7%) {63.4%}
12523   ---O                                                                      (3 = 3.7%) {67.1%}
17959   ----O                                                                     (4 = 4.9%) {70.7%}
25755   ---O                                                                      (3 = 3.7%) {75.6%}
36935   ------O                                                                   (6 = 7.3%) {79.3%}
52968   O                                                                         (0 = 0.0%) {86.6%}
75961   ------O                                                                   (6 = 7.3%) {86.6%}
108935  ----O                                                                     (4 = 4.9%) {93.9%}
156223  ... 
321291  -O                                                                        (1 = 1.2%) {98.8%}
460760  ... 

Histogram: Net.HttpJob.PrefilterBytesRead.Cache recorded 45 samples, mean = 38061.2 (flags = 0x1)
0       --O                                                                       (2 = 4.4%)
1       ... 
165     -O                                                                        (1 = 2.2%) {4.4%}
237     O                                                                         (0 = 0.0%) {6.7%}
340     --O                                                                       (2 = 4.4%) {6.7%}
488     -----O                                                                    (5 = 11.1%) {11.1%}
700     ---O                                                                      (3 = 6.7%) {22.2%}
1004    --O                                                                       (2 = 4.4%) {28.9%}
1440    -O                                                                        (1 = 2.2%) {33.3%}
2065    -O                                                                        (1 = 2.2%) {35.6%}
2961    ---O                                                                      (3 = 6.7%) {37.8%}
4246    O                                                                         (0 = 0.0%) {44.4%}
6089    -O                                                                        (1 = 2.2%) {44.4%}
8732    ---O                                                                      (3 = 6.7%) {46.7%}
12523   --O                                                                       (2 = 4.4%) {53.3%}
17959   ----O                                                                     (4 = 8.9%) {57.8%}
25755   --O                                                                       (2 = 4.4%) {66.7%}
36935   ----O                                                                     (4 = 8.9%) {71.1%}
52968   O                                                                         (0 = 0.0%) {80.0%}
75961   -----O                                                                    (5 = 11.1%) {80.0%}
108935  ---O                                                                      (3 = 6.7%) {91.1%}
156223  ... 
321291  -O                                                                        (1 = 2.2%) {97.8%}
460760  ... 

Histogram: Net.HttpJob.PrefilterBytesRead.Net recorded 37 samples, mean = 9915.6 (flags = 0x1)
0       ----O                                                                     (4 = 10.8%)
1       ... 
13      --O                                                                       (2 = 5.4%) {10.8%}
19      --O                                                                       (2 = 5.4%) {16.2%}
27      O                                                                         (0 = 0.0%) {21.6%}
39      -O                                                                        (1 = 2.7%) {21.6%}
56      -O                                                                        (1 = 2.7%) {24.3%}
80      -O                                                                        (1 = 2.7%) {27.0%}
115     ... 
340     ------------------O                                                       (18 = 48.6%) {29.7%}
488     O                                                                         (0 = 0.0%) {78.4%}
700     -O                                                                        (1 = 2.7%) {78.4%}
1004    -O                                                                        (1 = 2.7%) {81.1%}
1440    ... 
12523   -O                                                                        (1 = 2.7%) {83.8%}
17959   O                                                                         (0 = 0.0%) {86.5%}
25755   -O                                                                        (1 = 2.7%) {86.5%}
36935   --O                                                                       (2 = 5.4%) {89.2%}
52968   O                                                                         (0 = 0.0%) {94.6%}
75961   -O                                                                        (1 = 2.7%) {94.6%}
108935  -O                                                                        (1 = 2.7%) {97.3%}
156223  ... 

Histogram: Net.HttpJob.ProxyTypeSuccess recorded 39 samples, mean = 1.0 (flags = 0x1)
0  O                                                                         (0 = 0.0%)
1  ---------------------------------------O                                  (39 = 100.0%) {0.0%}
2  ... 

Histogram: Net.HttpJob.TotalTime recorded 82 samples, mean = 253.7 (flags = 0x1)
0     O                                                                         (0 = 0.0%)
1     -----O                                                                    (5 = 6.1%) {0.0%}
2     -O                                                                        (1 = 1.2%) {6.1%}
3     -O                                                                        (1 = 1.2%) {7.3%}
4     ----O                                                                     (4 = 4.9%) {8.5%}
5     -O                                                                        (1 = 1.2%) {13.4%}
6     O                                                                         (0 = 0.0%) {14.6%}
7     -O                                                                        (1 = 1.2%) {14.6%}
8     --O                                                                       (2 = 2.4%) {15.9%}
10    ------------O                                                             (12 = 14.6%) {18.3%}
12    -O                                                                        (1 = 1.2%) {32.9%}
14    --O                                                                       (2 = 2.4%) {34.1%}
17    --O                                                                       (2 = 2.4%) {36.6%}
20    -------O                                                                  (7 = 8.5%) {39.0%}
24    -----O                                                                    (5 = 6.1%) {47.6%}
29    O                                                                         (0 = 0.0%) {53.7%}
34    -O                                                                        (1 = 1.2%) {53.7%}
40    -O                                                                        (1 = 1.2%) {54.9%}
48    --O                                                                       (2 = 2.4%) {56.1%}
57    ----O                                                                     (4 = 4.9%) {58.5%}
68    ---O                                                                      (3 = 3.7%) {63.4%}
81    --O                                                                       (2 = 2.4%) {67.1%}
96    -----O                                                                    (5 = 6.1%) {69.5%}
114   O                                                                         (0 = 0.0%) {75.6%}
135   -O                                                                        (1 = 1.2%) {75.6%}
160   O                                                                         (0 = 0.0%) {76.8%}
190   ---O                                                                      (3 = 3.7%) {76.8%}
226   -----O                                                                    (5 = 6.1%) {80.5%}
268   -O                                                                        (1 = 1.2%) {86.6%}
318   O                                                                         (0 = 0.0%) {87.8%}
378   -O                                                                        (1 = 1.2%) {87.8%}
449   ... 
633   --O                                                                       (2 = 2.4%) {89.0%}
752   -O                                                                        (1 = 1.2%) {91.5%}
894   O                                                                         (0 = 0.0%) {92.7%}
1062  -O                                                                        (1 = 1.2%) {92.7%}
1262  O                                                                         (0 = 0.0%) {93.9%}
1500  -O                                                                        (1 = 1.2%) {93.9%}
1782  O                                                                         (0 = 0.0%) {95.1%}
2117  --O                                                                       (2 = 2.4%) {95.1%}
2516  O                                                                         (0 = 0.0%) {97.6%}
2990  --O                                                                       (2 = 2.4%) {97.6%}
3553  ... 

Histogram: Net.HttpJob.TotalTime.TLS13.Google recorded 2 samples, mean = 561.0 (flags = 0x1)
0    ... 
378  -O                                                                        (1 = 50.0%) {0.0%}
449  ... 
633  -O                                                                        (1 = 50.0%) {50.0%}
752  ... 

Histogram: Net.HttpJob.TotalTimeCached recorded 45 samples, mean = 17.1 (flags = 0x1)
0    O                                                                         (0 = 0.0%)
1    -----O                                                                    (5 = 11.1%) {0.0%}
2    -O                                                                        (1 = 2.2%) {11.1%}
3    -O                                                                        (1 = 2.2%) {13.3%}
4    ----O                                                                     (4 = 8.9%) {15.6%}
5    -O                                                                        (1 = 2.2%) {24.4%}
6    O                                                                         (0 = 0.0%) {26.7%}
7    -O                                                                        (1 = 2.2%) {26.7%}
8    --O                                                                       (2 = 4.4%) {28.9%}
10   ------------O                                                             (12 = 26.7%) {33.3%}
12   -O                                                                        (1 = 2.2%) {60.0%}
14   --O                                                                       (2 = 4.4%) {62.2%}
17   --O                                                                       (2 = 4.4%) {66.7%}
20   -------O                                                                  (7 = 15.6%) {71.1%}
24   ----O                                                                     (4 = 8.9%) {86.7%}
29   ... 
96   -O                                                                        (1 = 2.2%) {95.6%}
114  O                                                                         (0 = 0.0%) {97.8%}
135  -O                                                                        (1 = 2.2%) {97.8%}
160  ... 

Histogram: Net.HttpJob.TotalTimeNotCached recorded 37 samples, mean = 541.5 (flags = 0x1)
0     ... 
24    -O                                                                        (1 = 2.7%) {0.0%}
29    O                                                                         (0 = 0.0%) {2.7%}
34    -O                                                                        (1 = 2.7%) {2.7%}
40    -O                                                                        (1 = 2.7%) {5.4%}
48    --O                                                                       (2 = 5.4%) {8.1%}
57    ----O                                                                     (4 = 10.8%) {13.5%}
68    ---O                                                                      (3 = 8.1%) {24.3%}
81    --O                                                                       (2 = 5.4%) {32.4%}
96    ----O                                                                     (4 = 10.8%) {37.8%}
114   ... 
190   ---O                                                                      (3 = 8.1%) {48.6%}
226   -----O                                                                    (5 = 13.5%) {56.8%}
268   -O                                                                        (1 = 2.7%) {70.3%}
318   O                                                                         (0 = 0.0%) {73.0%}
378   -O                                                                        (1 = 2.7%) {73.0%}
449   ... 
633   --O                                                                       (2 = 5.4%) {75.7%}
752   -O                                                                        (1 = 2.7%) {81.1%}
894   O                                                                         (0 = 0.0%) {83.8%}
1062  -O                                                                        (1 = 2.7%) {83.8%}
1262  O                                                                         (0 = 0.0%) {86.5%}
1500  -O                                                                        (1 = 2.7%) {86.5%}
1782  O                                                                         (0 = 0.0%) {89.2%}
2117  --O                                                                       (2 = 5.4%) {89.2%}
2516  O                                                                         (0 = 0.0%) {94.6%}
2990  --O                                                                       (2 = 5.4%) {94.6%}
3553  ... 

Histogram: Net.HttpJob.TotalTimeSuccess recorded 82 samples, mean = 253.7 (flags = 0x1)
0     O                                                                         (0 = 0.0%)
1     -----O                                                                    (5 = 6.1%) {0.0%}
2     -O                                                                        (1 = 1.2%) {6.1%}
3     -O                                                                        (1 = 1.2%) {7.3%}
4     ----O                                                                     (4 = 4.9%) {8.5%}
5     -O                                                                        (1 = 1.2%) {13.4%}
6     O                                                                         (0 = 0.0%) {14.6%}
7     -O                                                                        (1 = 1.2%) {14.6%}
8     --O                                                                       (2 = 2.4%) {15.9%}
10    ------------O                                                             (12 = 14.6%) {18.3%}
12    -O                                                                        (1 = 1.2%) {32.9%}
14    --O                                                                       (2 = 2.4%) {34.1%}
17    --O                                                                       (2 = 2.4%) {36.6%}
20    -------O                                                                  (7 = 8.5%) {39.0%}
24    -----O                                                                    (5 = 6.1%) {47.6%}
29    O                                                                         (0 = 0.0%) {53.7%}
34    -O                                                                        (1 = 1.2%) {53.7%}
40    -O                                                                        (1 = 1.2%) {54.9%}
48    --O                                                                       (2 = 2.4%) {56.1%}
57    ----O                                                                     (4 = 4.9%) {58.5%}
68    ---O                                                                      (3 = 3.7%) {63.4%}
81    --O                                                                       (2 = 2.4%) {67.1%}
96    -----O                                                                    (5 = 6.1%) {69.5%}
114   O                                                                         (0 = 0.0%) {75.6%}
135   -O                                                                        (1 = 1.2%) {75.6%}
160   O                                                                         (0 = 0.0%) {76.8%}
190   ---O                                                                      (3 = 3.7%) {76.8%}
226   -----O                                                                    (5 = 6.1%) {80.5%}
268   -O                                                                        (1 = 1.2%) {86.6%}
318   O                                                                         (0 = 0.0%) {87.8%}
378   -O                                                                        (1 = 1.2%) {87.8%}
449   ... 
633   --O                                                                       (2 = 2.4%) {89.0%}
752   -O                                                                        (1 = 1.2%) {91.5%}
894   O                                                                         (0 = 0.0%) {92.7%}
1062  -O                                                                        (1 = 1.2%) {92.7%}
1262  O                                                                         (0 = 0.0%) {93.9%}
1500  -O                                                                        (1 = 1.2%) {93.9%}
1782  O                                                                         (0 = 0.0%) {95.1%}
2117  --O                                                                       (2 = 2.4%) {95.1%}
2516  O                                                                         (0 = 0.0%) {97.6%}
2990  --O                                                                       (2 = 2.4%) {97.6%}
3553  ... 

Histogram: Net.HttpJob.TotalTimeSuccess.Priority1 recorded 12 samples, mean = 171.7 (flags = 0x1)
0    O                                                                         (0 = 0.0%)
1    -O                                                                        (1 = 8.3%) {0.0%}
2    ... 
34   -O                                                                        (1 = 8.3%) {8.3%}
40   -O                                                                        (1 = 8.3%) {16.7%}
48   -O                                                                        (1 = 8.3%) {25.0%}
57   O                                                                         (0 = 0.0%) {33.3%}
68   --O                                                                       (2 = 16.7%) {33.3%}
81   O                                                                         (0 = 0.0%) {50.0%}
96   --O                                                                       (2 = 16.7%) {50.0%}
114  ... 
190  --O                                                                       (2 = 16.7%) {66.7%}
226  ... 
378  -O                                                                        (1 = 8.3%) {83.3%}
449  ... 
633  -O                                                                        (1 = 8.3%) {91.7%}
752  ... 

Histogram: Net.HttpJob.TotalTimeSuccess.Priority2 recorded 46 samples, mean = 376.8 (flags = 0x1)
0     O                                                                         (0 = 0.0%)
1     ----O                                                                     (4 = 8.7%) {0.0%}
2     -O                                                                        (1 = 2.2%) {8.7%}
3     ... 
7     -O                                                                        (1 = 2.2%) {10.9%}
8     -O                                                                        (1 = 2.2%) {13.0%}
10    ------O                                                                   (6 = 13.0%) {15.2%}
12    -O                                                                        (1 = 2.2%) {28.3%}
14    --O                                                                       (2 = 4.3%) {30.4%}
17    --O                                                                       (2 = 4.3%) {34.8%}
20    -------O                                                                  (7 = 15.2%) {39.1%}
24    ----O                                                                     (4 = 8.7%) {54.3%}
29    ... 
57    ---O                                                                      (3 = 6.5%) {63.0%}
68    -O                                                                        (1 = 2.2%) {69.6%}
81    ... 
190   -O                                                                        (1 = 2.2%) {71.7%}
226   ----O                                                                     (4 = 8.7%) {73.9%}
268   ... 
633   -O                                                                        (1 = 2.2%) {82.6%}
752   -O                                                                        (1 = 2.2%) {84.8%}
894   O                                                                         (0 = 0.0%) {87.0%}
1062  -O                                                                        (1 = 2.2%) {87.0%}
1262  O                                                                         (0 = 0.0%) {89.1%}
1500  -O                                                                        (1 = 2.2%) {89.1%}
1782  O                                                                         (0 = 0.0%) {91.3%}
2117  --O                                                                       (2 = 4.3%) {91.3%}
2516  O                                                                         (0 = 0.0%) {95.7%}
2990  --O                                                                       (2 = 4.3%) {95.7%}
3553  ... 

Histogram: Net.HttpJob.TotalTimeSuccess.Priority3 recorded 1 samples, mean = 142.0 (flags = 0x1)
0    ... 
135  -O                                                                        (1 = 100.0%) {0.0%}
160  ... 

Histogram: Net.HttpJob.TotalTimeSuccess.Priority4 recorded 7 samples, mean = 90.7 (flags = 0x1)
0    ... 
4    -O                                                                        (1 = 14.3%) {0.0%}
5    ... 
48   -O                                                                        (1 = 14.3%) {14.3%}
57   -O                                                                        (1 = 14.3%) {28.6%}
68   O                                                                         (0 = 0.0%) {42.9%}
81   --O                                                                       (2 = 28.6%) {42.9%}
96   -O                                                                        (1 = 14.3%) {71.4%}
114  ... 
226  -O                                                                        (1 = 14.3%) {85.7%}
268  ... 

Histogram: Net.HttpJob.TotalTimeSuccess.Priority5 recorded 16 samples, mean = 39.5 (flags = 0x1)
0    ... 
3    -O                                                                        (1 = 6.2%) {0.0%}
4    ---O                                                                      (3 = 18.8%) {6.2%}
5    -O                                                                        (1 = 6.2%) {25.0%}
6    ... 
8    -O                                                                        (1 = 6.2%) {31.2%}
10   ------O                                                                   (6 = 37.5%) {37.5%}
12   ... 
24   -O                                                                        (1 = 6.2%) {75.0%}
29   ... 
96   --O                                                                       (2 = 12.5%) {81.2%}
114  ... 
268  -O                                                                        (1 = 6.2%) {93.8%}
318  ... 

Histogram: Net.HttpRequestSSLUpgradeDecision recorded 2 samples, mean = 5.0 (flags = 0x1)
0  ... 
5  --O                                                                       (2 = 100.0%) {0.0%}
6  O                                                                         (0 = 0.0%) {100.0%}

Histogram: Net.HttpRequestStsState recorded 2 samples, mean = 2.0 (flags = 0x1)
0  ... 
2  --O                                                                       (2 = 100.0%) {0.0%}
3  ... 

Histogram: Net.HttpResponseCode recorded 107 samples, mean = 207.8 (flags = 0x1)
0    ... 
200  ------------------------------------------------------------------------O (97 = 90.7%) {0.0%}
201  ... 
204  -O                                                                        (2 = 1.9%) {90.7%}
205  ... 
302  ----O                                                                     (5 = 4.7%) {92.5%}
303  O                                                                         (0 = 0.0%) {97.2%}
304  -O                                                                        (2 = 1.9%) {97.2%}
305  ... 
308  -O                                                                        (1 = 0.9%) {99.1%}
309  ... 

Histogram: Net.HttpTimeToFirstByte recorded 82 samples, mean = 250.4 (flags = 0x1)
0     ---------------------O                                                    (21 = 25.6%)
10    --------------O                                                           (14 = 17.1%) {25.6%}
12    -----O                                                                    (5 = 6.1%) {42.7%}
15    -O                                                                        (1 = 1.2%) {48.8%}
18    --O                                                                       (2 = 2.4%) {50.0%}
22    O                                                                         (0 = 0.0%) {52.4%}
27    --O                                                                       (2 = 2.4%) {52.4%}
33    -O                                                                        (1 = 1.2%) {54.9%}
41    -O                                                                        (1 = 1.2%) {56.1%}
50    ----O                                                                     (4 = 4.9%) {57.3%}
61    -----O                                                                    (5 = 6.1%) {62.2%}
75    -O                                                                        (1 = 1.2%) {68.3%}
92    ---O                                                                      (3 = 3.7%) {69.5%}
113   --O                                                                       (2 = 2.4%) {73.2%}
139   -O                                                                        (1 = 1.2%) {75.6%}
171   -O                                                                        (1 = 1.2%) {76.8%}
210   ------O                                                                   (6 = 7.3%) {78.0%}
258   --O                                                                       (2 = 2.4%) {85.4%}
317   O                                                                         (0 = 0.0%) {87.8%}
389   -O                                                                        (1 = 1.2%) {87.8%}
477   O                                                                         (0 = 0.0%) {89.0%}
585   -O                                                                        (1 = 1.2%) {89.0%}
718   -O                                                                        (1 = 1.2%) {90.2%}
881   --O                                                                       (2 = 2.4%) {91.5%}
1081  O                                                                         (0 = 0.0%) {93.9%}
1326  -O                                                                        (1 = 1.2%) {93.9%}
1627  O                                                                         (0 = 0.0%) {95.1%}
1996  --O                                                                       (2 = 2.4%) {95.1%}
2449  O                                                                         (0 = 0.0%) {97.6%}
3005  --O                                                                       (2 = 2.4%) {97.6%}
3687  ... 

Histogram: Net.HttpTimeToFirstByte.TLS13.Google recorded 2 samples, mean = 594.0 (flags = 0x1)
0    ... 
356  -O                                                                        (1 = 50.0%) {0.0%}
452  ... 
729  -O                                                                        (1 = 50.0%) {50.0%}
926  ... 

Histogram: Net.NetworkChangeNotifier.NewConnectionCost recorded 2 samples, mean = 1.0 (flags = 0x1)
0  O                                                                         (0 = 0.0%)
1  --O                                                                       (2 = 100.0%) {0.0%}
2  ... 

Histogram: Net.NumQuicSessionsAtShutdown recorded 3 samples, mean = 0.0 (flags = 0x1)
0  ---O                                                                      (3 = 100.0%)
1  ... 

Histogram: Net.OnTransferSizeUpdated.Experimental.OverridenBy recorded 44 samples, mean = 13.0 (flags = 0x1)
0   O                                                                         (0 = 0.0%)
1   ----------------O                                                         (16 = 36.4%) {0.0%}
2   ... 
11  ------------O                                                             (12 = 27.3%) {36.4%}
12  -O                                                                        (1 = 2.3%) {63.6%}
13  ... 
26  ---O                                                                      (3 = 6.8%) {65.9%}
27  O                                                                         (0 = 0.0%) {72.7%}
28  ------------O                                                             (12 = 27.3%) {72.7%}
29  ... 

Histogram: Net.QuicActiveSessionCount.CertVerifierChanged recorded 6 samples, mean = 0.0 (flags = 0x1)
0  ------O                                                                   (6 = 100.0%)
1  ... 

Histogram: Net.QuicConnection.WritePacketStatus recorded 24 samples, mean = 0.0 (flags = 0x1)
0  ------------------------O                                                 (24 = 100.0%)
1  ... 

Histogram: Net.QuicCryptoClientConfig.PopulatedFromCanonicalConfig recorded 4 samples, mean = 0.0 (flags = 0x1)
0  ----O                                                                     (4 = 100.0%)
1  ... 

Histogram: Net.QuicHandshakeNotConfirmedNumPacketsReceived recorded 5 samples, mean = 0.0 (flags = 0x1)
0  -----O                                                                    (5 = 100.0%)
1  ... 

Histogram: Net.QuicHandshakeState recorded 8 samples, mean = 1.5 (flags = 0x1)
0  ----O                                                                     (4 = 50.0%)
1  ... 
3  ----O                                                                     (4 = 50.0%) {50.0%}
4  O                                                                         (0 = 0.0%) {100.0%}

Histogram: Net.QuicSession.AbortedPendingStreamRequests recorded 4 samples, mean = 0.0 (flags = 0x1)
0  ----O                                                                     (4 = 100.0%)
1  ... 

Histogram: Net.QuicSession.AsyncRead recorded 4 samples, mean = 1.0 (flags = 0x1)
0  O                                                                         (0 = 0.0%)
1  ----O                                                                     (4 = 100.0%) {0.0%}
2  O                                                                         (0 = 0.0%) {100.0%}

Histogram: Net.QuicSession.BlockedFrames.Received recorded 4 samples, mean = 0.0 (flags = 0x1)
0  ----O                                                                     (4 = 100.0%)
1  ... 

Histogram: Net.QuicSession.BlockedFrames.Sent recorded 4 samples, mean = 0.0 (flags = 0x1)
0  ----O                                                                     (4 = 100.0%)
1  ... 

Histogram: Net.QuicSession.CloseAllSessionsError recorded 3 samples (flags = 0x1)
3  ---O                                                                      (3 = 100.0%)

Histogram: Net.QuicSession.ClosedDuringInitializeSession recorded 4 samples, mean = 0.0 (flags = 0x1)
0  ----O                                                                     (4 = 100.0%)
1  ... 

Histogram: Net.QuicSession.ConnectAfterBroken recorded 1 samples, mean = 0.0 (flags = 0x1)
0  -O                                                                        (1 = 100.0%)
1  ... 

Histogram: Net.QuicSession.ConnectionClose.HandshakeFailureBlackHole.QuicError recorded 4 samples (flags = 0x1)
25  ----O                                                                     (4 = 100.0%)

Histogram: Net.QuicSession.ConnectionClose.HandshakeNotConfirmed.Reason recorded 4 samples, mean = 1.0 (flags = 0x1)
0  O                                                                         (0 = 0.0%)
1  ----O                                                                     (4 = 100.0%) {0.0%}
2  ... 

Histogram: Net.QuicSession.ConnectionClose.NumOpenStreams.HandshakeTimedOut recorded 4 samples, mean = 0.0 (flags = 0x1)
0  ----O                                                                     (4 = 100.0%)
1  ... 

Histogram: Net.QuicSession.ConnectionClose.NumOpenStreams.TimedOut recorded 4 samples, mean = 0.0 (flags = 0x1)
0  ----O                                                                     (4 = 100.0%)
1  ... 

Histogram: Net.QuicSession.ConnectionClose.NumTotalStreams.HandshakeTimedOut recorded 4 samples, mean = 0.0 (flags = 0x1)
0  ----O                                                                     (4 = 100.0%)
1  ... 

Histogram: Net.QuicSession.ConnectionCloseErrorCodeClient recorded 4 samples (flags = 0x1)
25  ----O                                                                     (4 = 100.0%)

Histogram: Net.QuicSession.ConnectionCloseErrorCodeClient.HandshakeNotConfirmed recorded 4 samples (flags = 0x1)
25  ----O                                                                     (4 = 100.0%)

Histogram: Net.QuicSession.ConnectionCloseErrorCodeClientGoogle recorded 2 samples (flags = 0x1)
25  --O                                                                       (2 = 100.0%)

Histogram: Net.QuicSession.ConnectionCloseErrorCodeClientGoogle.HandshakeNotConfirmed recorded 2 samples (flags = 0x1)
25  --O                                                                       (2 = 100.0%)

Histogram: Net.QuicSession.CryptoRetransmitCount.HandshakeNotConfirmed recorded 4 samples, mean = 3.0 (flags = 0x1)
0  ... 
3  ----O                                                                     (4 = 100.0%) {0.0%}
4  ... 

Histogram: Net.QuicSession.DuplicatePacketsReceived recorded 4 samples, mean = 0.0 (flags = 0x1)
0  ----O                                                                     (4 = 100.0%)
1  ... 

Histogram: Net.QuicSession.EcnMarksObserved recorded 4 samples, mean = 0.0 (flags = 0x1)
0  ----O                                                                     (4 = 100.0%)
1  ... 

Histogram: Net.QuicSession.FinchConfigIsValid recorded 3 samples, mean = 1.0 (flags = 0x1)
0  O                                                                         (0 = 0.0%)
1  ---O                                                                      (3 = 100.0%) {0.0%}
2  O                                                                         (0 = 0.0%) {100.0%}

Histogram: Net.QuicSession.FindMatchingIpSessionResult recorded 4 samples, mean = 2.0 (flags = 0x1)
0  ... 
2  ----O                                                                     (4 = 100.0%) {0.0%}
3  O                                                                         (0 = 0.0%) {100.0%}

Histogram: Net.QuicSession.FindMatchingIpSessionResultGoogle recorded 2 samples, mean = 2.0 (flags = 0x1)
0  ... 
2  --O                                                                       (2 = 100.0%) {0.0%}
3  O                                                                         (0 = 0.0%) {100.0%}

Histogram: Net.QuicSession.IncorrectConnectionIDsReceived recorded 4 samples, mean = 0.0 (flags = 0x1)
0  ----O                                                                     (4 = 100.0%)
1  ... 

Histogram: Net.QuicSession.InitialRttEsitmateSource recorded 4 samples, mean = 0.0 (flags = 0x1)
0  ----O                                                                     (4 = 100.0%)
1  ... 

Histogram: Net.QuicSession.MinRTT recorded 4 samples, mean = 100.0 (flags = 0x1)
0   ... 
96  ----O                                                                     (4 = 100.0%) {0.0%}
114 ... 

Histogram: Net.QuicSession.NumDefaultPathDegrading recorded 4 samples, mean = 0.0 (flags = 0x1)
0  ----O                                                                     (4 = 100.0%)
1  ... 

Histogram: Net.QuicSession.NumQueuedPacketsBeforeWrite recorded 12 samples, mean = 0.0 (flags = 0x1)
0  ------------O                                                             (12 = 100.0%)
1  ... 

Histogram: Net.QuicSession.NumTotalStreams recorded 4 samples, mean = 0.0 (flags = 0x1)
0  ----O                                                                     (4 = 100.0%)
1  ... 

Histogram: Net.QuicSession.OutOfOrderLargePacketsReceived recorded 4 samples, mean = 0.0 (flags = 0x1)
0  ----O                                                                     (4 = 100.0%)
1  ... 

Histogram: Net.QuicSession.OutOfOrderPacketsReceived recorded 4 samples, mean = 0.0 (flags = 0x1)
0  ----O                                                                     (4 = 100.0%)
1  ... 

Histogram: Net.QuicSession.PacketWriteTime.Synchronous recorded 24 samples, mean = 0.0 (flags = 0x1)
0  ------------------------O                                                 (24 = 100.0%)
1  ... 

Histogram: Net.QuicSession.PacketsBeforeEcnTransition recorded 4 samples, mean = 0.0 (flags = 0x1)
0  ----O                                                                     (4 = 100.0%)
1  ... 

Histogram: Net.QuicSession.PreferAesGcm recorded 3 samples, mean = 1.0 (flags = 0x1)
0  O                                                                         (0 = 0.0%)
1  ---O                                                                      (3 = 100.0%) {0.0%}
2  O                                                                         (0 = 0.0%) {100.0%}

Histogram: Net.QuicSession.QuicVersion recorded 4 samples (flags = 0x1)
80  ----O                                                                     (4 = 100.0%)

Histogram: Net.QuicSession.SendPacketSize.Initial recorded 24 samples, mean = 846.7 (flags = 0x1)
0     ... 
128   ----O                                                                     (4 = 16.7%) {0.0%}
145   ... 
524   --O                                                                       (2 = 8.3%) {16.7%}
595   ------O                                                                   (6 = 25.0%) {25.0%}
676   ... 
1126  ------------O                                                             (12 = 50.0%) {50.0%}
1279  ... 

Histogram: Net.QuicSession.SmoothedRTT recorded 4 samples, mean = 100.0 (flags = 0x1)
0   ... 
96  ----O                                                                     (4 = 100.0%) {0.0%}
114 ... 

Histogram: Net.QuicSession.TimeFromResolveHostToConfirmConnection recorded 4 samples, mean = 4021.2 (flags = 0x1)
0     ... 
3553  ----O                                                                     (4 = 100.0%) {0.0%}
4222  ... 

Histogram: Net.QuicSession.TooSmallInitialSentPacket recorded 12 samples, mean = 756.7 (flags = 0x1)
0     ... 
571   --------O                                                                 (8 = 66.7%) {0.0%}
646   ... 
1060  ----O                                                                     (4 = 33.3%) {66.7%}
1200  O                                                                         (0 = 0.0%) {100.0%}

Histogram: Net.QuicSession.UndecryptablePacketsReceived recorded 4 samples, mean = 0.0 (flags = 0x1)
0  ----O                                                                     (4 = 100.0%)
1  ... 

Histogram: Net.QuicSession.UndecryptablePacketsReceivedWithDecrypter recorded 4 samples, mean = 0.0 (flags = 0x1)
0  ----O                                                                     (4 = 100.0%)
1  ... 

Histogram: Net.QuicStreamFactory.DoConnectFailureLocation recorded 4 samples, mean = 5.0 (flags = 0x1)
0  ... 
5  ----O                                                                     (4 = 100.0%) {0.0%}
6  O                                                                         (0 = 0.0%) {100.0%}

Histogram: Net.RestrictedCookieManager.GetCookiesString.Count30Seconds recorded 8 samples, mean = 0.1 (flags = 0x1)
0  -------O                                                                  (7 = 87.5%)
1  -O                                                                        (1 = 12.5%) {87.5%}
2  ... 

Histogram: Net.RestrictedCookieManager.SiteForCookiesOK recorded 1 samples, mean = 1.0 (flags = 0x1)
0  O                                                                         (0 = 0.0%)
1  -O                                                                        (1 = 100.0%) {0.0%}
2  O                                                                         (0 = 0.0%) {100.0%}

Histogram: Net.RestrictedCookieManager.TopFrameOriginOK recorded 1 samples, mean = 1.0 (flags = 0x1)
0  O                                                                         (0 = 0.0%)
1  -O                                                                        (1 = 100.0%) {0.0%}
2  O                                                                         (0 = 0.0%) {100.0%}

Histogram: Net.SSLHandshakeDetails recorded 20 samples, mean = 6.2 (flags = 0x1)
0  ... 
6  -----------------O                                                        (17 = 85.0%) {0.0%}
7  ---O                                                                      (3 = 15.0%) {85.0%}
8  ... 

Histogram: Net.SSLNegotiatedAlpnProtocol recorded 20 samples, mean = 1.9 (flags = 0x1)
0  -O                                                                        (1 = 5.0%)
1  O                                                                         (0 = 0.0%) {5.0%}
2  -------------------O                                                      (19 = 95.0%) {5.0%}
3  ... 

Histogram: Net.SSLRenegotiationInfoSupported recorded 20 samples, mean = 1.0 (flags = 0x1)
0  O                                                                         (0 = 0.0%)
1  --------------------O                                                     (20 = 100.0%) {0.0%}
2  O                                                                         (0 = 0.0%) {100.0%}

Histogram: Net.SSLSignatureAlgorithm recorded 20 samples (flags = 0x1)
1027  ---------------O                                                          (15 = 75.0%)
2052  -----O                                                                    (5 = 25.0%)

Histogram: Net.SSLVersion recorded 19 samples, mean = 6.0 (flags = 0x1)
0  ... 
6  -------------------O                                                      (19 = 100.0%) {0.0%}
7  ... 

Histogram: Net.SSL_CipherSuite recorded 19 samples (flags = 0x1)
4865  ------------------O                                                       (18 = 94.7%)
4866  -O                                                                        (1 = 5.3%)

Histogram: Net.SSL_Connection_Error recorded 19 samples (flags = 0x1)
0  -------------------O                                                      (19 = 100.0%)

Histogram: Net.SSL_Connection_Latency_2 recorded 19 samples, mean = 1076.7 (flags = 0x1)
0     ... 
34    -O                                                                        (1 = 5.3%) {0.0%}
38    -O                                                                        (1 = 5.3%) {5.3%}
42    O                                                                         (0 = 0.0%) {10.5%}
46    -O                                                                        (1 = 5.3%) {10.5%}
51    O                                                                         (0 = 0.0%) {15.8%}
56    --O                                                                       (2 = 10.5%) {15.8%}
62    -O                                                                        (1 = 5.3%) {26.3%}
68    -O                                                                        (1 = 5.3%) {31.6%}
75    ... 
111   -O                                                                        (1 = 5.3%) {36.8%}
122   O                                                                         (0 = 0.0%) {42.1%}
135   -O                                                                        (1 = 5.3%) {42.1%}
149   ... 
535   --O                                                                       (2 = 10.5%) {47.4%}
590   ... 
792   -O                                                                        (1 = 5.3%) {57.9%}
874   O                                                                         (0 = 0.0%) {63.2%}
964   -O                                                                        (1 = 5.3%) {63.2%}
1064  ... 
1429  -O                                                                        (1 = 5.3%) {68.4%}
1577  ... 
2118  --O                                                                       (2 = 10.5%) {73.7%}
2337  ... 
3140  --O                                                                       (2 = 10.5%) {84.2%}
3464  ... 
4217  -O                                                                        (1 = 5.3%) {94.7%}
4653  ... 

Histogram: Net.SSL_KeyExchange.ECDHE recorded 19 samples (flags = 0x1)
29     ----------------O                                                         (16 = 84.2%)
25497  ---O                                                                      (3 = 15.8%)

Histogram: Net.SharedDictionaryStorageOnDisk.IsMetadataReadyOnFirstUse recorded 1 samples, mean = 1.0 (flags = 0x1)
0  O                                                                         (0 = 0.0%)
1  -O                                                                        (1 = 100.0%) {0.0%}
2  O                                                                         (0 = 0.0%) {100.0%}

Histogram: Net.SharedDictionaryStorageOnDisk.MetadataReadTime.Empty recorded 1 samples, mean = 2.0 (flags = 0x1)
0  ... 
2  -O                                                                        (1 = 100.0%) {0.0%}
3  ... 

Histogram: Net.SharedDictionaryStore.DeleteExpiredDictionaries.Error recorded 2 samples, mean = 0.0 (flags = 0x1)
0  --O                                                                       (2 = 100.0%)
1  ... 

Histogram: Net.SharedDictionaryStore.GetDictionaries.Error recorded 1 samples, mean = 0.0 (flags = 0x1)
0  -O                                                                        (1 = 100.0%)
1  ... 

Histogram: Net.SharedDictionaryStore.ProcessEviction.Error recorded 1 samples, mean = 0.0 (flags = 0x1)
0  -O                                                                        (1 = 100.0%)
1  ... 

Histogram: Net.SpdyFrameStreamAndSessionFlowControlState recorded 6 samples, mean = 0.0 (flags = 0x1)
0  ------O                                                                   (6 = 100.0%)
1  ... 

Histogram: Net.SpdyHeadersCompressionPercentage recorded 38 samples, mean = 63.7 (flags = 0x1)
0   ... 
33  --O                                                                       (2 = 5.3%) {0.0%}
34  O                                                                         (0 = 0.0%) {5.3%}
35  --O                                                                       (2 = 5.3%) {5.3%}
36  ... 
40  --O                                                                       (2 = 5.3%) {10.5%}
41  O                                                                         (0 = 0.0%) {15.8%}
42  -O                                                                        (1 = 2.6%) {15.8%}
43  O                                                                         (0 = 0.0%) {18.4%}
44  -O                                                                        (1 = 2.6%) {18.4%}
45  ... 
48  --O                                                                       (2 = 5.3%) {21.1%}
49  ---O                                                                      (3 = 7.9%) {26.3%}
50  ... 
60  --O                                                                       (2 = 5.3%) {34.2%}
61  -----------O                                                              (11 = 28.9%) {39.5%}
62  ... 
75  -O                                                                        (1 = 2.6%) {68.4%}
76  ... 
79  -O                                                                        (1 = 2.6%) {71.1%}
80  O                                                                         (0 = 0.0%) {73.7%}
81  -O                                                                        (1 = 2.6%) {73.7%}
82  ... 
87  -O                                                                        (1 = 2.6%) {76.3%}
88  ... 
94  -----O                                                                    (5 = 13.2%) {78.9%}
95  ... 
97  --O                                                                       (2 = 5.3%) {92.1%}
98  -O                                                                        (1 = 2.6%) {97.4%}
99  ... 

Histogram: Net.SpdyResponseCode recorded 38 samples (flags = 0x1)
200  ---------------------------------O                                        (33 = 86.8%)
204  -O                                                                        (1 = 2.6%)
302  --O                                                                       (2 = 5.3%)
304  --O                                                                       (2 = 5.3%)

Histogram: Net.SpdySession.AcceptChForOrigin recorded 38 samples, mean = 0.5 (flags = 0x1)
0  ------------------O                                                       (18 = 47.4%)
1  --------------------O                                                     (20 = 52.6%) {47.4%}
2  O                                                                         (0 = 0.0%) {100.0%}

Histogram: Net.SpdySession.AlpsAcceptChEntries recorded 7 samples, mean = 1.0 (flags = 0x1)
0  O                                                                         (0 = 0.0%)
1  -------O                                                                  (7 = 100.0%) {0.0%}
2  ... 

Histogram: Net.SpdySession.AlpsDecoderStatus recorded 7 samples, mean = 0.0 (flags = 0x1)
0  -------O                                                                  (7 = 100.0%)
1  ... 

Histogram: Net.SpdySession.AlpsDecoderStatus.Bypassed recorded 7 samples, mean = 0.0 (flags = 0x1)
0  -------O                                                                  (7 = 100.0%)
1  ... 

Histogram: Net.SpdySession.AlpsSettingParameterCount recorded 7 samples, mean = 0.0 (flags = 0x1)
0  -------O                                                                  (7 = 100.0%)
1  ... 

Histogram: Net.SpdySession.ClosedOnError recorded 13 samples (flags = 0x1)
0  ------O                                                                   (6 = 46.2%)
3  -------O                                                                  (7 = 53.8%)

Histogram: Net.SpdySession.CreateStreamWithSocketConnected recorded 38 samples, mean = 1.0 (flags = 0x1)
0  O                                                                         (0 = 0.0%)
1  --------------------------------------O                                   (38 = 100.0%) {0.0%}
2  O                                                                         (0 = 0.0%) {100.0%}

Histogram: Net.SpdySession.GoAwayReceived recorded 2 samples (flags = 0x1)
0  --O                                                                       (2 = 100.0%)

Histogram: Net.SpdySession.OnSettings.ActiveStreamCount2 recorded 13 samples, mean = 1.8 (flags = 0x1)
0  O                                                                         (0 = 0.0%)
1  -------O                                                                  (7 = 53.8%) {0.0%}
2  ---O                                                                      (3 = 23.1%) {53.8%}
3  --O                                                                       (2 = 15.4%) {76.9%}
4  O                                                                         (0 = 0.0%) {92.3%}
5  -O                                                                        (1 = 7.7%) {92.3%}
6  ... 

Histogram: Net.SpdySession.OnSettings.CreatedAndActiveStreamCount2 recorded 13 samples, mean = 1.8 (flags = 0x1)
0  O                                                                         (0 = 0.0%)
1  -------O                                                                  (7 = 53.8%) {0.0%}
2  ---O                                                                      (3 = 23.1%) {53.8%}
3  --O                                                                       (2 = 15.4%) {76.9%}
4  O                                                                         (0 = 0.0%) {92.3%}
5  -O                                                                        (1 = 7.7%) {92.3%}
6  ... 

Histogram: Net.SpdySession.OnSettings.CreatedStreamCount2 recorded 13 samples, mean = 0.0 (flags = 0x1)
0  -------------O                                                            (13 = 100.0%)
1  ... 

Histogram: Net.SpdySession.OnSettings.PendingStreamCount2 recorded 13 samples, mean = 0.0 (flags = 0x1)
0  -------------O                                                            (13 = 100.0%)
1  ... 

Histogram: Net.SpdySession.ServerSupportsWebSocket recorded 13 samples, mean = 0.0 (flags = 0x1)
0  -------------O                                                            (13 = 100.0%)
1  ... 

Histogram: Net.SpdySessionGet recorded 33 samples, mean = 1.8 (flags = 0x1)
0  O                                                                         (0 = 0.0%)
1  --------------------O                                                     (20 = 60.6%) {0.0%}
2  O                                                                         (0 = 0.0%) {60.6%}
3  -------------O                                                            (13 = 39.4%) {60.6%}
4  O                                                                         (0 = 0.0%) {100.0%}

Histogram: Net.SpdyStreamsAbandonedPerSession recorded 13 samples, mean = 0.0 (flags = 0x1)
0  -------------O                                                            (13 = 100.0%)
1  ... 

Histogram: Net.SpdyStreamsPerSession recorded 13 samples, mean = 2.9 (flags = 0x1)
0  O                                                                         (0 = 0.0%)
1  -----O                                                                    (5 = 38.5%) {0.0%}
2  ---O                                                                      (3 = 23.1%) {38.5%}
3  --O                                                                       (2 = 15.4%) {61.5%}
4  O                                                                         (0 = 0.0%) {76.9%}
5  -O                                                                        (1 = 7.7%) {76.9%}
6  ... 
8  --O                                                                       (2 = 15.4%) {84.6%}
9  ... 

Histogram: Net.TCP_Connection_Latency recorded 20 samples, mean = 27.0 (flags = 0x1)
0   ... 
18  ----O                                                                     (4 = 20.0%) {0.0%}
20  ----O                                                                     (4 = 20.0%) {20.0%}
23  --O                                                                       (2 = 10.0%) {40.0%}
26  ------O                                                                   (6 = 30.0%) {50.0%}
29  O                                                                         (0 = 0.0%) {80.0%}
33  -O                                                                        (1 = 5.0%) {80.0%}
37  O                                                                         (0 = 0.0%) {85.0%}
42  --O                                                                       (2 = 10.0%) {85.0%}
48  -O                                                                        (1 = 5.0%) {95.0%}
54  ... 

Histogram: Net.TcpConnectAttempt.Latency.Error recorded 28 samples, mean = 8086.5 (flags = 0x1)
0     ... 
1996  ---O                                                                      (3 = 10.7%) {0.0%}
2449  --O                                                                       (2 = 7.1%) {10.7%}
3005  -O                                                                        (1 = 3.6%) {17.9%}
3687  O                                                                         (0 = 0.0%) {21.4%}
4524  -O                                                                        (1 = 3.6%) {21.4%}
5551  -O                                                                        (1 = 3.6%) {25.0%}
6812  O                                                                         (0 = 0.0%) {28.6%}
8359  --------------------O                                                     (20 = 71.4%) {28.6%}
10257 ... 

Histogram: Net.TcpConnectAttempt.Latency.Success recorded 21 samples, mean = 26.7 (flags = 0x1)
0   ... 
18  --------O                                                                 (8 = 38.1%) {0.0%}
22  ------O                                                                   (6 = 28.6%) {38.1%}
27  ----O                                                                     (4 = 19.0%) {66.7%}
33  O                                                                         (0 = 0.0%) {85.7%}
41  ---O                                                                      (3 = 14.3%) {85.7%}
50  ... 

Histogram: Net.UDPSocketWinClose recorded 28 samples, mean = 0.0 (flags = 0x1)
0  ----------------------------O                                             (28 = 100.0%)
1  ... 

Histogram: Net.URLLoaderThrottle.OnReceiveResponseTime recorded 57 samples, mean = 0.4 (flags = 0x1)
0   -----------------------------------------------------O                    (53 = 93.0%)
1   -O                                                                        (1 = 1.8%) {93.0%}
2   -O                                                                        (1 = 1.8%) {94.7%}
3   ... 
10  --O                                                                       (2 = 3.5%) {96.5%}
12  ... 

Histogram: Net.URLLoaderThrottleExecutionTime.BeforeWillProcessResponse recorded 287 samples, mean = 0.0 (flags = 0x1)
0  ------------------------------------------------------------------------O (287 = 100.0%)
1  ... 

Histogram: Net.URLLoaderThrottleExecutionTime.WillProcessResponse recorded 287 samples, mean = 0.0 (flags = 0x1)
0  ------------------------------------------------------------------------O (287 = 100.0%)
1  ... 

Histogram: Net.URLLoaderThrottleExecutionTime.WillRedirectRequest recorded 26 samples, mean = 0.0 (flags = 0x1)
0  --------------------------O                                               (26 = 100.0%)
1  ... 

Histogram: Net.URLLoaderThrottleExecutionTime.WillStartRequest recorded 287 samples, mean = 0.0 (flags = 0x1)
0  ------------------------------------------------------------------------O (287 = 100.0%)
1  ... 

Histogram: Net.URLRequest.ReferrerHasInformativePath.CrossOrigin recorded 72 samples, mean = 0.0 (flags = 0x1)
0  ------------------------------------------------------------------------O (72 = 100.0%)
1  ... 

Histogram: Net.URLRequest.ReferrerHasInformativePath.SameOrigin recorded 10 samples, mean = 1.0 (flags = 0x1)
0  O                                                                         (0 = 0.0%)
1  ----------O                                                               (10 = 100.0%) {0.0%}
2  O                                                                         (0 = 0.0%) {100.0%}

Histogram: Net.URLRequest.ReferrerPolicyForRequest.CrossOrigin recorded 72 samples, mean = 1.0 (flags = 0x1)
0  ----------------O                                                         (16 = 22.2%)
1  ---------------------------------------------------O                      (51 = 70.8%) {22.2%}
2  O                                                                         (0 = 0.0%) {93.1%}
3  ---O                                                                      (3 = 4.2%) {93.1%}
4  ... 
7  --O                                                                       (2 = 2.8%) {97.2%}
8  O                                                                         (0 = 0.0%) {100.0%}

Histogram: Net.URLRequest.ReferrerPolicyForRequest.SameOrigin recorded 10 samples, mean = 1.0 (flags = 0x1)
0  O                                                                         (0 = 0.0%)
1  ----------O                                                               (10 = 100.0%) {0.0%}
2  ... 

Histogram: Network.Mdns.Googlecast recorded 3 samples, mean = 0.0 (flags = 0x1)
0  ---O                                                                      (3 = 100.0%)
1  ... 

Histogram: NetworkService.DeletedOldCacheData recorded 1 samples, mean = 0.0 (flags = 0x1)
0  -O                                                                        (1 = 100.0%)
1  ... 

Histogram: NetworkService.GrantSandboxResult recorded 3 samples, mean = 9.0 (flags = 0x1)
0   ... 
7   -O                                                                        (1 = 33.3%) {0.0%}
8   ... 
10  --O                                                                       (2 = 66.7%) {33.3%}
11  ... 

Histogram: NetworkService.NetworkLoaderCompletionTime2.DiskCache recorded 43 samples, mean = 23.2 (flags = 0x1)
0    ... 
2    ---O                                                                      (3 = 7.0%) {0.0%}
3    --O                                                                       (2 = 4.7%) {7.0%}
4    O                                                                         (0 = 0.0%) {11.6%}
5    ---O                                                                      (3 = 7.0%) {11.6%}
6    --O                                                                       (2 = 4.7%) {18.6%}
7    O                                                                         (0 = 0.0%) {23.3%}
8    -O                                                                        (1 = 2.3%) {23.3%}
10   -O                                                                        (1 = 2.3%) {25.6%}
12   -O                                                                        (1 = 2.3%) {27.9%}
14   O                                                                         (0 = 0.0%) {30.2%}
17   ------------O                                                             (12 = 27.9%) {30.2%}
20   ---O                                                                      (3 = 7.0%) {58.1%}
24   -------O                                                                  (7 = 16.3%) {65.1%}
29   ---O                                                                      (3 = 7.0%) {81.4%}
34   ---O                                                                      (3 = 7.0%) {88.4%}
40   ... 
114  -O                                                                        (1 = 2.3%) {95.3%}
135  -O                                                                        (1 = 2.3%) {97.7%}
160  ... 

Histogram: NetworkService.NetworkLoaderCompletionTime2.Network recorded 17 samples, mean = 199.5 (flags = 0x1)
0    ... 
29   -O                                                                        (1 = 5.9%) {0.0%}
34   ... 
57   --O                                                                       (2 = 11.8%) {5.9%}
68   --O                                                                       (2 = 11.8%) {17.6%}
81   --O                                                                       (2 = 11.8%) {29.4%}
96   --O                                                                       (2 = 11.8%) {41.2%}
114  ... 
190  -O                                                                        (1 = 5.9%) {52.9%}
226  ----O                                                                     (4 = 23.5%) {58.8%}
268  -O                                                                        (1 = 5.9%) {82.4%}
318  O                                                                         (0 = 0.0%) {88.2%}
378  -O                                                                        (1 = 5.9%) {88.2%}
449  ... 
752  -O                                                                        (1 = 5.9%) {94.1%}
894  ... 

Histogram: NetworkService.TimeToGrantCacheAccess recorded 1 samples, mean = 0.0 (flags = 0x1)
0  -O                                                                        (1 = 100.0%)
1  ... 

Histogram: NetworkService.TimeToGrantDataAccess recorded 2 samples, mean = 0.0 (flags = 0x1)
0  --O                                                                       (2 = 100.0%)
1  ... 

Histogram: NetworkService.TimeToGrantSharedDictionaryAccess recorded 1 samples, mean = 0.0 (flags = 0x1)
0  -O                                                                        (1 = 100.0%)
1  ... 

Histogram: NetworkedProfile.Check recorded 1 samples, mean = 4.0 (flags = 0x1)
0  ... 
4  -O                                                                        (1 = 100.0%) {0.0%}
5  ... 

Histogram: NewTabPage.MostVisited.DeciScore.0.Local recorded 1 samples, mean = 995.0 (flags = 0x1)
0    ... 
777  -O                                                                        (1 = 100.0%) {0.0%}
1023 ... 

Histogram: NewTabPage.MostVisited.DeciScore.1.Local recorded 1 samples, mean = 981.0 (flags = 0x1)
0    ... 
777  -O                                                                        (1 = 100.0%) {0.0%}
1023 ... 

Histogram: Notifications.UsingSystemNotificationCenter recorded 1 samples, mean = 0.0 (flags = 0x1)
0  -O                                                                        (1 = 100.0%)
1  ... 

Histogram: Notifications.Windows.GetDisplayedStatus recorded 1 samples, mean = 0.0 (flags = 0x1)
0  -O                                                                        (1 = 100.0%)
1  ... 

Histogram: Notifications.Windows.GetSettingStatusStartup recorded 1 samples, mean = 1.0 (flags = 0x1)
0  O                                                                         (0 = 0.0%)
1  -O                                                                        (1 = 100.0%) {0.0%}
2  O                                                                         (0 = 0.0%) {100.0%}

Histogram: Notifications.Windows.HistoryStatus recorded 1 samples, mean = 0.0 (flags = 0x1)
0  -O                                                                        (1 = 100.0%)
1  ... 

Histogram: Notifications.Windows.SetReadyCallbackStatus2 recorded 1 samples, mean = 3.0 (flags = 0x1)
0  ... 
3  -O                                                                        (1 = 100.0%) {0.0%}
4  ... 

Histogram: Notifications.Windows.StartMenuShortcutStatus recorded 1 samples, mean = 2.0 (flags = 0x1)
0  ... 
2  -O                                                                        (1 = 100.0%) {0.0%}
3  ... 

Histogram: OSCrypt.AppBoundEncryption.SupportLevel recorded 1 samples, mean = 4.0 (flags = 0x1)
0  ... 
4  -O                                                                        (1 = 100.0%) {0.0%}
5  ... 

Histogram: OSCrypt.AppBoundProvider.KeyRetrieval.Status recorded 1 samples, mean = 1.0 (flags = 0x1)
0  O                                                                         (0 = 0.0%)
1  -O                                                                        (1 = 100.0%) {0.0%}
2  ... 

Histogram: OSCrypt.AsyncInitialization.Result recorded 1 samples, mean = 1.0 (flags = 0x1)
0  O                                                                         (0 = 0.0%)
1  -O                                                                        (1 = 100.0%) {0.0%}
2  O                                                                         (0 = 0.0%) {100.0%}

Histogram: OSCrypt.AsyncInitialization.Time recorded 1 samples, mean = 0.0 (flags = 0x1)
0  -O                                                                        (1 = 100.0%)
1  ... 

Histogram: OSCrypt.DPAPIProvider.Status recorded 1 samples, mean = 0.0 (flags = 0x1)
0  -O                                                                        (1 = 100.0%)
1  ... 

Histogram: OSCrypt.Win.Decrypt.Result recorded 1 samples, mean = 1.0 (flags = 0x1)
0  O                                                                         (0 = 0.0%)
1  -O                                                                        (1 = 100.0%) {0.0%}
2  O                                                                         (0 = 0.0%) {100.0%}

Histogram: OSCrypt.Win.Decrypt.Time recorded 1 samples, mean = 1.0 (flags = 0x1)
0  O                                                                         (0 = 0.0%)
1  -O                                                                        (1 = 100.0%) {0.0%}
2  ... 

Histogram: Omnibox.SuggestionUsed.URL.NavigationToFirstContentfulPaint recorded 1 samples, mean = 11801.0 (flags = 0x1)
0      ... 
11747  -O                                                                        (1 = 100.0%) {0.0%}
13144  ... 

Histogram: Omnibox.SuggestionUsed.URL.NavigationToLargestContentfulPaint2.1 recorded 1 samples, mean = 11864.0 (flags = 0x1)
0      ... 
11747  -O                                                                        (1 = 100.0%) {0.0%}
13144  ... 

Histogram: Omnibox.TemplateUrl.RlzPresent recorded 16 samples, mean = 0.0 (flags = 0x1)
0  ----------------O                                                         (16 = 100.0%)
1  ... 

Histogram: Omnibox.TemplateUrl.SearchClientPresent recorded 16 samples, mean = 0.0 (flags = 0x1)
0  ----------------O                                                         (16 = 100.0%)
1  ... 

Histogram: OptimizationGuide.ApplyDecision.AboutThisSite recorded 1 samples, mean = 8.0 (flags = 0x1)
0  ... 
8  -O                                                                        (1 = 100.0%) {0.0%}
9  ... 

Histogram: OptimizationGuide.ApplyDecision.HistoryClusters recorded 4 samples, mean = 1.5 (flags = 0x1)
0  O                                                                         (0 = 0.0%)
1  ---O                                                                      (3 = 75.0%) {0.0%}
2  O                                                                         (0 = 0.0%) {75.0%}
3  -O                                                                        (1 = 25.0%) {75.0%}
4  ... 

Histogram: OptimizationGuide.ApplyDecision.PageEntities recorded 4 samples, mean = 8.0 (flags = 0x1)
0  ... 
8  ----O                                                                     (4 = 100.0%) {0.0%}
9  ... 

Histogram: OptimizationGuide.ApplyDecision.PriceInsights recorded 2 samples, mean = 10.0 (flags = 0x1)
0   ... 
8   -O                                                                        (1 = 50.0%) {0.0%}
9   ... 
12  -O                                                                        (1 = 50.0%) {50.0%}
13  O                                                                         (0 = 0.0%) {100.0%}

Histogram: OptimizationGuide.ApplyDecision.PriceTracking recorded 2 samples, mean = 10.0 (flags = 0x1)
0   ... 
8   -O                                                                        (1 = 50.0%) {0.0%}
9   ... 
12  -O                                                                        (1 = 50.0%) {50.0%}
13  O                                                                         (0 = 0.0%) {100.0%}

Histogram: OptimizationGuide.ApplyDecision.SalientImage recorded 4 samples, mean = 8.0 (flags = 0x1)
0  ... 
8  ----O                                                                     (4 = 100.0%) {0.0%}
9  ... 

Histogram: OptimizationGuide.ApplyDecision.V8CompileHints recorded 1 samples, mean = 8.0 (flags = 0x1)
0  ... 
8  -O                                                                        (1 = 100.0%) {0.0%}
9  ... 

Histogram: OptimizationGuide.HintCacheLevelDBStore.Status recorded 3 samples, mean = 1.3 (flags = 0x1)
0  -O                                                                        (1 = 33.3%)
1  -O                                                                        (1 = 33.3%) {33.3%}
2  O                                                                         (0 = 0.0%) {66.7%}
3  -O                                                                        (1 = 33.3%) {66.7%}
4  O                                                                         (0 = 0.0%) {100.0%}

Histogram: OptimizationGuide.HintsManager.HintCacheInitialized recorded 1 samples, mean = 1.0
0  O                                                                         (0 = 0.0%)
1  -O                                                                        (1 = 100.0%) {0.0%}
2  O                                                                         (0 = 0.0%) {100.0%}

Histogram: OptimizationGuide.LoadedHint.Result recorded 4 samples, mean = 0.0
0  ----O                                                                     (4 = 100.0%)
1  ... 

Histogram: OptimizationGuide.ModelExecution.FeatureCurrentlyEnabledResult.Compose recorded 1 samples, mean = 1.0 (flags = 0x1)
0  O                                                                         (0 = 0.0%)
1  -O                                                                        (1 = 100.0%) {0.0%}
2  ... 

Histogram: OptimizationGuide.ModelExecution.FeatureCurrentlyEnabledResult.HistorySearch recorded 2 samples, mean = 3.0 (flags = 0x1)
0  ... 
3  --O                                                                       (2 = 100.0%) {0.0%}
4  ... 

Histogram: OptimizationGuide.ModelExecution.FeatureCurrentlyEnabledResult.TabOrganization recorded 1 samples, mean = 3.0 (flags = 0x1)
0  ... 
3  -O                                                                        (1 = 100.0%) {0.0%}
4  ... 

Histogram: OptimizationGuide.ModelExecution.FeatureCurrentlyEnabledResult.WallpaperSearch recorded 1 samples, mean = 1.0 (flags = 0x1)
0  O                                                                         (0 = 0.0%)
1  -O                                                                        (1 = 100.0%) {0.0%}
2  ... 

Histogram: OptimizationGuide.ModelExecution.FeatureEnabledAtStartup.Compose recorded 1 samples, mean = 0.0 (flags = 0x1)
0  -O                                                                        (1 = 100.0%)
1  ... 

Histogram: OptimizationGuide.ModelExecution.FeatureEnabledAtStartup.HistorySearch recorded 1 samples, mean = 0.0 (flags = 0x1)
0  -O                                                                        (1 = 100.0%)
1  ... 

Histogram: OptimizationGuide.ModelExecution.FeatureEnabledAtStartup.TabOrganization recorded 1 samples, mean = 0.0 (flags = 0x1)
0  -O                                                                        (1 = 100.0%)
1  ... 

Histogram: OptimizationGuide.ModelExecution.FeatureEnabledAtStartup.WallpaperSearch recorded 1 samples, mean = 0.0 (flags = 0x1)
0  -O                                                                        (1 = 100.0%)
1  ... 

Histogram: OptimizationGuide.ModelExecution.OnDeviceModelInstallCriteria.AtRegistration.All recorded 1 samples, mean = 0.0 (flags = 0x1)
0  -O                                                                        (1 = 100.0%)
1  ... 

Histogram: OptimizationGuide.ModelExecution.OnDeviceModelInstallCriteria.AtRegistration.DeviceCapability recorded 1 samples, mean = 0.0 (flags = 0x1)
0  -O                                                                        (1 = 100.0%)
1  ... 

Histogram: OptimizationGuide.ModelExecution.OnDeviceModelInstallCriteria.AtRegistration.DiskSpace recorded 1 samples, mean = 1.0 (flags = 0x1)
0  O                                                                         (0 = 0.0%)
1  -O                                                                        (1 = 100.0%) {0.0%}
2  O                                                                         (0 = 0.0%) {100.0%}

Histogram: OptimizationGuide.ModelExecution.OnDeviceModelInstallCriteria.AtRegistration.EnabledByEnterprisePolicy recorded 1 samples, mean = 1.0 (flags = 0x1)
0  O                                                                         (0 = 0.0%)
1  -O                                                                        (1 = 100.0%) {0.0%}
2  O                                                                         (0 = 0.0%) {100.0%}

Histogram: OptimizationGuide.ModelExecution.OnDeviceModelInstallCriteria.AtRegistration.EnabledByFeature recorded 1 samples, mean = 0.0 (flags = 0x1)
0  -O                                                                        (1 = 100.0%)
1  ... 

Histogram: OptimizationGuide.ModelExecution.OnDeviceModelInstallCriteria.AtRegistration.FeatureUse recorded 1 samples, mean = 0.0 (flags = 0x1)
0  -O                                                                        (1 = 100.0%)
1  ... 

Histogram: OptimizationGuide.ModelExecutor.ExecutionStatus.PageVisibility recorded 4 samples, mean = 3.0 (flags = 0x1)
0  ... 
3  ----O                                                                     (4 = 100.0%) {0.0%}
4  ... 

Histogram: OptimizationGuide.ModelExecutor.ModelAvailableToLoad.PageVisibility recorded 4 samples, mean = 0.0 (flags = 0x1)
0  ----O                                                                     (4 = 100.0%)
1  ... 

Histogram: OptimizationGuide.ModelExecutor.TaskExecutionLatency.PageVisibility recorded 4 samples, mean = 17.0 (flags = 0x1)
0   ... 
16  ----O                                                                     (4 = 100.0%) {0.0%}
20  ... 

Histogram: OptimizationGuide.ModelExecutor.TaskSchedulingLatency.PageVisibility recorded 4 samples, mean = 0.8 (flags = 0x1)
0  -O                                                                        (1 = 25.0%)
1  ---O                                                                      (3 = 75.0%) {25.0%}
2  ... 

Histogram: OptimizationGuide.ModelHandler.HandlerCreated.GeolocationPermissions recorded 1 samples, mean = 1.0 (flags = 0x1)
0  O                                                                         (0 = 0.0%)
1  -O                                                                        (1 = 100.0%) {0.0%}
2  O                                                                         (0 = 0.0%) {100.0%}

Histogram: OptimizationGuide.ModelHandler.HandlerCreated.NewTabPageHistoryClustersModuleRanking recorded 1 samples, mean = 1.0 (flags = 0x1)
0  O                                                                         (0 = 0.0%)
1  -O                                                                        (1 = 100.0%) {0.0%}
2  O                                                                         (0 = 0.0%) {100.0%}

Histogram: OptimizationGuide.ModelHandler.HandlerCreated.NotificationPermissions recorded 1 samples, mean = 1.0 (flags = 0x1)
0  O                                                                         (0 = 0.0%)
1  -O                                                                        (1 = 100.0%) {0.0%}
2  O                                                                         (0 = 0.0%) {100.0%}

Histogram: OptimizationGuide.ModelHandler.HandlerCreated.OmniboxUrlScoring recorded 1 samples, mean = 1.0 (flags = 0x1)
0  O                                                                         (0 = 0.0%)
1  -O                                                                        (1 = 100.0%) {0.0%}
2  O                                                                         (0 = 0.0%) {100.0%}

Histogram: OptimizationGuide.ModelHandler.HandlerCreated.PageTopicsV2 recorded 1 samples, mean = 1.0 (flags = 0x1)
0  O                                                                         (0 = 0.0%)
1  -O                                                                        (1 = 100.0%) {0.0%}
2  O                                                                         (0 = 0.0%) {100.0%}

Histogram: OptimizationGuide.ModelHandler.HandlerCreated.PageVisibility recorded 1 samples, mean = 1.0 (flags = 0x1)
0  O                                                                         (0 = 0.0%)
1  -O                                                                        (1 = 100.0%) {0.0%}
2  O                                                                         (0 = 0.0%) {100.0%}

Histogram: OptimizationGuide.OptimizationFilterStatus.HistoryClusters recorded 2 samples, mean = 0.5 (flags = 0x1)
0  -O                                                                        (1 = 50.0%)
1  -O                                                                        (1 = 50.0%) {50.0%}
2  ... 

Histogram: OptimizationGuide.OptimizationFilterStatus.ShoppingPagePredictor recorded 2 samples, mean = 0.5 (flags = 0x1)
0  -O                                                                        (1 = 50.0%)
1  -O                                                                        (1 = 50.0%) {50.0%}
2  ... 

Histogram: OptimizationGuide.OptimizationHintsComponent.MajorVersion2 recorded 1 samples (flags = 0x1)
643  -O                                                                        (1 = 100.0%)

Histogram: OptimizationGuide.PageContentAnnotations.AnnotateVisitResultCached recorded 4 samples, mean = 0.0 (flags = 0x1)
0  ----O                                                                     (4 = 100.0%)
1  ... 

Histogram: OptimizationGuide.PageContentAnnotations.BatchRequestedSize.ContentVisibility recorded 1 samples, mean = 4.0 (flags = 0x1)
0  ... 
4  -O                                                                        (1 = 100.0%) {0.0%}
5  ... 

Histogram: OptimizationGuide.PageContentAnnotations.BatchSuccess.ContentVisibility recorded 1 samples, mean = 0.0 (flags = 0x1)
0  -O                                                                        (1 = 100.0%)
1  ... 

Histogram: OptimizationGuide.PageContentAnnotations.JobExecutionTime.ContentVisibility recorded 1 samples, mean = 17.0 (flags = 0x1)
0   ... 
16  -O                                                                        (1 = 100.0%) {0.0%}
20  ... 

Histogram: OptimizationGuide.PageContentAnnotations.JobScheduleTime.ContentVisibility recorded 1 samples, mean = 0.0 (flags = 0x1)
0  -O                                                                        (1 = 100.0%)
1  ... 

Histogram: OptimizationGuide.PageContentAnnotationsService.ContentAnnotated recorded 4 samples, mean = 0.0 (flags = 0x1)
0  ----O                                                                     (4 = 100.0%)
1  ... 

Histogram: OptimizationGuide.PredictionManager.DownloadServiceAvailabilityBlockedFetch recorded 1 samples, mean = 1.0 (flags = 0x1)
0  O                                                                         (0 = 0.0%)
1  -O                                                                        (1 = 100.0%) {0.0%}
2  O                                                                         (0 = 0.0%) {100.0%}

Histogram: OptimizationGuide.PredictionManager.FirstModelFetchSinceServiceInit recorded 1 samples, mean = 10002.0 (flags = 0x1)
0     ... 
8000  -O                                                                        (1 = 100.0%) {0.0%}
10165 ... 

Histogram: OptimizationGuide.PredictionManager.ModelAvailableAtRegistration.ClientSidePhishing recorded 1 samples, mean = 0.0 (flags = 0x1)
0  -O                                                                        (1 = 100.0%)
1  ... 

Histogram: OptimizationGuide.PredictionManager.ModelAvailableAtRegistration.GeolocationPermissions recorded 1 samples, mean = 0.0 (flags = 0x1)
0  -O                                                                        (1 = 100.0%)
1  ... 

Histogram: OptimizationGuide.PredictionManager.ModelAvailableAtRegistration.LanguageDetection recorded 2 samples, mean = 0.0 (flags = 0x1)
0  --O                                                                       (2 = 100.0%)
1  ... 

Histogram: OptimizationGuide.PredictionManager.ModelAvailableAtRegistration.NewTabPageHistoryClustersModuleRanking recorded 1 samples, mean = 0.0 (flags = 0x1)
0  -O                                                                        (1 = 100.0%)
1  ... 

Histogram: OptimizationGuide.PredictionManager.ModelAvailableAtRegistration.NotificationPermissions recorded 1 samples, mean = 0.0 (flags = 0x1)
0  -O                                                                        (1 = 100.0%)
1  ... 

Histogram: OptimizationGuide.PredictionManager.ModelAvailableAtRegistration.OmniboxUrlScoring recorded 1 samples, mean = 0.0 (flags = 0x1)
0  -O                                                                        (1 = 100.0%)
1  ... 

Histogram: OptimizationGuide.PredictionManager.ModelAvailableAtRegistration.PageTopicsV2 recorded 1 samples, mean = 0.0 (flags = 0x1)
0  -O                                                                        (1 = 100.0%)
1  ... 

Histogram: OptimizationGuide.PredictionManager.ModelAvailableAtRegistration.PageVisibility recorded 1 samples, mean = 0.0 (flags = 0x1)
0  -O                                                                        (1 = 100.0%)
1  ... 

Histogram: OptimizationGuide.PredictionManager.ModelAvailableAtRegistration.TextSafety recorded 1 samples, mean = 0.0 (flags = 0x1)
0  -O                                                                        (1 = 100.0%)
1  ... 

Histogram: OptimizationGuide.PredictionManager.ModelAvailableAtRegistration.VisualSearchClassification recorded 1 samples, mean = 0.0 (flags = 0x1)
0  -O                                                                        (1 = 100.0%)
1  ... 

Histogram: OptimizationGuide.PredictionManager.ModelDeliveryEvents.ClientSidePhishing recorded 1 samples, mean = 7.0 (flags = 0x1)
0  ... 
7  -O                                                                        (1 = 100.0%) {0.0%}
8  ... 

Histogram: OptimizationGuide.PredictionManager.ModelDeliveryEvents.GeolocationPermissions recorded 1 samples, mean = 7.0 (flags = 0x1)
0  ... 
7  -O                                                                        (1 = 100.0%) {0.0%}
8  ... 

Histogram: OptimizationGuide.PredictionManager.ModelDeliveryEvents.LanguageDetection recorded 1 samples, mean = 7.0 (flags = 0x1)
0  ... 
7  -O                                                                        (1 = 100.0%) {0.0%}
8  ... 

Histogram: OptimizationGuide.PredictionManager.ModelDeliveryEvents.NewTabPageHistoryClustersModuleRanking recorded 1 samples, mean = 7.0 (flags = 0x1)
0  ... 
7  -O                                                                        (1 = 100.0%) {0.0%}
8  ... 

Histogram: OptimizationGuide.PredictionManager.ModelDeliveryEvents.NotificationPermissions recorded 1 samples, mean = 7.0 (flags = 0x1)
0  ... 
7  -O                                                                        (1 = 100.0%) {0.0%}
8  ... 

Histogram: OptimizationGuide.PredictionManager.ModelDeliveryEvents.OmniboxUrlScoring recorded 1 samples, mean = 7.0 (flags = 0x1)
0  ... 
7  -O                                                                        (1 = 100.0%) {0.0%}
8  ... 

Histogram: OptimizationGuide.PredictionManager.ModelDeliveryEvents.PageTopicsV2 recorded 1 samples, mean = 7.0 (flags = 0x1)
0  ... 
7  -O                                                                        (1 = 100.0%) {0.0%}
8  ... 

Histogram: OptimizationGuide.PredictionManager.ModelDeliveryEvents.PageVisibility recorded 1 samples, mean = 7.0 (flags = 0x1)
0  ... 
7  -O                                                                        (1 = 100.0%) {0.0%}
8  ... 

Histogram: OptimizationGuide.PredictionManager.ModelDeliveryEvents.TextSafety recorded 1 samples, mean = 7.0 (flags = 0x1)
0  ... 
7  -O                                                                        (1 = 100.0%) {0.0%}
8  ... 

Histogram: OptimizationGuide.PredictionManager.ModelDeliveryEvents.VisualSearchClassification recorded 1 samples, mean = 7.0 (flags = 0x1)
0  ... 
7  -O                                                                        (1 = 100.0%) {0.0%}
8  ... 

Histogram: OptimizationGuide.PredictionManager.RegistrationTimeSinceServiceInit.ClientSidePhishing recorded 1 samples, mean = 0.0 (flags = 0x1)
0  -O                                                                        (1 = 100.0%)
1  ... 

Histogram: OptimizationGuide.PredictionManager.RegistrationTimeSinceServiceInit.GeolocationPermissions recorded 1 samples, mean = 0.0 (flags = 0x1)
0  -O                                                                        (1 = 100.0%)
1  ... 

Histogram: OptimizationGuide.PredictionManager.RegistrationTimeSinceServiceInit.LanguageDetection recorded 2 samples, mean = 15.0 (flags = 0x1)
0   -O                                                                        (1 = 50.0%)
1   ... 
25  -O                                                                        (1 = 50.0%) {50.0%}
32  ... 

Histogram: OptimizationGuide.PredictionManager.RegistrationTimeSinceServiceInit.NewTabPageHistoryClustersModuleRanking recorded 1 samples, mean = 0.0 (flags = 0x1)
0  -O                                                                        (1 = 100.0%)
1  ... 

Histogram: OptimizationGuide.PredictionManager.RegistrationTimeSinceServiceInit.NotificationPermissions recorded 1 samples, mean = 0.0 (flags = 0x1)
0  -O                                                                        (1 = 100.0%)
1  ... 

Histogram: OptimizationGuide.PredictionManager.RegistrationTimeSinceServiceInit.OmniboxUrlScoring recorded 1 samples, mean = 0.0 (flags = 0x1)
0  -O                                                                        (1 = 100.0%)
1  ... 

Histogram: OptimizationGuide.PredictionManager.RegistrationTimeSinceServiceInit.PageTopicsV2 recorded 1 samples, mean = 0.0 (flags = 0x1)
0  -O                                                                        (1 = 100.0%)
1  ... 

Histogram: OptimizationGuide.PredictionManager.RegistrationTimeSinceServiceInit.PageVisibility recorded 1 samples, mean = 0.0 (flags = 0x1)
0  -O                                                                        (1 = 100.0%)
1  ... 

Histogram: OptimizationGuide.PredictionManager.RegistrationTimeSinceServiceInit.TextSafety recorded 1 samples, mean = 0.0 (flags = 0x1)
0  -O                                                                        (1 = 100.0%)
1  ... 

Histogram: OptimizationGuide.PredictionManager.RegistrationTimeSinceServiceInit.VisualSearchClassification recorded 1 samples, mean = 0.0 (flags = 0x1)
0  -O                                                                        (1 = 100.0%)
1  ... 

Histogram: OptimizationGuide.PredictionManager.StoreInitialized recorded 1 samples, mean = 1.0
0  O                                                                         (0 = 0.0%)
1  -O                                                                        (1 = 100.0%) {0.0%}
2  O                                                                         (0 = 0.0%) {100.0%}

Histogram: OptimizationGuide.PredictionManager.SupportedModelEngineVersion recorded 1 samples, mean = 18.0
0   ... 
18  -O                                                                        (1 = 100.0%) {0.0%}
19  ... 

Histogram: OptimizationGuide.ProcessHintsResult recorded 1 samples, mean = 5.0 (flags = 0x1)
0  ... 
5  -O                                                                        (1 = 100.0%) {0.0%}
6  ... 

Histogram: OptimizationGuide.ProcessingComponentAtShutdown recorded 1 samples, mean = 0.0 (flags = 0x1)
0  -O                                                                        (1 = 100.0%)
1  ... 

Histogram: OptimizationGuide.RemoteFetchingEnabled recorded 1 samples, mean = 0.0 (flags = 0x1)
0  -O                                                                        (1 = 100.0%)
1  ... 

Histogram: OptimizationGuide.UpdateComponentHints.Result recorded 1 samples, mean = 0.0
0  -O                                                                        (1 = 100.0%)
1  ... 

Histogram: OriginTrials.PersistentOriginTrial.LevelDbInitSuccess recorded 1 samples, mean = 0.0 (flags = 0x1)
0  -O                                                                        (1 = 100.0%)
1  ... 

Histogram: PageActionController.ExtensionsWithPageActions recorded 1 samples, mean = 0.0 (flags = 0x1)
0  -O                                                                        (1 = 100.0%)
1  ... 

Histogram: PageContentAnnotations.AnnotateVisit.AnnotationRequestQueued recorded 4 samples, mean = 1.0
0  O                                                                         (0 = 0.0%)
1  ----O                                                                     (4 = 100.0%) {0.0%}
2  O                                                                         (0 = 0.0%) {100.0%}

Histogram: PageContentAnnotations.AnnotateVisit.AnnotationRequested recorded 4 samples, mean = 1.0
0  O                                                                         (0 = 0.0%)
1  ----O                                                                     (4 = 100.0%) {0.0%}
2  O                                                                         (0 = 0.0%) {100.0%}

Histogram: PageContentAnnotations.AnnotateVisit.BatchAnnotationStarted recorded 1 samples, mean = 1.0
0  O                                                                         (0 = 0.0%)
1  -O                                                                        (1 = 100.0%) {0.0%}
2  O                                                                         (0 = 0.0%) {100.0%}

Histogram: PageLoad.Clients.Ads.AllPages.NonAdNetworkBytes recorded 1 samples, mean = 372.0 (flags = 0x1)
0    ... 
313  -O                                                                        (1 = 100.0%) {0.0%}
408  ... 

Histogram: PageLoad.Clients.Ads.AllPages.PercentNetworkBytesAds recorded 1 samples, mean = 0.0 (flags = 0x1)
0  -O                                                                        (1 = 100.0%)
1  ... 

Histogram: PageLoad.Clients.Ads.AllPages.PercentTotalBytesAds recorded 1 samples, mean = 0.0 (flags = 0x1)
0  -O                                                                        (1 = 100.0%)
1  ... 

Histogram: PageLoad.Clients.Ads.AverageViewportAdDensity recorded 1 samples, mean = 0.0 (flags = 0x1)
0  -O                                                                        (1 = 100.0%)
1  ... 

Histogram: PageLoad.Clients.Ads.FrameCounts.AdFrames.Total recorded 1 samples, mean = 0.0 (flags = 0x1)
0  -O                                                                        (1 = 100.0%)
1  ... 

Histogram: PageLoad.Clients.Ads.NonVisible.FrameCounts.AdFrames.Total recorded 1 samples, mean = 0.0 (flags = 0x1)
0  -O                                                                        (1 = 100.0%)
1  ... 

Histogram: PageLoad.Clients.Ads.Visible.FrameCounts.AdFrames.Total recorded 1 samples, mean = 0.0 (flags = 0x1)
0  -O                                                                        (1 = 100.0%)
1  ... 

Histogram: PageLoad.Clients.CrossOrigin.FirstContentfulPaint recorded 1 samples, mean = 11801.0 (flags = 0x1)
0      ... 
11747  -O                                                                        (1 = 100.0%) {0.0%}
13144  ... 

Histogram: PageLoad.Clients.CrossOrigin.LargestContentfulPaint recorded 1 samples, mean = 11864.0 (flags = 0x1)
0      ... 
11747  -O                                                                        (1 = 100.0%) {0.0%}
13144  ... 

Histogram: PageLoad.Clients.CrossOrigin.LayoutInstability.CumulativeShiftScore recorded 1 samples, mean = 0.0 (flags = 0x1)
0  -O                                                                        (1 = 100.0%)
1  ... 

Histogram: PageLoad.Clients.CrossOrigin.LayoutInstability.CumulativeShiftScore.MainFrame recorded 1 samples, mean = 0.0 (flags = 0x1)
0  -O                                                                        (1 = 100.0%)
1  ... 

Histogram: PageLoad.Clients.Leakage2.AbandonReasonAt.LoadStarted recorded 1 samples, mean = 7.0 (flags = 0x1)
0  ... 
7  -O                                                                        (1 = 100.0%) {0.0%}
8  ... 

Histogram: PageLoad.Clients.Leakage2.AbandonReasonAt.LoaderStart recorded 1 samples, mean = 10.0 (flags = 0x1)
0   ... 
10  -O                                                                        (1 = 100.0%) {0.0%}
11  ... 

Histogram: PageLoad.Clients.Leakage2.LastMilestoneBeforeAbandon.Hidden recorded 1 samples, mean = 14.0 (flags = 0x1)
0   ... 
14  -O                                                                        (1 = 100.0%) {0.0%}
15  ... 

Histogram: PageLoad.Clients.Leakage2.LastMilestoneBeforeAbandon.NewReloadNavigation recorded 1 samples, mean = 1.0 (flags = 0x1)
0  O                                                                         (0 = 0.0%)
1  -O                                                                        (1 = 100.0%) {0.0%}
2  ... 

Histogram: PageLoad.Clients.Leakage2.LoadStartedToAbandon.Hidden recorded 1 samples, mean = 1995.0 (flags = 0x1)
0     ... 
1945  -O                                                                        (1 = 100.0%) {0.0%}
2176  ... 

Histogram: PageLoad.Clients.Leakage2.LoaderStartToAbandon.NewReloadNavigation recorded 1 samples, mean = 3721.0 (flags = 0x1)
0     ... 
3412  -O                                                                        (1 = 100.0%) {0.0%}
3818  ... 

Histogram: PageLoad.Clients.Leakage2.NavigationStart recorded 2 samples, mean = 6527.0 (flags = 0x1)
0     ... 
3818  -O                                                                        (1 = 50.0%) {0.0%}
4272  ... 
8385  -O                                                                        (1 = 50.0%) {50.0%}
9382  ... 

Histogram: PageLoad.Clients.Leakage2.NavigationStartToCommitReceived recorded 1 samples, mean = 9155.0 (flags = 0x1)
0     ... 
8385  -O                                                                        (1 = 100.0%) {0.0%}
9382  ... 

Histogram: PageLoad.Clients.Leakage2.NavigationStartToCommitSent recorded 1 samples, mean = 9146.0 (flags = 0x1)
0     ... 
8385  -O                                                                        (1 = 100.0%) {0.0%}
9382  ... 

Histogram: PageLoad.Clients.Leakage2.NavigationStartToDOMContentLoaded recorded 1 samples, mean = 9608.0 (flags = 0x1)
0     ... 
9382  -O                                                                        (1 = 100.0%) {0.0%}
10498 ... 

Histogram: PageLoad.Clients.Leakage2.NavigationStartToDidCommit recorded 1 samples, mean = 9212.0 (flags = 0x1)
0     ... 
8385  -O                                                                        (1 = 100.0%) {0.0%}
9382  ... 

Histogram: PageLoad.Clients.Leakage2.NavigationStartToFirstContentfulPaint recorded 1 samples, mean = 11801.0 (flags = 0x1)
0      ... 
11747  -O                                                                        (1 = 100.0%) {0.0%}
13144  ... 

Histogram: PageLoad.Clients.Leakage2.NavigationStartToFirstRedirectResponseLoaderCallback recorded 1 samples, mean = 8619.0 (flags = 0x1)
0     ... 
8385  -O                                                                        (1 = 100.0%) {0.0%}
9382  ... 

Histogram: PageLoad.Clients.Leakage2.NavigationStartToFirstRedirectResponseStart recorded 1 samples, mean = 8292.0 (flags = 0x1)
0     ... 
7494  -O                                                                        (1 = 100.0%) {0.0%}
8385  ... 

Histogram: PageLoad.Clients.Leakage2.NavigationStartToFirstRedirectedRequestStart recorded 1 samples, mean = 8288.0 (flags = 0x1)
0     ... 
7494  -O                                                                        (1 = 100.0%) {0.0%}
8385  ... 

Histogram: PageLoad.Clients.Leakage2.NavigationStartToLargestContentfulPaint recorded 1 samples, mean = 11864.0 (flags = 0x1)
0      ... 
11747  -O                                                                        (1 = 100.0%) {0.0%}
13144  ... 

Histogram: PageLoad.Clients.Leakage2.NavigationStartToLoadStarted recorded 1 samples, mean = 9876.0 (flags = 0x1)
0     ... 
9382  -O                                                                        (1 = 100.0%) {0.0%}
10498 ... 

Histogram: PageLoad.Clients.Leakage2.NavigationStartToLoaderStart recorded 2 samples, mean = 1902.5 (flags = 0x1)
0     ... 
117   -O                                                                        (1 = 50.0%) {0.0%}
131   ... 
3412  -O                                                                        (1 = 50.0%) {50.0%}
3818  ... 

Histogram: PageLoad.Clients.Leakage2.NavigationStartToNonRedirectResponseLoaderCallback recorded 1 samples, mean = 9137.0 (flags = 0x1)
0     ... 
8385  -O                                                                        (1 = 100.0%) {0.0%}
9382  ... 

Histogram: PageLoad.Clients.Leakage2.NavigationStartToNonRedirectResponseStart recorded 1 samples, mean = 9129.0 (flags = 0x1)
0     ... 
8385  -O                                                                        (1 = 100.0%) {0.0%}
9382  ... 

Histogram: PageLoad.Clients.Leakage2.NavigationStartToNonRedirectedRequestStart recorded 1 samples, mean = 9036.0 (flags = 0x1)
0     ... 
8385  -O                                                                        (1 = 100.0%) {0.0%}
9382  ... 

Histogram: PageLoad.Clients.Leakage2.NavigationStartToParseStart recorded 1 samples, mean = 9165.0 (flags = 0x1)
0     ... 
8385  -O                                                                        (1 = 100.0%) {0.0%}
9382  ... 

Histogram: PageLoad.Clients.Leakage2.RendererProcessCreatedBeforeNav recorded 1 samples, mean = 1.0 (flags = 0x1)
0  O                                                                         (0 = 0.0%)
1  -O                                                                        (1 = 100.0%) {0.0%}
2  O                                                                         (0 = 0.0%) {100.0%}

Histogram: PageLoad.Clients.LinkPreview.Usage recorded 1 samples, mean = 0.0 (flags = 0x1)
0  -O                                                                        (1 = 100.0%)
1  ... 

Histogram: PageLoad.Clients.MultiTabLoading.WithTabCount_0.DocumentTiming.NavigationToDOMContentLoadedEventFired recorded 1 samples, mean = 9608.0 (flags = 0x1)
0     ... 
9382  -O                                                                        (1 = 100.0%) {0.0%}
10498 ... 

Histogram: PageLoad.Clients.MultiTabLoading.WithTabCount_0.DocumentTiming.NavigationToLoadEventFired recorded 1 samples, mean = 9876.0 (flags = 0x1)
0     ... 
9382  -O                                                                        (1 = 100.0%) {0.0%}
10498 ... 

Histogram: PageLoad.Clients.MultiTabLoading.WithTabCount_0.PaintTiming.NavigationToFirstContentfulPaint recorded 1 samples, mean = 11801.0 (flags = 0x1)
0      ... 
11747  -O                                                                        (1 = 100.0%) {0.0%}
13144  ... 

Histogram: PageLoad.Clients.MultiTabLoading.WithTabCount_0.PaintTiming.NavigationToLargestContentfulPaint recorded 1 samples, mean = 11864.0 (flags = 0x1)
0      ... 
11747  -O                                                                        (1 = 100.0%) {0.0%}
13144  ... 

Histogram: PageLoad.Clients.MultiTabLoading.With_0_OtherLoading.DocumentTiming.NavigationToDOMContentLoadedEventFired recorded 1 samples, mean = 9608.0 (flags = 0x1)
0     ... 
9382  -O                                                                        (1 = 100.0%) {0.0%}
10498 ... 

Histogram: PageLoad.Clients.MultiTabLoading.With_0_OtherLoading.DocumentTiming.NavigationToLoadEventFired recorded 1 samples, mean = 9876.0 (flags = 0x1)
0     ... 
9382  -O                                                                        (1 = 100.0%) {0.0%}
10498 ... 

Histogram: PageLoad.Clients.MultiTabLoading.With_0_OtherLoading.PaintTiming.NavigationToFirstContentfulPaint recorded 1 samples, mean = 11801.0 (flags = 0x1)
0      ... 
11747  -O                                                                        (1 = 100.0%) {0.0%}
13144  ... 

Histogram: PageLoad.Clients.MultiTabLoading.With_0_OtherLoading.PaintTiming.NavigationToLargestContentfulPaint recorded 1 samples, mean = 11864.0 (flags = 0x1)
0      ... 
11747  -O                                                                        (1 = 100.0%) {0.0%}
13144  ... 

Histogram: PageLoad.Clients.PerformanceManager.LCPToLoadedIdle recorded 1 samples, mean = 2373.0 (flags = 0x1)
0     ... 
1901  -O                                                                        (1 = 100.0%) {0.0%}
2415  ... 

Histogram: PageLoad.Clients.PerformanceManager.LCPToLoadedIdle.MixedBGFG recorded 1 samples, mean = 2373.0 (flags = 0x1)
0     ... 
1901  -O                                                                        (1 = 100.0%) {0.0%}
2415  ... 

Histogram: PageLoad.Clients.Protocol.H2.DocumentTiming.NavigationToDOMContentLoadedEventFired recorded 1 samples, mean = 9608.0 (flags = 0x1)
0     ... 
9382  -O                                                                        (1 = 100.0%) {0.0%}
10498 ... 

Histogram: PageLoad.Clients.Protocol.H2.DocumentTiming.NavigationToLoadEventFired recorded 1 samples, mean = 9876.0 (flags = 0x1)
0     ... 
9382  -O                                                                        (1 = 100.0%) {0.0%}
10498 ... 

Histogram: PageLoad.Clients.Protocol.H2.ParseTiming.NavigationToParseStart recorded 1 samples, mean = 9165.0 (flags = 0x1)
0     ... 
8385  -O                                                                        (1 = 100.0%) {0.0%}
9382  ... 

Histogram: PageLoad.Clients.Scheme.HTTPS.ParseTiming.NavigationToParseStart recorded 1 samples, mean = 9165.0 (flags = 0x1)
0     ... 
8385  -O                                                                        (1 = 100.0%) {0.0%}
9382  ... 

Histogram: PageLoad.Clients.SubresourceLoading.DaysSinceLastVisitToOrigin recorded 1 samples, mean = 0.0
0  -O                                                                        (1 = 100.0%)
1  ... 

Histogram: PageLoad.Clients.SubresourceLoading.HasPreviousVisitToOrigin recorded 1 samples, mean = 1.0
0  O                                                                         (0 = 0.0%)
1  -O                                                                        (1 = 100.0%) {0.0%}
2  O                                                                         (0 = 0.0%) {100.0%}

Histogram: PageLoad.Clients.ThirdParty.Origins.CookieRead2 recorded 1 samples, mean = 0.0 (flags = 0x1)
0  -O                                                                        (1 = 100.0%)
1  ... 

Histogram: PageLoad.Cpu.TotalUsage recorded 1 samples, mean = 926.0 (flags = 0x1)
0    ... 
885  -O                                                                        (1 = 100.0%) {0.0%}
990  ... 

Histogram: PageLoad.Cpu.TotalUsageForegrounded recorded 1 samples, mean = 691.0 (flags = 0x1)
0    ... 
632  -O                                                                        (1 = 100.0%) {0.0%}
707  ... 

Histogram: PageLoad.DocumentTiming.NavigationToDOMContentLoadedEventFired recorded 1 samples, mean = 9608.0 (flags = 0x1)
0     ... 
9382  -O                                                                        (1 = 100.0%) {0.0%}
10498 ... 

Histogram: PageLoad.DocumentTiming.NavigationToLoadEventFired recorded 1 samples, mean = 9876.0 (flags = 0x1)
0     ... 
9382  -O                                                                        (1 = 100.0%) {0.0%}
10498 ... 

Histogram: PageLoad.Experimental.NavigationTiming.FinalLoaderCallbackToNavigationCommitSent recorded 1 samples, mean = 9.0 (flags = 0x1)
0  -O                                                                        (1 = 100.0%)
10 ... 

Histogram: PageLoad.Experimental.NavigationTiming.FinalRequestStartToFinalResponseStart recorded 1 samples, mean = 93.0 (flags = 0x1)
0   ... 
84  -O                                                                        (1 = 100.0%) {0.0%}
94  ... 

Histogram: PageLoad.Experimental.NavigationTiming.FinalResponseStartToFinalLoaderCallback recorded 1 samples, mean = 7.0 (flags = 0x1)
0  -O                                                                        (1 = 100.0%)
10 ... 

Histogram: PageLoad.Experimental.NavigationTiming.FirstRequestStartToFirstResponseStart recorded 1 samples, mean = 3.0 (flags = 0x1)
0  -O                                                                        (1 = 100.0%)
10 ... 

Histogram: PageLoad.Experimental.NavigationTiming.FirstResponseStartToFirstLoaderCallback recorded 1 samples, mean = 326.0 (flags = 0x1)
0    ... 
322  -O                                                                        (1 = 100.0%) {0.0%}
360  ... 

Histogram: PageLoad.Experimental.NavigationTiming.NavigationStartToFinalLoaderCallback recorded 1 samples, mean = 9137.0 (flags = 0x1)
0     ... 
8385  -O                                                                        (1 = 100.0%) {0.0%}
9382  ... 

Histogram: PageLoad.Experimental.NavigationTiming.NavigationStartToFinalRequestStart recorded 1 samples, mean = 9036.0 (flags = 0x1)
0     ... 
8385  -O                                                                        (1 = 100.0%) {0.0%}
9382  ... 

Histogram: PageLoad.Experimental.NavigationTiming.NavigationStartToFinalResponseStart recorded 1 samples, mean = 9129.0 (flags = 0x1)
0     ... 
8385  -O                                                                        (1 = 100.0%) {0.0%}
9382  ... 

Histogram: PageLoad.Experimental.NavigationTiming.NavigationStartToFirstLoaderCallback recorded 1 samples, mean = 8619.0 (flags = 0x1)
0     ... 
8385  -O                                                                        (1 = 100.0%) {0.0%}
9382  ... 

Histogram: PageLoad.Experimental.NavigationTiming.NavigationStartToFirstRequestStart recorded 1 samples, mean = 8288.0 (flags = 0x1)
0     ... 
7494  -O                                                                        (1 = 100.0%) {0.0%}
8385  ... 

Histogram: PageLoad.Experimental.NavigationTiming.NavigationStartToFirstResponseStart recorded 1 samples, mean = 8292.0 (flags = 0x1)
0     ... 
7494  -O                                                                        (1 = 100.0%) {0.0%}
8385  ... 

Histogram: PageLoad.Experimental.NavigationTiming.NavigationStartToNavigationCommitSent recorded 1 samples, mean = 9146.0 (flags = 0x1)
0     ... 
8385  -O                                                                        (1 = 100.0%) {0.0%}
9382  ... 

Histogram: PageLoad.Experimental.PageTiming.CachedResourceLoadTime.font recorded 5 samples, mean = 1.8 (flags = 0x1)
0  O                                                                         (0 = 0.0%)
1  -O                                                                        (1 = 20.0%) {0.0%}
2  ----O                                                                     (4 = 80.0%) {20.0%}
3  ... 

Histogram: PageLoad.Experimental.PageTiming.CachedResourceLoadTime.image recorded 1 samples, mean = 4.0 (flags = 0x1)
0  ... 
4  -O                                                                        (1 = 100.0%) {0.0%}
5  ... 

Histogram: PageLoad.Experimental.PageTiming.CachedResourceLoadTime.manifest recorded 1 samples, mean = 140.0 (flags = 0x1)
0    ... 
136  -O                                                                        (1 = 100.0%) {0.0%}
173  ... 

Histogram: PageLoad.Experimental.PageTiming.CachedResourceLoadTime.script recorded 27 samples, mean = 9.1 (flags = 0x1)
0   -O                                                                        (1 = 3.7%)
1   ---O                                                                      (3 = 11.1%) {3.7%}
2   --O                                                                       (2 = 7.4%) {14.8%}
3   ... 
8   ------O                                                                   (6 = 22.2%) {22.2%}
10  ---------O                                                                (9 = 33.3%) {44.4%}
13  ----O                                                                     (4 = 14.8%) {77.8%}
16  O                                                                         (0 = 0.0%) {92.6%}
20  --O                                                                       (2 = 7.4%) {92.6%}
25  ... 

Histogram: PageLoad.Experimental.PageTiming.CachedResourceLoadTime.style recorded 9 samples, mean = 21.9 (flags = 0x1)
0    ... 
5    -O                                                                        (1 = 11.1%) {0.0%}
6    ... 
10   ------O                                                                   (6 = 66.7%) {11.1%}
13   -O                                                                        (1 = 11.1%) {77.8%}
16   ... 
107  -O                                                                        (1 = 11.1%) {88.9%}
136  ... 

Histogram: PageLoad.Experimental.PageTiming.CommitSentToFirstSubresourceLoadStart recorded 1 samples, mean = 133.0 (flags = 0x1)
0    ... 
131  -O                                                                        (1 = 100.0%) {0.0%}
147  ... 

Histogram: PageLoad.Experimental.PageTiming.NavigationToFirstSubresourceLoadStart recorded 1 samples, mean = 9280.0 (flags = 0x1)
0     ... 
8385  -O                                                                        (1 = 100.0%) {0.0%}
9382  ... 

Histogram: PageLoad.Experimental.PageTiming.ResourceLoadTime. recorded 7 samples, mean = 76.9 (flags = 0x1)
0   ... 
52  --O                                                                       (2 = 28.6%) {0.0%}
66  --O                                                                       (2 = 28.6%) {28.6%}
84  ---O                                                                      (3 = 42.9%) {57.1%}
107 ... 

Histogram: PageLoad.Experimental.PageTiming.ResourceLoadTime.document recorded 1 samples, mean = 291.0 (flags = 0x1)
0    ... 
280  -O                                                                        (1 = 100.0%) {0.0%}
356  ... 

Histogram: PageLoad.Experimental.PageTiming.ResourceLoadTime.image recorded 6 samples, mean = 195.8 (flags = 0x1)
0    ... 
25   -O                                                                        (1 = 16.7%) {0.0%}
32   ... 
173  -O                                                                        (1 = 16.7%) {16.7%}
220  ----O                                                                     (4 = 66.7%) {33.3%}
280  ... 

Histogram: PageLoad.Experimental.PageTiming.TotalSubresourceLoadTimeAtFirstContentfulPaint recorded 1 samples, mean = 2260.0 (flags = 0x1)
0     ... 
2176  -O                                                                        (1 = 100.0%) {0.0%}
2435  ... 

Histogram: PageLoad.Experimental.PageVisitFinalStatus recorded 1 samples, mean = 2.0 (flags = 0x1)
0  ... 
2  -O                                                                        (1 = 100.0%) {0.0%}
3  O                                                                         (0 = 0.0%) {100.0%}

Histogram: PageLoad.Experimental.PageVisitType2 recorded 1 samples, mean = 6.0 (flags = 0x1)
0  ... 
6  -O                                                                        (1 = 100.0%) {0.0%}
7  ... 

Histogram: PageLoad.Experimental.PaintTiming.FirstEligibleToPaintToFirstPaint recorded 1 samples, mean = 610.0 (flags = 0x1)
0    ... 
565  -O                                                                        (1 = 100.0%) {0.0%}
632  ... 

Histogram: PageLoad.Experimental.TotalForegroundDuration recorded 1 samples, mean = 11871.0 (flags = 0x1)
0      ... 
11579  -O                                                                        (1 = 100.0%) {0.0%}
13192  ... 

Histogram: PageLoad.Experimental.TotalForegroundDuration.AllVisit recorded 1 samples, mean = 11872.0 (flags = 0x1)
0      ... 
11579  -O                                                                        (1 = 100.0%) {0.0%}
13192  ... 

Histogram: PageLoad.Experimental.TotalForegroundDuration.IndependentUIVisit recorded 1 samples, mean = 11872.0 (flags = 0x1)
0      ... 
11579  -O                                                                        (1 = 100.0%) {0.0%}
13192  ... 

Histogram: PageLoad.Expermental.SoftNavigations.Count recorded 1 samples, mean = 0.0 (flags = 0x1)
0  -O                                                                        (1 = 100.0%)
1  ... 

Histogram: PageLoad.Internal.PageLoadTimingStatus recorded 18 samples, mean = 0.0 (flags = 0x1)
0  ------------------O                                                       (18 = 100.0%)
1  ... 

Histogram: PageLoad.Internal.PageLoadTimingStatus.AtTimingCallbackDispatch recorded 5 samples, mean = 0.0 (flags = 0x1)
0  -----O                                                                    (5 = 100.0%)
1  ... 

Histogram: PageLoad.Internal.PageType recorded 2 samples, mean = 0.0 (flags = 0x1)
0  --O                                                                       (2 = 100.0%)
1  ... 

Histogram: PageLoad.Internal.PaintTiming.LargestContentfulPaint.ContentType recorded 1 samples, mean = 0.0 (flags = 0x1)
0  -O                                                                        (1 = 100.0%)
1  ... 

Histogram: PageLoad.Internal.PaintTiming.LargestContentfulPaint.MainFrame.ContentType recorded 1 samples, mean = 0.0 (flags = 0x1)
0  -O                                                                        (1 = 100.0%)
1  ... 

Histogram: PageLoad.Internal.PaintTiming.NavigationToFirstContentfulPaint.InitiatingProcess recorded 1 samples, mean = 2.0 (flags = 0x1)
0  ... 
2  -O                                                                        (1 = 100.0%) {0.0%}
3  ... 

Histogram: PageLoad.Internal.SuppressedEventsBeforeMissingFirstPaint recorded 1 samples, mean = 0.0 (flags = 0x1)
0  -O                                                                        (1 = 100.0%)
1  ... 

Histogram: PageLoad.Internal.SuppressedEventsCountBeforePaint3 recorded 1 samples, mean = 0.0 (flags = 0x1)
0  -O                                                                        (1 = 100.0%)
1  ... 

Histogram: PageLoad.Internal.SuppressedEventsTimingBeforePaint3 recorded 1 samples, mean = 0.0 (flags = 0x1)
0  -O                                                                        (1 = 100.0%)
1  ... 

Histogram: PageLoad.Internal.SuppressedInteractionsCountBeforePaint3 recorded 1 samples, mean = 0.0 (flags = 0x1)
0  -O                                                                        (1 = 100.0%)
1  ... 

Histogram: PageLoad.LayoutInstability.CumulativeShiftScore recorded 1 samples, mean = 0.0 (flags = 0x1)
0  -O                                                                        (1 = 100.0%)
1  ... 

Histogram: PageLoad.LayoutInstability.CumulativeShiftScore.MainFrame recorded 1 samples, mean = 0.0 (flags = 0x1)
0  -O                                                                        (1 = 100.0%)
1  ... 

Histogram: PageLoad.LayoutInstability.CumulativeShiftScoreAtFirstOnHidden recorded 1 samples, mean = 0.0 (flags = 0x1)
0  -O                                                                        (1 = 100.0%)
1  ... 

Histogram: PageLoad.LayoutInstability.MaxCumulativeShiftScore.SessionWindow.Gap1000ms.Max5000ms recorded 1 samples, mean = 0.0 (flags = 0x1)
0  -O                                                                        (1 = 100.0%)
1  ... 

Histogram: PageLoad.LayoutInstability.MaxCumulativeShiftScore.SessionWindow.Gap1000ms.Max5000ms2 recorded 1 samples, mean = 0.0 (flags = 0x1)
0  -O                                                                        (1 = 100.0%)
1  ... 

Histogram: PageLoad.LayoutInstability.MaxCumulativeShiftScoreAtFirstOnHidden.SessionWindow.Gap1000ms.Max5000ms recorded 1 samples, mean = 0.0 (flags = 0x1)
0  -O                                                                        (1 = 100.0%)
1  ... 

Histogram: PageLoad.PageTiming.ForegroundDuration recorded 1 samples, mean = 11870.0 (flags = 0x1)
0      ... 
11579  -O                                                                        (1 = 100.0%) {0.0%}
13192  ... 

Histogram: PageLoad.PageTiming.ForegroundDuration.AfterPaint recorded 1 samples, mean = 1833.0 (flags = 0x1)
0     ... 
1637  -O                                                                        (1 = 100.0%) {0.0%}
1865  ... 

Histogram: PageLoad.PageTiming.ForegroundDuration.NoCommit recorded 1 samples, mean = 154.0 (flags = 0x1)
0    ... 
137  -O                                                                        (1 = 100.0%) {0.0%}
156  ... 

Histogram: PageLoad.PageTiming.ForegroundDuration.WithPaint recorded 1 samples, mean = 11870.0 (flags = 0x1)
0      ... 
11579  -O                                                                        (1 = 100.0%) {0.0%}
13192  ... 

Histogram: PageLoad.PaintTiming.NavigationToFirstContentfulPaint recorded 1 samples, mean = 11801.0 (flags = 0x1)
0      ... 
11747  -O                                                                        (1 = 100.0%) {0.0%}
13144  ... 

Histogram: PageLoad.PaintTiming.NavigationToFirstContentfulPaint.HiddenWhileFlushing recorded 1 samples, mean = 11801.0 (flags = 0x1)
0      ... 
11747  -O                                                                        (1 = 100.0%) {0.0%}
13144  ... 

Histogram: PageLoad.PaintTiming.NavigationToFirstContentfulPaint.LoadType.NewNavigation recorded 1 samples, mean = 11801.0 (flags = 0x1)
0      ... 
11747  -O                                                                        (1 = 100.0%) {0.0%}
13144  ... 

Histogram: PageLoad.PaintTiming.NavigationToFirstContentfulPaint.NoStore recorded 1 samples, mean = 11801.0 (flags = 0x1)
0      ... 
11747  -O                                                                        (1 = 100.0%) {0.0%}
13144  ... 

Histogram: PageLoad.PaintTiming.NavigationToFirstContentfulPaint.UserInitiated recorded 1 samples, mean = 11801.0 (flags = 0x1)
0      ... 
11747  -O                                                                        (1 = 100.0%) {0.0%}
13144  ... 

Histogram: PageLoad.PaintTiming.NavigationToFirstImagePaint recorded 1 samples, mean = 11843.0 (flags = 0x1)
0      ... 
11747  -O                                                                        (1 = 100.0%) {0.0%}
13144  ... 

Histogram: PageLoad.PaintTiming.NavigationToFirstPaint recorded 1 samples, mean = 10037.0 (flags = 0x1)
0     ... 
9382  -O                                                                        (1 = 100.0%) {0.0%}
10498 ... 

Histogram: PageLoad.PaintTiming.NavigationToLargestContentfulPaint.ImageLCPLessThanLoadEnd recorded 1 samples, mean = 0.0 (flags = 0x1)
0  -O                                                                        (1 = 100.0%)
1  ... 

Histogram: PageLoad.PaintTiming.NavigationToLargestContentfulPaint.ImageLoadEndLessThanLoadStart recorded 1 samples, mean = 0.0 (flags = 0x1)
0  -O                                                                        (1 = 100.0%)
1  ... 

Histogram: PageLoad.PaintTiming.NavigationToLargestContentfulPaint.ImageLoadStartLessThanDocumentTTFB recorded 1 samples, mean = 0.0 (flags = 0x1)
0  -O                                                                        (1 = 100.0%)
1  ... 

Histogram: PageLoad.PaintTiming.NavigationToLargestContentfulPaint2 recorded 1 samples, mean = 11864.0 (flags = 0x1)
0      ... 
11747  -O                                                                        (1 = 100.0%) {0.0%}
13144  ... 

Histogram: PageLoad.PaintTiming.NavigationToLargestContentfulPaint2.MainFrame recorded 1 samples, mean = 11864.0 (flags = 0x1)
0      ... 
11747  -O                                                                        (1 = 100.0%) {0.0%}
13144  ... 

Histogram: PageLoad.PaintTiming.ParseStartToFirstContentfulPaint recorded 1 samples, mean = 2636.0 (flags = 0x1)
0     ... 
2435  -O                                                                        (1 = 100.0%) {0.0%}
2725  ... 

Histogram: PageLoad.ParseTiming.NavigationToParseStart recorded 1 samples, mean = 9165.0 (flags = 0x1)
0     ... 
8385  -O                                                                        (1 = 100.0%) {0.0%}
9382  ... 

Histogram: PageLoad.ParseTiming.NavigationToParseStart.LoadType.NewNavigation recorded 1 samples, mean = 9165.0 (flags = 0x1)
0     ... 
8385  -O                                                                        (1 = 100.0%) {0.0%}
9382  ... 

Histogram: PageLoad.ParseTiming.ParseBlockedOnScriptExecution recorded 1 samples, mean = 16.0 (flags = 0x1)
0   ... 
15  -O                                                                        (1 = 100.0%) {0.0%}
17  ... 

Histogram: PageLoad.ParseTiming.ParseBlockedOnScriptExecutionFromDocumentWrite recorded 1 samples, mean = 0.0 (flags = 0x1)
0  -O                                                                        (1 = 100.0%)
10 ... 

Histogram: PageLoad.ParseTiming.ParseBlockedOnScriptLoad recorded 1 samples, mean = 242.0 (flags = 0x1)
0    ... 
230  -O                                                                        (1 = 100.0%) {0.0%}
257  ... 

Histogram: PaintHolding.CommitTrigger2 recorded 1 samples, mean = 3.0 (flags = 0x1)
0  ... 
3  -O                                                                        (1 = 100.0%) {0.0%}
4  ... 

Histogram: PasswordManager.AccountStore.InaccessiblePasswords3 recorded 1 samples, mean = 0.0 (flags = 0x1)
0  -O                                                                        (1 = 100.0%)
1  ... 

Histogram: PasswordManager.AccountStore.LoginDatabaseEncryptionStatus recorded 1 samples, mean = 0.0 (flags = 0x1)
0  -O                                                                        (1 = 100.0%)
1  ... 

Histogram: PasswordManager.AffiliationDatabase.DatabaseSize recorded 1 samples, mean = 52.0 (flags = 0x1)
0  -O                                                                        (1 = 100.0%)
1000... 

Histogram: PasswordManager.BubbleSuppression.AccountsInStatisticsTable2 recorded 1 samples, mean = 0.0 (flags = 0x1)
0  -O                                                                        (1 = 100.0%)
1  ... 

Histogram: PasswordManager.GetAllLogins.TimeSinceInit recorded 2 samples, mean = 30027.0 (flags = 0x1)
0      ... 
26495  --O                                                                       (2 = 100.0%) {0.0%}
33665  ... 

Histogram: PasswordManager.GetAutofillableLogins.TimeSinceInit recorded 2 samples, mean = 9343.0 (flags = 0x1)
0     ... 
8000  --O                                                                       (2 = 100.0%) {0.0%}
10165 ... 

Histogram: PasswordManager.LoginDatabaseInit2 recorded 2 samples, mean = 0.0 (flags = 0x1)
0  --O                                                                       (2 = 100.0%)
1  ... 

Histogram: PasswordManager.OnEncryptorReceived.Success recorded 2 samples, mean = 1.0 (flags = 0x1)
0  O                                                                         (0 = 0.0%)
1  --O                                                                       (2 = 100.0%) {0.0%}
2  O                                                                         (0 = 0.0%) {100.0%}

Histogram: PasswordManager.PasswordStore.InitTime recorded 2 samples, mean = 6945.0 (flags = 0x1)
0     ... 
5961  --O                                                                       (2 = 100.0%) {0.0%}
7083  ... 

Histogram: PasswordManager.PasswordStoreBackend.GetAllLoginsAsync recorded 4 samples, mean = 1.0 (flags = 0x1)
0  --O                                                                       (2 = 50.0%)
1  O                                                                         (0 = 0.0%) {50.0%}
2  --O                                                                       (2 = 50.0%) {50.0%}
3  ... 

Histogram: PasswordManager.PasswordStoreBackend.GetAllLoginsAsync.Latency recorded 2 samples, mean = 0.0 (flags = 0x1)
0  --O                                                                       (2 = 100.0%)
1  ... 

Histogram: PasswordManager.PasswordStoreBackend.GetAllLoginsAsync.Success recorded 2 samples, mean = 1.0 (flags = 0x1)
0  O                                                                         (0 = 0.0%)
1  --O                                                                       (2 = 100.0%) {0.0%}
2  O                                                                         (0 = 0.0%) {100.0%}

Histogram: PasswordManager.PasswordStoreBackend.GetAutofillableLoginsAsync recorded 4 samples, mean = 1.0 (flags = 0x1)
0  --O                                                                       (2 = 50.0%)
1  O                                                                         (0 = 0.0%) {50.0%}
2  --O                                                                       (2 = 50.0%) {50.0%}
3  ... 

Histogram: PasswordManager.PasswordStoreBackend.GetAutofillableLoginsAsync.Latency recorded 2 samples, mean = 65.0 (flags = 0x1)
0   ... 
52  --O                                                                       (2 = 100.0%) {0.0%}
66  ... 

Histogram: PasswordManager.PasswordStoreBackend.GetAutofillableLoginsAsync.Success recorded 2 samples, mean = 1.0 (flags = 0x1)
0  O                                                                         (0 = 0.0%)
1  --O                                                                       (2 = 100.0%) {0.0%}
2  O                                                                         (0 = 0.0%) {100.0%}

Histogram: PasswordManager.PasswordStoreBuiltInBackend.GetAllLoginsAsync recorded 4 samples, mean = 1.0 (flags = 0x1)
0  --O                                                                       (2 = 50.0%)
1  O                                                                         (0 = 0.0%) {50.0%}
2  --O                                                                       (2 = 50.0%) {50.0%}
3  ... 

Histogram: PasswordManager.PasswordStoreBuiltInBackend.GetAllLoginsAsync.Latency recorded 2 samples, mean = 0.0 (flags = 0x1)
0  --O                                                                       (2 = 100.0%)
1  ... 

Histogram: PasswordManager.PasswordStoreBuiltInBackend.GetAllLoginsAsync.Success recorded 2 samples, mean = 1.0 (flags = 0x1)
0  O                                                                         (0 = 0.0%)
1  --O                                                                       (2 = 100.0%) {0.0%}
2  O                                                                         (0 = 0.0%) {100.0%}

Histogram: PasswordManager.PasswordStoreBuiltInBackend.GetAutofillableLoginsAsync recorded 4 samples, mean = 1.0 (flags = 0x1)
0  --O                                                                       (2 = 50.0%)
1  O                                                                         (0 = 0.0%) {50.0%}
2  --O                                                                       (2 = 50.0%) {50.0%}
3  ... 

Histogram: PasswordManager.PasswordStoreBuiltInBackend.GetAutofillableLoginsAsync.Latency recorded 2 samples, mean = 65.0 (flags = 0x1)
0   ... 
52  --O                                                                       (2 = 100.0%) {0.0%}
66  ... 

Histogram: PasswordManager.PasswordStoreBuiltInBackend.GetAutofillableLoginsAsync.Success recorded 2 samples, mean = 1.0 (flags = 0x1)
0  O                                                                         (0 = 0.0%)
1  --O                                                                       (2 = 100.0%) {0.0%}
2  O                                                                         (0 = 0.0%) {100.0%}

Histogram: PasswordManager.ProfileStore.InaccessiblePasswords3 recorded 1 samples, mean = 0.0 (flags = 0x1)
0  -O                                                                        (1 = 100.0%)
1  ... 

Histogram: PasswordManager.ProfileStore.LoginDatabaseEncryptionStatus recorded 1 samples, mean = 0.0 (flags = 0x1)
0  -O                                                                        (1 = 100.0%)
1  ... 

Histogram: PasswordManager.SavedGaiaPasswordHashCount2 recorded 1 samples, mean = 0.0 (flags = 0x1)
0  -O                                                                        (1 = 100.0%)
1  ... 

Histogram: PasswordManager.SyncMetadataReadError2 recorded 2 samples, mean = 0.0 (flags = 0x1)
0  --O                                                                       (2 = 100.0%)
1  ... 

Histogram: PaymentRequest.IsCanMakePaymentAllowedByPref.Startup recorded 1 samples, mean = 1.0 (flags = 0x1)
0  O                                                                         (0 = 0.0%)
1  -O                                                                        (1 = 100.0%) {0.0%}
2  O                                                                         (0 = 0.0%) {100.0%}

Histogram: PerformanceManager.LoadingNotQuiescentPageCount.All recorded 8 samples, mean = 0.0 (flags = 0x1)
0  --------O                                                                 (8 = 100.0%)
1  ... 

Histogram: PerformanceManager.LoadingNotQuiescentPageCount.Hidden recorded 8 samples, mean = 0.0 (flags = 0x1)
0  --------O                                                                 (8 = 100.0%)
1  ... 

Histogram: PerformanceManager.LoadingNotQuiescentPageCount.MixedVisibility recorded 8 samples, mean = 0.0 (flags = 0x1)
0  --------O                                                                 (8 = 100.0%)
1  ... 

Histogram: PerformanceManager.LoadingNotQuiescentPageCount.Visible recorded 8 samples, mean = 0.0 (flags = 0x1)
0  --------O                                                                 (8 = 100.0%)
1  ... 

Histogram: PerformanceManager.QuiescentPageCount recorded 8 samples, mean = 1.0 (flags = 0x1)
0  O                                                                         (0 = 0.0%)
1  --------O                                                                 (8 = 100.0%) {0.0%}
2  ... 

Histogram: PerformanceManager.SiteDB.DatabaseInit recorded 1 samples, mean = 0.0 (flags = 0x1)
0  -O                                                                        (1 = 100.0%)
1  ... 

Histogram: PerformanceManager.SiteDB.OnDiskSize recorded 1 samples, mean = 11.0 (flags = 0x1)
0  -O                                                                        (1 = 100.0%)
1000... 

Histogram: PerformanceManager.SiteDB.WriteCompleted.WriteSiteDataIntoStore recorded 1 samples, mean = 1.0 (flags = 0x1)
0  O                                                                         (0 = 0.0%)
1  -O                                                                        (1 = 100.0%) {0.0%}
2  O                                                                         (0 = 0.0%) {100.0%}

Histogram: PerformanceManager.SiteDB.WriteScheduled.WriteSiteDataIntoStore recorded 1 samples, mean = 1.0 (flags = 0x1)
0  O                                                                         (0 = 0.0%)
1  -O                                                                        (1 = 100.0%) {0.0%}
2  O                                                                         (0 = 0.0%) {100.0%}

Histogram: PerformanceManager.TabRevisitTracker.TimeToClose2 recorded 1 samples, mean = 248.0 (flags = 0x1)
0    ... 
242  -O                                                                        (1 = 100.0%) {0.0%}
255  ... 

Histogram: PerformanceManager.UserTuning.BatterySaverModeEnabledPercent recorded 1 samples, mean = 0.0 (flags = 0x1)
0  -O                                                                        (1 = 100.0%)
1  ... 

Histogram: PerformanceManager.UserTuning.MemorySaverModeEnabledPercent recorded 1 samples, mean = 0.0 (flags = 0x1)
0  -O                                                                        (1 = 100.0%)
1  ... 

Histogram: PerformanceMonitor.AverageCPU8.BrowserProcess recorded 2 samples, mean = 6413.5 (flags = 0x1)
0     ... 
4434  -O                                                                        (1 = 50.0%) {0.0%}
5353  ... 
7801  -O                                                                        (1 = 50.0%) {50.0%}
9417  ... 

Histogram: PerformanceMonitor.AverageCPU8.GPUProcess recorded 2 samples, mean = 234.0 (flags = 0x1)
0    ... 
58   -O                                                                        (1 = 50.0%) {0.0%}
70   ... 
383  -O                                                                        (1 = 50.0%) {50.0%}
462  ... 

Histogram: PerformanceMonitor.AverageCPU8.NetworkProcess recorded 2 samples, mean = 24.5 (flags = 0x1)
0   ... 
6   -O                                                                        (1 = 50.0%) {0.0%}
7   ... 
40  -O                                                                        (1 = 50.0%) {50.0%}
48  ... 

Histogram: PerformanceMonitor.AverageCPU8.OtherProcess recorded 2 samples, mean = 0.0 (flags = 0x1)
0  --O                                                                       (2 = 100.0%)
1  ... 

Histogram: PerformanceMonitor.AverageCPU8.RendererExtensionEventProcess recorded 2 samples, mean = 0.0 (flags = 0x1)
0  --O                                                                       (2 = 100.0%)
1  ... 

Histogram: PerformanceMonitor.AverageCPU8.RendererExtensionPersistentProcess recorded 2 samples, mean = 0.0 (flags = 0x1)
0  --O                                                                       (2 = 100.0%)
1  ... 

Histogram: PerformanceMonitor.AverageCPU8.RendererProcess recorded 2 samples, mean = 184.0 (flags = 0x1)
0    ... 
12   -O                                                                        (1 = 50.0%) {0.0%}
15   ... 
317  -O                                                                        (1 = 50.0%) {50.0%}
383  ... 

Histogram: PerformanceMonitor.AverageCPU8.Total recorded 2 samples, mean = 6565.0 (flags = 0x1)
0     ... 
4434  -O                                                                        (1 = 50.0%) {0.0%}
5353  ... 
7801  -O                                                                        (1 = 50.0%) {50.0%}
9417  ... 

Histogram: PerformanceMonitor.AverageCPU8.Total.ZeroWindow recorded 2 samples, mean = 6565.0 (flags = 0x1)
0     ... 
4434  -O                                                                        (1 = 50.0%) {0.0%}
5353  ... 
7801  -O                                                                        (1 = 50.0%) {50.0%}
9417  ... 

Histogram: PerformanceMonitor.AverageCPU8.UtilityProcess recorded 2 samples, mean = 400.0 (flags = 0x1)
0    O                                                                         (0 = 0.0%)
1    -O                                                                        (1 = 50.0%) {0.0%}
2    ... 
674  -O                                                                        (1 = 50.0%) {50.0%}
814  ... 

Histogram: PerformanceMonitor.HasPreciseCPUUsage recorded 10 samples, mean = 1.0 (flags = 0x1)
0  O                                                                         (0 = 0.0%)
1  ----------O                                                               (10 = 100.0%) {0.0%}
2  O                                                                         (0 = 0.0%) {100.0%}

Histogram: PerformanceMonitor.UsageScenario.LongInterval recorded 2 samples, mean = 13.0 (flags = 0x1)
0   ... 
13  --O                                                                       (2 = 100.0%) {0.0%}
14  ... 

Histogram: Permissions.API.CreatedPermissionStatusObjects recorded 1 samples, mean = 0.0 (flags = 0x1)
0  -O                                                                        (1 = 100.0%)
1  ... 

Histogram: Permissions.Experimental.PrimaryMainNavigationFinished.AudioCapture.TopLevelHeaderPolicy recorded 1 samples, mean = 0.0 (flags = 0x1)
0  -O                                                                        (1 = 100.0%)
1  ... 

Histogram: Permissions.Experimental.PrimaryMainNavigationFinished.Geolocation.TopLevelHeaderPolicy recorded 1 samples, mean = 0.0 (flags = 0x1)
0  -O                                                                        (1 = 100.0%)
1  ... 

Histogram: Permissions.Experimental.PrimaryMainNavigationFinished.VideoCapture.TopLevelHeaderPolicy recorded 1 samples, mean = 0.0 (flags = 0x1)
0  -O                                                                        (1 = 100.0%)
1  ... 

Histogram: Permissions.QuietNotificationPrompts.RegularProfile.IsEnabledInPrefs recorded 1 samples, mean = 0.0 (flags = 0x1)
0  -O                                                                        (1 = 100.0%)
1  ... 

Histogram: Platform.IntelMaxMicroArchitecture recorded 1 samples, mean = 8.0 (flags = 0x1)
0  ... 
8  -O                                                                        (1 = 100.0%) {0.0%}
9  ... 

Histogram: Power.BatteryDischargeGranularityAvailable recorded 3 samples, mean = 1.0 (flags = 0x1)
0  O                                                                         (0 = 0.0%)
1  ---O                                                                      (3 = 100.0%) {0.0%}
2  O                                                                         (0 = 0.0%) {100.0%}

Histogram: Power.BatteryDischargeGranularityIsOrdered recorded 8 samples, mean = 1.0 (flags = 0x1)
0  O                                                                         (0 = 0.0%)
1  --------O                                                                 (8 = 100.0%) {0.0%}
2  O                                                                         (0 = 0.0%) {100.0%}

Histogram: Power.BatteryDischargeGranularityMilliwattHours2 recorded 3 samples, mean = 16.0 (flags = 0x1)
0   ... 
15  ---O                                                                      (3 = 100.0%) {0.0%}
18  ... 

Histogram: Power.BatteryDischargeGranularityRelative2 recorded 3 samples, mean = 2.0 (flags = 0x1)
0  ... 
2  ---O                                                                      (3 = 100.0%) {0.0%}
3  ... 

Histogram: Power.BatteryDischargeMode5 recorded 4 samples, mean = 1.5 (flags = 0x1)
0  ---O                                                                      (3 = 75.0%)
1  ... 
6  -O                                                                        (1 = 25.0%) {75.0%}
7  ... 

Histogram: Power.BatteryDischargeMode5.Initial recorded 1 samples, mean = 6.0 (flags = 0x1)
0  ... 
6  -O                                                                        (1 = 100.0%) {0.0%}
7  ... 

Histogram: Power.BatteryDischargeMode5.Periodic recorded 3 samples, mean = 0.0 (flags = 0x1)
0  ---O                                                                      (3 = 100.0%)
1  ... 

Histogram: Power.BatteryDischargeMode5.ZeroWindow recorded 4 samples, mean = 1.5 (flags = 0x1)
0  ---O                                                                      (3 = 75.0%)
1  ... 
6  -O                                                                        (1 = 25.0%) {75.0%}
7  ... 

Histogram: Power.BatteryDischargeMode5.ZeroWindow.Initial recorded 1 samples, mean = 6.0 (flags = 0x1)
0  ... 
6  -O                                                                        (1 = 100.0%) {0.0%}
7  ... 

Histogram: Power.BatteryDischargeMode5.ZeroWindow.Periodic recorded 3 samples, mean = 0.0 (flags = 0x1)
0  ---O                                                                      (3 = 100.0%)
1  ... 

Histogram: Power.BatteryDischargeRateMilliwatts6 recorded 3 samples, mean = 12065.7 (flags = 0x1)
0      --O                                                                       (2 = 66.7%)
1      ... 
32541  -O                                                                        (1 = 33.3%) {66.7%}
40733  ... 

Histogram: Power.BatteryDischargeRateMilliwatts6.BatterySaverDisabled recorded 3 samples, mean = 12065.7 (flags = 0x1)
0      --O                                                                       (2 = 66.7%)
1      ... 
32541  -O                                                                        (1 = 33.3%) {66.7%}
40733  ... 

Histogram: Power.BatteryDischargeRateMilliwatts6.Periodic recorded 3 samples, mean = 12065.7 (flags = 0x1)
0      --O                                                                       (2 = 66.7%)
1      ... 
32541  -O                                                                        (1 = 33.3%) {66.7%}
40733  ... 

Histogram: Power.BatteryDischargeRateMilliwatts6.Periodic.BatterySaverDisabled recorded 3 samples, mean = 12065.7 (flags = 0x1)
0      --O                                                                       (2 = 66.7%)
1      ... 
32541  -O                                                                        (1 = 33.3%) {66.7%}
40733  ... 

Histogram: Power.BatteryDischargeRateMilliwatts6.ZeroWindow recorded 3 samples, mean = 12065.7 (flags = 0x1)
0      --O                                                                       (2 = 66.7%)
1      ... 
32541  -O                                                                        (1 = 33.3%) {66.7%}
40733  ... 

Histogram: Power.BatteryDischargeRateMilliwatts6.ZeroWindow.BatterySaverDisabled recorded 3 samples, mean = 12065.7 (flags = 0x1)
0      --O                                                                       (2 = 66.7%)
1      ... 
32541  -O                                                                        (1 = 33.3%) {66.7%}
40733  ... 

Histogram: Power.BatteryDischargeRateMilliwatts6.ZeroWindow.Periodic recorded 3 samples, mean = 12065.7 (flags = 0x1)
0      --O                                                                       (2 = 66.7%)
1      ... 
32541  -O                                                                        (1 = 33.3%) {66.7%}
40733  ... 

Histogram: Power.BatteryDischargeRateMilliwatts6.ZeroWindow.Periodic.BatterySaverDisabled recorded 3 samples, mean = 12065.7 (flags = 0x1)
0      --O                                                                       (2 = 66.7%)
1      ... 
32541  -O                                                                        (1 = 33.3%) {66.7%}
40733  ... 

Histogram: Power.BatteryDischargeRatePreciseMilliwatts recorded 3 samples, mean = 12065.7 (flags = 0x1)
0      --O                                                                       (2 = 66.7%)
1      ... 
32541  -O                                                                        (1 = 33.3%) {66.7%}
40733  ... 

Histogram: Power.BatteryDischargeRatePreciseMilliwatts.BatterySaverDisabled recorded 3 samples, mean = 12065.7 (flags = 0x1)
0      --O                                                                       (2 = 66.7%)
1      ... 
32541  -O                                                                        (1 = 33.3%) {66.7%}
40733  ... 

Histogram: Power.BatteryDischargeRatePreciseMilliwatts.Periodic recorded 3 samples, mean = 12065.7 (flags = 0x1)
0      --O                                                                       (2 = 66.7%)
1      ... 
32541  -O                                                                        (1 = 33.3%) {66.7%}
40733  ... 

Histogram: Power.BatteryDischargeRatePreciseMilliwatts.Periodic.BatterySaverDisabled recorded 3 samples, mean = 12065.7 (flags = 0x1)
0      --O                                                                       (2 = 66.7%)
1      ... 
32541  -O                                                                        (1 = 33.3%) {66.7%}
40733  ... 

Histogram: Power.BatteryDischargeRatePreciseMilliwatts.ZeroWindow recorded 3 samples, mean = 12065.7 (flags = 0x1)
0      --O                                                                       (2 = 66.7%)
1      ... 
32541  -O                                                                        (1 = 33.3%) {66.7%}
40733  ... 

Histogram: Power.BatteryDischargeRatePreciseMilliwatts.ZeroWindow.BatterySaverDisabled recorded 3 samples, mean = 12065.7 (flags = 0x1)
0      --O                                                                       (2 = 66.7%)
1      ... 
32541  -O                                                                        (1 = 33.3%) {66.7%}
40733  ... 

Histogram: Power.BatteryDischargeRatePreciseMilliwatts.ZeroWindow.Periodic recorded 3 samples, mean = 12065.7 (flags = 0x1)
0      --O                                                                       (2 = 66.7%)
1      ... 
32541  -O                                                                        (1 = 33.3%) {66.7%}
40733  ... 

Histogram: Power.BatteryDischargeRatePreciseMilliwatts.ZeroWindow.Periodic.BatterySaverDisabled recorded 3 samples, mean = 12065.7 (flags = 0x1)
0      --O                                                                       (2 = 66.7%)
1      ... 
32541  -O                                                                        (1 = 33.3%) {66.7%}
40733  ... 

Histogram: Power.BatteryDischargeRateRelative5 recorded 3 samples, mean = 33.0 (flags = 0x1)
0   --O                                                                       (2 = 66.7%)
1   ... 
95  -O                                                                        (1 = 33.3%) {66.7%}
107 ... 

Histogram: Power.BatteryDischargeRateRelative5.BatterySaverDisabled recorded 3 samples, mean = 33.0 (flags = 0x1)
0   --O                                                                       (2 = 66.7%)
1   ... 
95  -O                                                                        (1 = 33.3%) {66.7%}
107 ... 

Histogram: Power.BatteryDischargeRateRelative5.Periodic recorded 3 samples, mean = 33.0 (flags = 0x1)
0   --O                                                                       (2 = 66.7%)
1   ... 
95  -O                                                                        (1 = 33.3%) {66.7%}
107 ... 

Histogram: Power.BatteryDischargeRateRelative5.Periodic.BatterySaverDisabled recorded 3 samples, mean = 33.0 (flags = 0x1)
0   --O                                                                       (2 = 66.7%)
1   ... 
95  -O                                                                        (1 = 33.3%) {66.7%}
107 ... 

Histogram: Power.BatteryDischargeRateRelative5.ZeroWindow recorded 3 samples, mean = 33.0 (flags = 0x1)
0   --O                                                                       (2 = 66.7%)
1   ... 
95  -O                                                                        (1 = 33.3%) {66.7%}
107 ... 

Histogram: Power.BatteryDischargeRateRelative5.ZeroWindow.BatterySaverDisabled recorded 3 samples, mean = 33.0 (flags = 0x1)
0   --O                                                                       (2 = 66.7%)
1   ... 
95  -O                                                                        (1 = 33.3%) {66.7%}
107 ... 

Histogram: Power.BatteryDischargeRateRelative5.ZeroWindow.Periodic recorded 3 samples, mean = 33.0 (flags = 0x1)
0   --O                                                                       (2 = 66.7%)
1   ... 
95  -O                                                                        (1 = 33.3%) {66.7%}
107 ... 

Histogram: Power.BatteryDischargeRateRelative5.ZeroWindow.Periodic.BatterySaverDisabled recorded 3 samples, mean = 33.0 (flags = 0x1)
0   --O                                                                       (2 = 66.7%)
1   ... 
95  -O                                                                        (1 = 33.3%) {66.7%}
107 ... 

Histogram: Power.BatteryPercentDrop recorded 1 samples, mean = 1.0 (flags = 0x1)
0  O                                                                         (0 = 0.0%)
1  -O                                                                        (1 = 100.0%) {0.0%}
2  ... 

Histogram: Power.DarkMode.DarkColorScheme.InferredDarkPageColorScheme recorded 1 samples, mean = 1.0 (flags = 0x1)
0  O                                                                         (0 = 0.0%)
1  -O                                                                        (1 = 100.0%) {0.0%}
2  O                                                                         (0 = 0.0%) {100.0%}

Histogram: Power.DarkMode.InferredDarkPageColorScheme recorded 1 samples, mean = 1.0 (flags = 0x1)
0  O                                                                         (0 = 0.0%)
1  -O                                                                        (1 = 100.0%) {0.0%}
2  O                                                                         (0 = 0.0%) {100.0%}

Histogram: Power.HasPreciseBatteryDischargeGranularity recorded 4 samples, mean = 1.0 (flags = 0x1)
0  O                                                                         (0 = 0.0%)
1  ----O                                                                     (4 = 100.0%) {0.0%}
2  O                                                                         (0 = 0.0%) {100.0%}

Histogram: Prefs.JSonStore.SetValueKey recorded 12 samples (flags = 0x1)
372921139   --O                                                                       (2 = 16.7%)
852125461   --O                                                                       (2 = 16.7%)
1697794008  -O                                                                        (1 = 8.3%)
1923415074  --O                                                                       (2 = 16.7%)
1927273959  -O                                                                        (1 = 8.3%)
1936820420  --O                                                                       (2 = 16.7%)
1956100443  -O                                                                        (1 = 8.3%)
2082524502  -O                                                                        (1 = 8.3%)

Histogram: Privacy.CookieControlsSetting.RegularProfile recorded 1 samples, mean = 2.0 (flags = 0x1)
0  ... 
2  -O                                                                        (1 = 100.0%) {0.0%}
3  O                                                                         (0 = 0.0%) {100.0%}

Histogram: Privacy.DIPS.BounceCategoryServer.Block3PC recorded 1 samples, mean = 0.0 (flags = 0x1)
0  -O                                                                        (1 = 100.0%)
1  ... 

Histogram: Privacy.DIPS.DIPSErrorCodes recorded 3 samples, mean = 2.0 (flags = 0x1)
0  --O                                                                       (2 = 66.7%)
1  ... 
6  -O                                                                        (1 = 33.3%) {66.7%}
7  ... 

Histogram: Privacy.DIPS.Database.Operation.FilterSitesWithProtectiveEventTime recorded 1 samples, mean = 0.0 (flags = 0x1)
0  -O                                                                        (1 = 100.0%)
1  ... 

Histogram: Privacy.DIPS.Database.Operation.InitTime recorded 1 samples, mean = 5.0 (flags = 0x1)
0  ... 
5  -O                                                                        (1 = 100.0%) {0.0%}
6  ... 

Histogram: Privacy.DIPS.Database.Operation.ReadTime recorded 3 samples, mean = 0.0 (flags = 0x1)
0  ---O                                                                      (3 = 100.0%)
1  ... 

Histogram: Privacy.DIPS.Database.Operation.RemoveRowsTime recorded 1 samples, mean = 3.0 (flags = 0x1)
0  ... 
3  -O                                                                        (1 = 100.0%) {0.0%}
4  ... 

Histogram: Privacy.DIPS.Database.Operation.WriteTime recorded 1 samples, mean = 120.0 (flags = 0x1)
0    ... 
114  -O                                                                        (1 = 100.0%) {0.0%}
135  ... 

Histogram: Privacy.DIPS.DatabaseEntryCount recorded 1 samples, mean = 2.0 (flags = 0x1)
0  ... 
2  -O                                                                        (1 = 100.0%) {0.0%}
3  ... 

Histogram: Privacy.DIPS.DatabaseHealthMetricsTime recorded 1 samples, mean = 1.0 (flags = 0x1)
0  O                                                                         (0 = 0.0%)
1  -O                                                                        (1 = 100.0%) {0.0%}
2  ... 

Histogram: Privacy.DIPS.DatabaseInit recorded 1 samples, mean = 1.0 (flags = 0x1)
0  O                                                                         (0 = 0.0%)
1  -O                                                                        (1 = 100.0%) {0.0%}
2  ... 

Histogram: Privacy.DIPS.DatabaseSize recorded 1 samples, mean = 36.0 (flags = 0x1)
0  -O                                                                        (1 = 100.0%)
1000... 

Histogram: Privacy.DoNotTrackSetting2 recorded 1 samples, mean = 0.0 (flags = 0x1)
0  -O                                                                        (1 = 100.0%)
1  ... 

Histogram: Privacy.ThirdPartyCookieBlockingSetting.RegularProfile recorded 1 samples, mean = 0.0 (flags = 0x1)
0  -O                                                                        (1 = 100.0%)
1  ... 

Histogram: PrivacyBudget.Identifiability.FinchConfigValidationResult recorded 1 samples, mean = 1.0 (flags = 0x1)
0  O                                                                         (0 = 0.0%)
1  -O                                                                        (1 = 100.0%) {0.0%}
2  O                                                                         (0 = 0.0%) {100.0%}

Histogram: PrivacySandbox.Attestations.EstimateMemoryUsage.AttestationsMap recorded 1 samples, mean = 24.0 (flags = 0x1)
0   ... 
24  -O                                                                        (1 = 100.0%) {0.0%}
29  ... 

Histogram: PrivacySandbox.Attestations.InitializationDuration.ComponentReadyFromApplicationStart recorded 1 samples, mean = 7111.0 (flags = 0x1)
0     ... 
6533  -O                                                                        (1 = 100.0%) {0.0%}
7541  ... 

Histogram: PrivacySandbox.Attestations.InitializationDuration.Parsing recorded 1 samples, mean = 0.0 (flags = 0x1)
0  -O                                                                        (1 = 100.0%)
1  ... 

Histogram: PrivacySandbox.Attestations.Parsing.Status recorded 1 samples, mean = 0.0 (flags = 0x1)
0  -O                                                                        (1 = 100.0%)
1  ... 

Histogram: PrivacySandbox.NoticeRequirement.IsVariationCountryEmpty recorded 3 samples, mean = 1.0 (flags = 0x1)
0  O                                                                         (0 = 0.0%)
1  ---O                                                                      (3 = 100.0%) {0.0%}
2  O                                                                         (0 = 0.0%) {100.0%}

Histogram: PrivacySandbox.NoticeRequirement.IsVariationServiceReady recorded 3 samples, mean = 1.0 (flags = 0x1)
0  O                                                                         (0 = 0.0%)
1  ---O                                                                      (3 = 100.0%) {0.0%}
2  O                                                                         (0 = 0.0%) {100.0%}

Histogram: PrivacySandbox.TrackingProtection.OnboardingStartup.State recorded 1 samples, mean = 0.0 (flags = 0x1)
0  -O                                                                        (1 = 100.0%)
1  ... 

Histogram: PrivacySandbox.TrackingProtection.SilentOnboardingStartup.State recorded 1 samples, mean = 0.0 (flags = 0x1)
0  -O                                                                        (1 = 100.0%)
1  ... 

Histogram: Profile.AppCount recorded 1 samples, mean = 0.0 (flags = 0x1)
0  -O                                                                        (1 = 100.0%)
1  ... 

Histogram: Profile.BookmarksSize recorded 1 samples, mean = 0.0 (flags = 0x1)
0  -O                                                                        (1 = 100.0%)
1  ... 

Histogram: Profile.CookiesSize recorded 1 samples, mean = 0.0 (flags = 0x1)
0  -O                                                                        (1 = 100.0%)
1  ... 

Histogram: Profile.Destroyer.OffTheRecord recorded 1 samples, mean = 1.0 (flags = 0x1)
0  O                                                                         (0 = 0.0%)
1  -O                                                                        (1 = 100.0%) {0.0%}
2  ... 

Histogram: Profile.DidDestroyProfileBeforeShutdown recorded 1 samples, mean = 0.0 (flags = 0x1)
0  -O                                                                        (1 = 100.0%)
1  ... 

Histogram: Profile.ExtensionSize recorded 1 samples, mean = 0.0 (flags = 0x1)
0  -O                                                                        (1 = 100.0%)
1  ... 

Histogram: Profile.FaviconsSize recorded 1 samples, mean = 0.0 (flags = 0x1)
0  -O                                                                        (1 = 100.0%)
1  ... 

Histogram: Profile.HistorySize recorded 1 samples, mean = 0.0 (flags = 0x1)
0  -O                                                                        (1 = 100.0%)
1  ... 

Histogram: Profile.KeepAliveLeakAtShutdown recorded 2 samples, mean = 3.5 (flags = 0x1)
0  -O                                                                        (1 = 50.0%)
1  ... 
7  -O                                                                        (1 = 50.0%) {50.0%}
8  ... 

Histogram: Profile.TopSitesSize recorded 1 samples, mean = 0.0 (flags = 0x1)
0  -O                                                                        (1 = 100.0%)
1  ... 

Histogram: Profile.TotalHistorySize recorded 1 samples, mean = 0.0 (flags = 0x1)
0  -O                                                                        (1 = 100.0%)
1  ... 

Histogram: Profile.TotalSize recorded 1 samples, mean = 1.0 (flags = 0x1)
0  O                                                                         (0 = 0.0%)
1  -O                                                                        (1 = 100.0%) {0.0%}
2  ... 

Histogram: Profile.TotalSizeRecursive recorded 1 samples, mean = 35.0 (flags = 0x1)
0   ... 
34  -O                                                                        (1 = 100.0%) {0.0%}
40  ... 

Histogram: Profile.TriggeredReset recorded 1 samples, mean = 0.0 (flags = 0x1)
0  -O                                                                        (1 = 100.0%)
1  ... 

Histogram: Profile.VisitedLinksSize recorded 1 samples, mean = 0.0 (flags = 0x1)
0  -O                                                                        (1 = 100.0%)
1  ... 

Histogram: Profile.WebDataSize recorded 1 samples, mean = 0.0 (flags = 0x1)
0  -O                                                                        (1 = 100.0%)
1  ... 

Histogram: ProfilePicker.StartupMode.CreateInitialProfile recorded 1 samples, mean = 0.0 (flags = 0x1)
0  -O                                                                        (1 = 100.0%)
1  ... 

Histogram: ProfilePicker.StartupMode.GetStartupProfile recorded 1 samples, mean = 0.0 (flags = 0x1)
0  -O                                                                        (1 = 100.0%)
1  ... 

Histogram: ProfilePicker.StartupReason.GetStartupProfile recorded 1 samples, mean = 27.0 (flags = 0x1)
0   ... 
27  -O                                                                        (1 = 100.0%) {0.0%}
28  ... 

Histogram: ProtoDB.DestroySuccess.DownloadDB recorded 3 samples, mean = 1.0 (flags = 0x1)
0  O                                                                         (0 = 0.0%)
1  ---O                                                                      (3 = 100.0%) {0.0%}
2  O                                                                         (0 = 0.0%) {100.0%}

Histogram: ProtoDB.DestroySuccess.DownloadService recorded 1 samples, mean = 1.0 (flags = 0x1)
0  O                                                                         (0 = 0.0%)
1  -O                                                                        (1 = 100.0%) {0.0%}
2  O                                                                         (0 = 0.0%) {100.0%}

Histogram: ProtoDB.DestroySuccess.PreviewsHintCacheStore recorded 1 samples, mean = 1.0 (flags = 0x1)
0  O                                                                         (0 = 0.0%)
1  -O                                                                        (1 = 100.0%) {0.0%}
2  O                                                                         (0 = 0.0%) {100.0%}

Histogram: ProtoDB.InitStatus.BudgetManager recorded 1 samples, mean = 4.0 (flags = 0x1)
0  ... 
4  -O                                                                        (1 = 100.0%) {0.0%}
5  ... 

Histogram: ProtoDB.InitStatus.CartDatabase recorded 1 samples, mean = 4.0 (flags = 0x1)
0  ... 
4  -O                                                                        (1 = 100.0%) {0.0%}
5  ... 

Histogram: ProtoDB.InitStatus.ClientCertificatesDatabase recorded 1 samples, mean = 4.0 (flags = 0x1)
0  ... 
4  -O                                                                        (1 = 100.0%) {0.0%}
5  ... 

Histogram: ProtoDB.InitStatus.CommerceParcelTrackingDatabase recorded 1 samples, mean = 4.0 (flags = 0x1)
0  ... 
4  -O                                                                        (1 = 100.0%) {0.0%}
5  ... 

Histogram: ProtoDB.InitStatus.CommerceSubscriptionDatabase recorded 1 samples, mean = 4.0 (flags = 0x1)
0  ... 
4  -O                                                                        (1 = 100.0%) {0.0%}
5  ... 

Histogram: ProtoDB.InitStatus.CouponDatabase recorded 1 samples, mean = 4.0 (flags = 0x1)
0  ... 
4  -O                                                                        (1 = 100.0%) {0.0%}
5  ... 

Histogram: ProtoDB.InitStatus.DiscountsDatabase recorded 1 samples, mean = 4.0 (flags = 0x1)
0  ... 
4  -O                                                                        (1 = 100.0%) {0.0%}
5  ... 

Histogram: ProtoDB.InitStatus.DownloadDB recorded 3 samples, mean = 4.0 (flags = 0x1)
0  ... 
4  ---O                                                                      (3 = 100.0%) {0.0%}
5  ... 

Histogram: ProtoDB.InitStatus.DownloadService recorded 2 samples, mean = 4.0 (flags = 0x1)
0  ... 
4  --O                                                                       (2 = 100.0%) {0.0%}
5  ... 

Histogram: ProtoDB.InitStatus.FeatureEngagementTrackerAvailabilityStore recorded 1 samples, mean = 4.0 (flags = 0x1)
0  ... 
4  -O                                                                        (1 = 100.0%) {0.0%}
5  ... 

Histogram: ProtoDB.InitStatus.FeatureEngagementTrackerEventStore recorded 1 samples, mean = 4.0 (flags = 0x1)
0  ... 
4  -O                                                                        (1 = 100.0%) {0.0%}
5  ... 

Histogram: ProtoDB.InitStatus.GCMKeyStore recorded 1 samples, mean = 5.0 (flags = 0x1)
0  ... 
5  -O                                                                        (1 = 100.0%) {0.0%}
6  O                                                                         (0 = 0.0%) {100.0%}

Histogram: ProtoDB.InitStatus.Metadata recorded 4 samples, mean = 5.0 (flags = 0x1)
0  ... 
5  ----O                                                                     (4 = 100.0%) {0.0%}
6  O                                                                         (0 = 0.0%) {100.0%}

Histogram: ProtoDB.InitStatus.PersistentOriginTrials recorded 1 samples, mean = 4.0 (flags = 0x1)
0  ... 
4  -O                                                                        (1 = 100.0%) {0.0%}
5  ... 

Histogram: ProtoDB.InitStatus.PreviewsHintCacheStore recorded 1 samples, mean = 4.0 (flags = 0x1)
0  ... 
4  -O                                                                        (1 = 100.0%) {0.0%}
5  ... 

Histogram: ProtoDB.InitStatus.SegmentInfoDatabase recorded 1 samples, mean = 4.0 (flags = 0x1)
0  ... 
4  -O                                                                        (1 = 100.0%) {0.0%}
5  ... 

Histogram: ProtoDB.InitStatus.SignalDatabase recorded 1 samples, mean = 4.0 (flags = 0x1)
0  ... 
4  -O                                                                        (1 = 100.0%) {0.0%}
5  ... 

Histogram: ProtoDB.InitStatus.SignalStorageConfigDatabase recorded 1 samples, mean = 4.0 (flags = 0x1)
0  ... 
4  -O                                                                        (1 = 100.0%) {0.0%}
5  ... 

Histogram: ProtoDB.InitStatus.StrikeService recorded 4 samples, mean = 4.0 (flags = 0x1)
0  ... 
4  ----O                                                                     (4 = 100.0%) {0.0%}
5  ... 

Histogram: ProtoDB.SharedDbInitStatus recorded 79 samples, mean = 9.5 (flags = 0x1)
0   ----------------------------O                                             (28 = 35.4%)
1   ... 
3   -----------------------O                                                  (23 = 29.1%) {35.4%}
4   ... 
24  -----------------------O                                                  (23 = 29.1%) {64.6%}
25  O                                                                         (0 = 0.0%) {93.7%}
26  -----O                                                                    (5 = 6.3%) {93.7%}
27  ... 

Histogram: Quota.AvailableDiskSpace recorded 1 samples, mean = 316917.0 (flags = 0x1)
0       ... 
303278  -O                                                                        (1 = 100.0%) {0.0%}
353788  ... 

Histogram: Quota.GlobalTemporaryPoolSize recorded 1 samples, mean = 375038.0 (flags = 0x1)
0       ... 
353788  -O                                                                        (1 = 100.0%) {0.0%}
412711  ... 

Histogram: Quota.PercentDiskAvailable recorded 1 samples, mean = 67.0 (flags = 0x1)
0   ... 
67  -O                                                                        (1 = 100.0%) {0.0%}
68  ... 

Histogram: Quota.TotalDiskSpace recorded 1 samples, mean = 468797.0 (flags = 0x1)
0       ... 
412711  -O                                                                        (1 = 100.0%) {0.0%}
481447  ... 

Histogram: Quota.TotalDiskSpaceIsZero recorded 1 samples, mean = 0.0 (flags = 0x1)
0  -O                                                                        (1 = 100.0%)
1  ... 

Histogram: Renderer.BrowserLaunchToRunLoopStart recorded 1 samples, mean = 95.0 (flags = 0x1)
0   ... 
81  -O                                                                        (1 = 100.0%) {0.0%}
96  ... 

Histogram: Renderer.Core.Timing.Performance.SwapsPerPerformanceEntryInsertion recorded 77 samples, mean = 1.1 (flags = 0x1)
0   ------------------------------------------------O                         (48 = 62.3%)
1   -----------------O                                                        (17 = 22.1%) {62.3%}
2   ---O                                                                      (3 = 3.9%) {84.4%}
3   ----O                                                                     (4 = 5.2%) {88.3%}
4   ... 
6   -O                                                                        (1 = 1.3%) {93.5%}
7   O                                                                         (0 = 0.0%) {94.8%}
8   -O                                                                        (1 = 1.3%) {94.8%}
9   -O                                                                        (1 = 1.3%) {96.1%}
10  O                                                                         (0 = 0.0%) {97.4%}
11  -O                                                                        (1 = 1.3%) {97.4%}
12  -O                                                                        (1 = 1.3%) {98.7%}
14  ... 

Histogram: Renderer.CriticalFonts.BlockingResourcesLoadTime recorded 1 samples, mean = 9404.0 (flags = 0x1)
0     ... 
8416  -O                                                                        (1 = 100.0%) {0.0%}
10000 O                                                                         (0 = 0.0%) {100.0%}

Histogram: Renderer.CriticalFonts.CriticalFontDelay recorded 1 samples, mean = 0.0 (flags = 0x1)
0  -O                                                                        (1 = 100.0%)
1  ... 

Histogram: Renderer.CriticalFonts.PreloadedFontsLoadTime recorded 1 samples, mean = 9287.0 (flags = 0x1)
0     ... 
8416  -O                                                                        (1 = 100.0%) {0.0%}
10000 O                                                                         (0 = 0.0%) {100.0%}

Histogram: Renderer.Font.PrimaryFont.DomContentLoaded recorded 1 samples, mean = 0.0 (flags = 0x1)
0  -O                                                                        (1 = 100.0%)
1  ... 

Histogram: Renderer.Font.PrimaryFont.DomContentLoaded.Style recorded 1 samples, mean = 0.0 (flags = 0x1)
0  -O                                                                        (1 = 100.0%)
1  ... 

Histogram: Renderer.Font.PrimaryFont.FCP recorded 1 samples, mean = 15.0 (flags = 0x1)
0   ... 
14  -O                                                                        (1 = 100.0%) {0.0%}
17  ... 

Histogram: Renderer.Font.PrimaryFont.FCP.Style recorded 1 samples, mean = 0.0 (flags = 0x1)
0  -O                                                                        (1 = 100.0%)
1  ... 

Histogram: Renderer.Font.SystemFallback.DomContentLoaded recorded 1 samples, mean = 0.0 (flags = 0x1)
0  -O                                                                        (1 = 100.0%)
1  ... 

Histogram: Renderer.Font.SystemFallback.FCP recorded 1 samples, mean = 0.0 (flags = 0x1)
0  -O                                                                        (1 = 100.0%)
1  ... 

Histogram: Renderer.Images.HasOverfetchedCappedPixels recorded 6 samples, mean = 0.7 (flags = 0x1)
0  --O                                                                       (2 = 33.3%)
1  ----O                                                                     (4 = 66.7%) {33.3%}
2  O                                                                         (0 = 0.0%) {100.0%}

Histogram: Renderer.Images.HasOverfetchedPixels recorded 6 samples, mean = 0.7 (flags = 0x1)
0  --O                                                                       (2 = 33.3%)
1  ----O                                                                     (4 = 66.7%) {33.3%}
2  O                                                                         (0 = 0.0%) {100.0%}

Histogram: Renderer.Images.OverfetchedCappedPixels recorded 4 samples, mean = 187920.0 (flags = 0x1)
0       ... 
141691  ----O                                                                     (4 = 100.0%) {0.0%}
196583  ... 

Histogram: Renderer.Images.OverfetchedPixels recorded 4 samples, mean = 187920.0 (flags = 0x1)
0       ... 
141691  ----O                                                                     (4 = 100.0%) {0.0%}
196583  ... 

Histogram: Renderer.Layout.TextWrapBalance recorded 3 samples, mean = 0.0 (flags = 0x1)
0  ---O                                                                      (3 = 100.0%)
1  ... 

Histogram: Renderer.ProcessLifetime3 recorded 3 samples, mean = 161342.7 (flags = 0x1)
0       ... 
2530    -O                                                                        (1 = 33.3%) {0.0%}
2841    ... 
233119  --O                                                                       (2 = 66.7%) {33.3%}
261788  ... 

Histogram: Renderer.ProcessLifetime3.Empty recorded 1 samples, mean = 239522.0 (flags = 0x1)
0       ... 
233119  -O                                                                        (1 = 100.0%) {0.0%}
261788  ... 

Histogram: Renderer.ProcessLifetime3.MainFrame recorded 1 samples, mean = 241973.0 (flags = 0x1)
0       ... 
233119  -O                                                                        (1 = 100.0%) {0.0%}
261788  ... 

Histogram: Renderer.ProcessLifetime3.Speculative recorded 1 samples, mean = 2533.0 (flags = 0x1)
0     ... 
2530  -O                                                                        (1 = 100.0%) {0.0%}
2841  ... 

Histogram: Renderer.ReduceSubresourceResponseIPC.DidNotifyBrowser recorded 56 samples, mean = 1.0 (flags = 0x1)
0  O                                                                         (0 = 0.0%)
1  --------------------------------------------------------O                 (56 = 100.0%) {0.0%}
2  O                                                                         (0 = 0.0%) {100.0%}

Histogram: Renderer.RenderThreadImpl.Init recorded 1 samples, mean = 28.0 (flags = 0x1)
0   ... 
24  -O                                                                        (1 = 100.0%) {0.0%}
29  ... 

Histogram: Renderer4.GpuImageDecodeState recorded 6 samples, mean = 0.3 (flags = 0x1)
0  ----O                                                                     (4 = 66.7%)
1  --O                                                                       (2 = 33.3%) {66.7%}
2  ... 

Histogram: Renderer4.GpuImageDecodeState.CachePeakUsagePercent recorded 4 samples, mean = 1.8 (flags = 0x1)
0  O                                                                         (0 = 0.0%)
1  -O                                                                        (1 = 25.0%) {0.0%}
2  ---O                                                                      (3 = 75.0%) {25.0%}
3  ... 

Histogram: Renderer4.GpuImageDecodeState.FirstLockWasted recorded 6 samples, mean = 0.7 (flags = 0x1)
0  --O                                                                       (2 = 33.3%)
1  ----O                                                                     (4 = 66.7%) {33.3%}
2  O                                                                         (0 = 0.0%) {100.0%}

Histogram: Renderer4.GpuImageDecodeState.FirstLockWasted.OutOfRaster recorded 5 samples, mean = 0.8 (flags = 0x1)
0  -O                                                                        (1 = 20.0%)
1  ----O                                                                     (4 = 80.0%) {20.0%}
2  O                                                                         (0 = 0.0%) {100.0%}

Histogram: Renderer4.GpuImageUploadState recorded 2 samples, mean = 1.0 (flags = 0x1)
0  O                                                                         (0 = 0.0%)
1  --O                                                                       (2 = 100.0%) {0.0%}
2  ... 

Histogram: Renderer4.GpuImageUploadState.FirstLockWasted recorded 2 samples, mean = 0.0 (flags = 0x1)
0  --O                                                                       (2 = 100.0%)
1  ... 

Histogram: Renderer4.GpuRasterizationEnabled recorded 1 samples, mean = 1.0 (flags = 0x1)
0  O                                                                         (0 = 0.0%)
1  -O                                                                        (1 = 100.0%) {0.0%}
2  O                                                                         (0 = 0.0%) {100.0%}

Histogram: Renderer4.ImageDecodeTaskDurationUs.Gpu recorded 2 samples, mean = 50566.0 (flags = 0x1)
0      ... 
12196  -O                                                                        (1 = 50.0%) {0.0%}
16063  ... 
83848  -O                                                                        (1 = 50.0%) {50.0%}
110434 ... 

Histogram: Renderer4.ImageDecodeTaskDurationUs.OutOfRaster.Gpu recorded 6 samples, mean = 15865.3 (flags = 0x1)
0      ... 
3077   -O                                                                        (1 = 16.7%) {0.0%}
4053   --O                                                                       (2 = 33.3%) {16.7%}
5338   ... 
9260   -O                                                                        (1 = 16.7%) {50.0%}
12196  -O                                                                        (1 = 16.7%) {66.7%}
16063  ... 
48336  -O                                                                        (1 = 16.7%) {83.3%}
63662  ... 

Histogram: Renderer4.ImageDecodeTaskDurationUs.WebP.Gpu recorded 8 samples, mean = 24540.5 (flags = 0x1)
0      ... 
3077   -O                                                                        (1 = 12.5%) {0.0%}
4053   --O                                                                       (2 = 25.0%) {12.5%}
5338   ... 
9260   -O                                                                        (1 = 12.5%) {37.5%}
12196  --O                                                                       (2 = 25.0%) {50.0%}
16063  ... 
48336  -O                                                                        (1 = 12.5%) {75.0%}
63662  O                                                                         (0 = 0.0%) {87.5%}
83848  -O                                                                        (1 = 12.5%) {87.5%}
110434 ... 

Histogram: Renderer4.Renderer.RasterTaskTotalDuration.Oop recorded 1 samples, mean = 1659.0 (flags = 0x1)
0     ... 
1532  -O                                                                        (1 = 100.0%) {0.0%}
1701  ... 

Histogram: RendererScheduler.RendererMainThreadLoad5 recorded 496 samples, mean = 0.6 (flags = 0x1)
0   ------------------------------------------------------------------------O (482 = 97.2%)
1   -O                                                                        (4 = 0.8%) {97.2%}
2   O                                                                         (2 = 0.4%) {98.0%}
3   ... 
5   O                                                                         (1 = 0.2%) {98.4%}
6   O                                                                         (1 = 0.2%) {98.6%}
7   ... 
13  O                                                                         (1 = 0.2%) {98.8%}
14  ... 
26  O                                                                         (1 = 0.2%) {99.0%}
27  O                                                                         (0 = 0.0%) {99.2%}
28  O                                                                         (1 = 0.2%) {99.2%}
29  ... 
34  O                                                                         (1 = 0.2%) {99.4%}
35  ... 
76  O                                                                         (1 = 0.2%) {99.6%}
77  ... 
97  O                                                                         (1 = 0.2%) {99.8%}
98  ... 

Histogram: RendererScheduler.RendererMainThreadLoad5.Background recorded 477 samples, mean = 0.1 (flags = 0x1)
0   ------------------------------------------------------------------------O (468 = 98.1%)
1   O                                                                         (3 = 0.6%) {98.1%}
2   O                                                                         (2 = 0.4%) {98.7%}
3   ... 
5   O                                                                         (1 = 0.2%) {99.2%}
6   O                                                                         (1 = 0.2%) {99.4%}
7   O                                                                         (1 = 0.2%) {99.6%}
8   ... 
13  O                                                                         (1 = 0.2%) {99.8%}
14  ... 

Histogram: RendererScheduler.RendererMainThreadLoad5.Background.AfterFirstMinute recorded 357 samples, mean = 0.0 (flags = 0x1)
0  ------------------------------------------------------------------------O (355 = 99.4%)
1  O                                                                         (1 = 0.3%) {99.4%}
2  ... 
6  O                                                                         (1 = 0.3%) {99.7%}
7  ... 

Histogram: RendererScheduler.RendererMainThreadLoad5.Foreground recorded 17 samples, mean = 13.7 (flags = 0x1)
0   ------------O                                                             (12 = 70.6%)
1   -O                                                                        (1 = 5.9%) {70.6%}
2   ... 
21  -O                                                                        (1 = 5.9%) {76.5%}
22  ... 
26  -O                                                                        (1 = 5.9%) {82.4%}
27  ... 
88  -O                                                                        (1 = 5.9%) {88.2%}
89  ... 
97  -O                                                                        (1 = 5.9%) {94.1%}
98  ... 

Histogram: ReportingAndNEL.NumberOfLoadedNELPolicies recorded 1 samples, mean = 0.0 (flags = 0x1)
0  -O                                                                        (1 = 100.0%)
1  ... 

Histogram: ReportingAndNEL.NumberOfLoadedNELPolicies2 recorded 1 samples, mean = 0.0 (flags = 0x1)
0  -O                                                                        (1 = 100.0%)
1  ... 

Histogram: ReportingAndNEL.TimeInitializeDB recorded 1 samples, mean = 1.0 (flags = 0x1)
0  O                                                                         (0 = 0.0%)
1  -O                                                                        (1 = 100.0%) {0.0%}
2  ... 

Histogram: ResourceScheduler.RequestQueuingDuration.Priority1 recorded 8 samples, mean = 0.0 (flags = 0x1)
0  --------O                                                                 (8 = 100.0%)
1  ... 

Histogram: ResourceScheduler.RequestQueuingDuration.Priority2 recorded 35 samples, mean = 0.0 (flags = 0x1)
0  -----------------------------------O                                      (35 = 100.0%)
1  ... 

Histogram: ResourceScheduler.RequestQueuingDuration.Priority3 recorded 1 samples, mean = 0.0 (flags = 0x1)
0  -O                                                                        (1 = 100.0%)
1  ... 

Histogram: ResourceScheduler.RequestQueuingDuration.Priority4 recorded 6 samples, mean = 0.0 (flags = 0x1)
0  ------O                                                                   (6 = 100.0%)
1  ... 

Histogram: ResourceScheduler.RequestQueuingDuration.Priority5 recorded 14 samples, mean = 0.0 (flags = 0x1)
0  --------------O                                                           (14 = 100.0%)
1  ... 

Histogram: SBClientPhishing.Classifier.Event recorded 2 samples, mean = 1.0 (flags = 0x1)
0  O                                                                         (0 = 0.0%)
1  --O                                                                       (2 = 100.0%) {0.0%}
2  ... 

Histogram: SBClientPhishing.HighConfidenceAllowlistCheckDuration recorded 1 samples, mean = 69.0 (flags = 0x1)
0   ... 
66  -O                                                                        (1 = 100.0%) {0.0%}
84  ... 

Histogram: SBClientPhishing.ImageEmbedder.Event recorded 2 samples, mean = 1.0 (flags = 0x1)
0  O                                                                         (0 = 0.0%)
1  --O                                                                       (2 = 100.0%) {0.0%}
2  ... 

Histogram: SBClientPhishing.LoadReportTimesFromPrefAtServiceCreationSuccessful recorded 1 samples, mean = 1.0 (flags = 0x1)
0  O                                                                         (0 = 0.0%)
1  -O                                                                        (1 = 100.0%) {0.0%}
2  O                                                                         (0 = 0.0%) {100.0%}

Histogram: SBClientPhishing.MatchHighConfidenceAllowlist recorded 1 samples, mean = 3.0 (flags = 0x1)
0  ... 
3  -O                                                                        (1 = 100.0%) {0.0%}
4  O                                                                         (0 = 0.0%) {100.0%}

Histogram: SBClientPhishing.MatchHighConfidenceAllowlist.TriggerModel recorded 1 samples, mean = 3.0 (flags = 0x1)
0  ... 
3  -O                                                                        (1 = 100.0%) {0.0%}
4  O                                                                         (0 = 0.0%) {100.0%}

Histogram: SBClientPhishing.PreClassificationCheckResult recorded 1 samples, mean = 3.0 (flags = 0x1)
0  ... 
3  -O                                                                        (1 = 100.0%) {0.0%}
4  ... 

Histogram: SSL.Experimental.SubresourceResponse recorded 56 samples, mean = 0.0 (flags = 0x1)
0  --------------------------------------------------------O                 (56 = 100.0%)
1  ... 

Histogram: SafeBrowsing.AsyncCheck.CommittedNavigationIdsSize recorded 5 samples, mean = 1.6 (flags = 0x1)
0  -O                                                                        (1 = 20.0%)
1  -O                                                                        (1 = 20.0%) {20.0%}
2  --O                                                                       (2 = 40.0%) {40.0%}
3  -O                                                                        (1 = 20.0%) {80.0%}
4  ... 

Histogram: SafeBrowsing.BrowserThrottle.CheckerOnIOLifetime recorded 1 samples, mean = 5451.0 (flags = 0x1)
0     ... 
4955  -O                                                                        (1 = 100.0%) {0.0%}
6296  ... 

Histogram: SafeBrowsing.BrowserThrottle.IntervalBetweenStartAndProcess recorded 1 samples, mean = 5451.0 (flags = 0x1)
0     ... 
5017  -O                                                                        (1 = 100.0%) {0.0%}
5961  ... 

Histogram: SafeBrowsing.BrowserThrottle.IntervalBetweenStartAndProcess.FromNetwork recorded 1 samples, mean = 5451.0 (flags = 0x1)
0     ... 
5017  -O                                                                        (1 = 100.0%) {0.0%}
5961  ... 

Histogram: SafeBrowsing.BrowserThrottle.IsCheckCompletedOnProcessResponse recorded 1 samples, mean = 1.0 (flags = 0x1)
0  O                                                                         (0 = 0.0%)
1  -O                                                                        (1 = 100.0%) {0.0%}
2  O                                                                         (0 = 0.0%) {100.0%}

Histogram: SafeBrowsing.BrowserThrottle.RequestDestination recorded 1 samples, mean = 3.0 (flags = 0x1)
0  ... 
3  -O                                                                        (1 = 100.0%) {0.0%}
4  ... 

Histogram: SafeBrowsing.BrowserThrottle.RequestDestination.Checked recorded 1 samples, mean = 3.0 (flags = 0x1)
0  ... 
3  -O                                                                        (1 = 100.0%) {0.0%}
4  ... 

Histogram: SafeBrowsing.BrowserThrottle.TotalDelay2.FromNetwork recorded 1 samples, mean = 0.0 (flags = 0x1)
0  -O                                                                        (1 = 100.0%)
1  ... 

Histogram: SafeBrowsing.BrowserThrottle.TotalDelay2.HashPrefixDatabaseCheck recorded 2 samples, mean = 0.0 (flags = 0x1)
0  --O                                                                       (2 = 100.0%)
1  ... 

Histogram: SafeBrowsing.BrowserThrottle.WillProcessResponseCount recorded 1 samples, mean = 1.0 (flags = 0x1)
0  O                                                                         (0 = 0.0%)
1  -O                                                                        (1 = 100.0%) {0.0%}
2  ... 

Histogram: SafeBrowsing.CheckBrowseUrl.HasLocalMatch recorded 2 samples, mean = 1.0 (flags = 0x1)
0  O                                                                         (0 = 0.0%)
1  --O                                                                       (2 = 100.0%) {0.0%}
2  O                                                                         (0 = 0.0%) {100.0%}

Histogram: SafeBrowsing.CheckUrl.Action recorded 2 samples, mean = 0.0 (flags = 0x1)
0  --O                                                                       (2 = 100.0%)
1  ... 

Histogram: SafeBrowsing.CheckUrl.FirstRequestThreatType2 recorded 1 samples, mean = 1.0 (flags = 0x1)
0  O                                                                         (0 = 0.0%)
1  -O                                                                        (1 = 100.0%) {0.0%}
2  ... 

Histogram: SafeBrowsing.CheckUrl.FirstRequestThreatType2.LocalPVer4 recorded 1 samples, mean = 1.0 (flags = 0x1)
0  O                                                                         (0 = 0.0%)
1  -O                                                                        (1 = 100.0%) {0.0%}
2  ... 

Histogram: SafeBrowsing.CheckUrl.FirstRequestTimedOut recorded 1 samples, mean = 0.0 (flags = 0x1)
0  -O                                                                        (1 = 100.0%)
1  ... 

Histogram: SafeBrowsing.CheckUrl.FirstRequestTimedOut.LocalPVer4 recorded 1 samples, mean = 0.0 (flags = 0x1)
0  -O                                                                        (1 = 100.0%)
1  ... 

Histogram: SafeBrowsing.CheckUrl.IsDocumentCheckPrefetch recorded 2 samples, mean = 0.0 (flags = 0x1)
0  --O                                                                       (2 = 100.0%)
1  ... 

Histogram: SafeBrowsing.CheckUrl.TimeTaken.HashDatabase recorded 2 samples, mean = 2056.5 (flags = 0x1)
0     ... 
135   -O                                                                        (1 = 50.0%) {0.0%}
160   ... 
3553  -O                                                                        (1 = 50.0%) {50.0%}
4222  ... 

Histogram: SafeBrowsing.CheckUrl.Timeout recorded 2 samples, mean = 0.0 (flags = 0x1)
0  --O                                                                       (2 = 100.0%)
1  ... 

Histogram: SafeBrowsing.CheckUrl.UrlScheme recorded 2 samples, mean = 10.0 (flags = 0x1)
0   ... 
10  --O                                                                       (2 = 100.0%) {0.0%}
11  ... 

Histogram: SafeBrowsing.ClientSidePhishingDetection.AllowlistMatchResult recorded 1 samples, mean = 1.0 (flags = 0x1)
0  O                                                                         (0 = 0.0%)
1  -O                                                                        (1 = 100.0%) {0.0%}
2  ... 

Histogram: SafeBrowsing.FileTypeUpdate.DynamicUpdateResult recorded 1 samples (flags = 0x1)
1  -O                                                                        (1 = 100.0%)

Histogram: SafeBrowsing.FileTypeUpdate.DynamicUpdateVersion recorded 1 samples (flags = 0x1)
69  -O                                                                        (1 = 100.0%)

Histogram: SafeBrowsing.FileTypeUpdate.ResourceBundleResult recorded 1 samples (flags = 0x1)
1  -O                                                                        (1 = 100.0%)

Histogram: SafeBrowsing.FileTypeUpdate.ResourceBundleVersion recorded 1 samples (flags = 0x1)
66  -O                                                                        (1 = 100.0%)

Histogram: SafeBrowsing.HPRT.Cache.FullHashCount recorded 2 samples, mean = 0.0 (flags = 0x1)
0  --O                                                                       (2 = 100.0%)
1  ... 

Histogram: SafeBrowsing.HPRT.Cache.HashPrefixCount recorded 2 samples, mean = 0.0 (flags = 0x1)
0  --O                                                                       (2 = 100.0%)
1  ... 

Histogram: SafeBrowsing.HPRT.Ineligible.FeatureOff recorded 1 samples, mean = 0.0 (flags = 0x1)
0  -O                                                                        (1 = 100.0%)
1  ... 

Histogram: SafeBrowsing.HPRT.Ineligible.IneligibleForLocation recorded 1 samples, mean = 0.0 (flags = 0x1)
0  -O                                                                        (1 = 100.0%)
1  ... 

Histogram: SafeBrowsing.HPRT.Ineligible.IneligibleForSessionOrLocation recorded 1 samples, mean = 1.0 (flags = 0x1)
0  O                                                                         (0 = 0.0%)
1  -O                                                                        (1 = 100.0%) {0.0%}
2  O                                                                         (0 = 0.0%) {100.0%}

Histogram: SafeBrowsing.HPRT.Ineligible.NoGoogleChromeBranding recorded 1 samples, mean = 1.0 (flags = 0x1)
0  O                                                                         (0 = 0.0%)
1  -O                                                                        (1 = 100.0%) {0.0%}
2  O                                                                         (0 = 0.0%) {100.0%}

Histogram: SafeBrowsing.HPRT.Ineligible.NotAllowedByPolicy recorded 1 samples, mean = 0.0 (flags = 0x1)
0  -O                                                                        (1 = 100.0%)
1  ... 

Histogram: SafeBrowsing.HPRT.Ineligible.NotStandardProtection recorded 1 samples, mean = 0.0 (flags = 0x1)
0  -O                                                                        (1 = 100.0%)
1  ... 

Histogram: SafeBrowsing.HPRT.Ineligible.OffTheRecord recorded 1 samples, mean = 0.0 (flags = 0x1)
0  -O                                                                        (1 = 100.0%)
1  ... 

Histogram: SafeBrowsing.HasCookieAtStartup2 recorded 1 samples, mean = 0.0 (flags = 0x1)
0  -O                                                                        (1 = 100.0%)
1  ... 

Histogram: SafeBrowsing.PageLoadToken.TokenCount recorded 2 samples, mean = 0.0 (flags = 0x1)
0  --O                                                                       (2 = 100.0%)
1  ... 

Histogram: SafeBrowsing.Pref.Enhanced recorded 1 samples, mean = 0.0 (flags = 0x1)
0  -O                                                                        (1 = 100.0%)
1  ... 

Histogram: SafeBrowsing.Pref.Enhanced.RegularProfile recorded 1 samples, mean = 0.0 (flags = 0x1)
0  -O                                                                        (1 = 100.0%)
1  ... 

Histogram: SafeBrowsing.Pref.Extended recorded 1 samples, mean = 0.0 (flags = 0x1)
0  -O                                                                        (1 = 100.0%)
1  ... 

Histogram: SafeBrowsing.Pref.General recorded 1 samples, mean = 1.0 (flags = 0x1)
0  O                                                                         (0 = 0.0%)
1  -O                                                                        (1 = 100.0%) {0.0%}
2  O                                                                         (0 = 0.0%) {100.0%}

Histogram: SafeBrowsing.RT.CacheManager.CleanUpTime recorded 2 samples, mean = 0.0 (flags = 0x1)
0  --O                                                                       (2 = 100.0%)
1  ... 

Histogram: SafeBrowsing.RT.CanCheckDatabase recorded 2 samples, mean = 1.0 (flags = 0x1)
0  O                                                                         (0 = 0.0%)
1  --O                                                                       (2 = 100.0%) {0.0%}
2  O                                                                         (0 = 0.0%) {100.0%}

Histogram: SafeBrowsing.RT.ConsumerVersionReason recorded 2 samples, mean = 1.0 (flags = 0x1)
0  -O                                                                        (1 = 50.0%)
1  O                                                                         (0 = 0.0%) {50.0%}
2  -O                                                                        (1 = 50.0%) {50.0%}
3  ... 

Histogram: SafeBrowsing.RendererThrottle.IsCheckCompletedOnProcessResponse recorded 56 samples, mean = 1.0 (flags = 0x1)
0  O                                                                         (0 = 0.0%)
1  --------------------------------------------------------O                 (56 = 100.0%) {0.0%}
2  O                                                                         (0 = 0.0%) {100.0%}

Histogram: SafeBrowsing.RendererThrottle.RequestDestination recorded 56 samples, mean = 10.4 (flags = 0x1)
0   -------O                                                                  (7 = 12.5%)
1   ... 
5   -----O                                                                    (5 = 8.9%) {12.5%}
6   ... 
8   -------O                                                                  (7 = 12.5%) {21.4%}
9   -O                                                                        (1 = 1.8%) {33.9%}
10  ... 
13  ---------------------------O                                              (27 = 48.2%) {35.7%}
14  ... 
16  ---------O                                                                (9 = 16.1%) {83.9%}
17  ... 

Histogram: SafeBrowsing.V4Database.Size recorded 1 samples, mean = 0.0 (flags = 0x1)
0  -O                                                                        (1 = 100.0%)
1  ... 

Histogram: SafeBrowsing.V4Database.Size.ChromeExtMalware recorded 1 samples, mean = 0.0 (flags = 0x1)
0  -O                                                                        (1 = 100.0%)
1  ... 

Histogram: SafeBrowsing.V4Database.Size.UrlBilling recorded 1 samples, mean = 0.0 (flags = 0x1)
0  -O                                                                        (1 = 100.0%)
1  ... 

Histogram: SafeBrowsing.V4Database.Size.UrlCsdDownloadAllowlist recorded 1 samples, mean = 0.0 (flags = 0x1)
0  -O                                                                        (1 = 100.0%)
1  ... 

Histogram: SafeBrowsing.V4Database.Size.UrlMalBin recorded 1 samples, mean = 0.0 (flags = 0x1)
0  -O                                                                        (1 = 100.0%)
1  ... 

Histogram: SafeBrowsing.V4Database.Size.UrlMalware recorded 1 samples, mean = 0.0 (flags = 0x1)
0  -O                                                                        (1 = 100.0%)
1  ... 

Histogram: SafeBrowsing.V4Database.Size.UrlSoceng recorded 1 samples, mean = 0.0 (flags = 0x1)
0  -O                                                                        (1 = 100.0%)
1  ... 

Histogram: SafeBrowsing.V4Database.Size.UrlUws recorded 1 samples, mean = 0.0 (flags = 0x1)
0  -O                                                                        (1 = 100.0%)
1  ... 

Histogram: SafeBrowsing.V4Database.SizeLinear recorded 1 samples, mean = 0.0 (flags = 0x1)
0  -O                                                                        (1 = 100.0%)
1  ... 

Histogram: SafeBrowsing.V4Database.SizeLinear.ChromeExtMalware recorded 1 samples, mean = 0.0 (flags = 0x1)
0  -O                                                                        (1 = 100.0%)
1  ... 

Histogram: SafeBrowsing.V4Database.SizeLinear.UrlMalBin recorded 1 samples, mean = 0.0 (flags = 0x1)
0  -O                                                                        (1 = 100.0%)
1  ... 

Histogram: SafeBrowsing.V4Database.SizeLinear.UrlSoceng recorded 1 samples, mean = 0.0 (flags = 0x1)
0  -O                                                                        (1 = 100.0%)
1  ... 

Histogram: SafeBrowsing.V4DatabaseInitializationTime recorded 1 samples, mean = 6930.0 (flags = 0x1)
0     ... 
5961  -O                                                                        (1 = 100.0%) {0.0%}
7083  ... 

Histogram: SafeBrowsing.V4Store.IsStoreValid recorded 7 samples, mean = 0.0 (flags = 0x1)
0  -------O                                                                  (7 = 100.0%)
1  ... 

Histogram: SafeBrowsing.V4Store.IsStoreValid.ChromeExtMalware recorded 1 samples, mean = 0.0 (flags = 0x1)
0  -O                                                                        (1 = 100.0%)
1  ... 

Histogram: SafeBrowsing.V4Store.IsStoreValid.UrlBilling recorded 1 samples, mean = 0.0 (flags = 0x1)
0  -O                                                                        (1 = 100.0%)
1  ... 

Histogram: SafeBrowsing.V4Store.IsStoreValid.UrlCsdDownloadAllowlist recorded 1 samples, mean = 0.0 (flags = 0x1)
0  -O                                                                        (1 = 100.0%)
1  ... 

Histogram: SafeBrowsing.V4Store.IsStoreValid.UrlMalBin recorded 1 samples, mean = 0.0 (flags = 0x1)
0  -O                                                                        (1 = 100.0%)
1  ... 

Histogram: SafeBrowsing.V4Store.IsStoreValid.UrlMalware recorded 1 samples, mean = 0.0 (flags = 0x1)
0  -O                                                                        (1 = 100.0%)
1  ... 

Histogram: SafeBrowsing.V4Store.IsStoreValid.UrlSoceng recorded 1 samples, mean = 0.0 (flags = 0x1)
0  -O                                                                        (1 = 100.0%)
1  ... 

Histogram: SafeBrowsing.V4Store.IsStoreValid.UrlUws recorded 1 samples, mean = 0.0 (flags = 0x1)
0  -O                                                                        (1 = 100.0%)
1  ... 

Histogram: SafeBrowsing.V4Store.ReadyOnStartup recorded 7 samples, mean = 0.0 (flags = 0x1)
0  -------O                                                                  (7 = 100.0%)
1  ... 

Histogram: SafeBrowsing.V4StoreRead.Result recorded 7 samples, mean = 2.0 (flags = 0x1)
0  ... 
2  -------O                                                                  (7 = 100.0%) {0.0%}
3  ... 

Histogram: Scheduling.MessagePumpTimeKeeper.BrowserIO recorded 0 samples (flags = 0x1)
0 ... 

Histogram: Scheduling.MessagePumpTimeKeeper.BrowserUI recorded 0 samples (flags = 0x1)
0 ... 

Histogram: Scheduling.Renderer.DrawInterval2 recorded 1 samples, mean = 21208.0 (flags = 0x1)
0      ... 
20833  -O                                                                        (1 = 100.0%) {0.0%}
21739  ... 

Histogram: Scheduling.ThreadController.ActiveIntervalDuration.Any.BrowserUI recorded 9 samples, mean = 0.0 (flags = 0x1)
0  ---------O                                                                (9 = 100.0%)
1  ... 

Histogram: Scheduling.ThreadController.ActiveIntervalDuration.Any.Other recorded 40 samples, mean = 0.0 (flags = 0x1)
0  ----------------------------------------O                                 (40 = 100.0%)
1  ... 

Histogram: Scheduling.ThreadController.ActiveIntervalDuration.Short.BrowserUI recorded 9 samples, mean = 3.1 (flags = 0x1)
0   O                                                                         (0 = 0.0%)
1   -----O                                                                    (5 = 55.6%) {0.0%}
2   -O                                                                        (1 = 11.1%) {55.6%}
3   -O                                                                        (1 = 11.1%) {66.7%}
4   ... 
7   -O                                                                        (1 = 11.1%) {77.8%}
8   ... 
11  -O                                                                        (1 = 11.1%) {88.9%}
12  ... 

Histogram: Scheduling.ThreadController.ActiveIntervalDuration.Short.Other recorded 40 samples, mean = 141.6 (flags = 0x1)
0    ... 
13   -O                                                                        (1 = 2.5%) {0.0%}
14   -O                                                                        (1 = 2.5%) {2.5%}
15   -O                                                                        (1 = 2.5%) {5.0%}
16   ... 
19   -O                                                                        (1 = 2.5%) {7.5%}
20   ... 
23   --O                                                                       (2 = 5.0%) {10.0%}
24   O                                                                         (0 = 0.0%) {15.0%}
25   --O                                                                       (2 = 5.0%) {15.0%}
26   ... 
28   -O                                                                        (1 = 2.5%) {20.0%}
29   ----O                                                                     (4 = 10.0%) {22.5%}
31   -O                                                                        (1 = 2.5%) {32.5%}
33   -O                                                                        (1 = 2.5%) {35.0%}
35   -O                                                                        (1 = 2.5%) {37.5%}
37   --O                                                                       (2 = 5.0%) {40.0%}
39   ... 
43   -O                                                                        (1 = 2.5%) {45.0%}
45   O                                                                         (0 = 0.0%) {47.5%}
47   -O                                                                        (1 = 2.5%) {47.5%}
49   O                                                                         (0 = 0.0%) {50.0%}
52   --O                                                                       (2 = 5.0%) {50.0%}
55   ... 
67   -O                                                                        (1 = 2.5%) {55.0%}
70   ... 
78   -O                                                                        (1 = 2.5%) {57.5%}
82   ... 
90   -O                                                                        (1 = 2.5%) {60.0%}
95   O                                                                         (0 = 0.0%) {62.5%}
100  -O                                                                        (1 = 2.5%) {62.5%}
105  ... 
116  -O                                                                        (1 = 2.5%) {65.0%}
122  --O                                                                       (2 = 5.0%) {67.5%}
128  -O                                                                        (1 = 2.5%) {72.5%}
135  ---O                                                                      (3 = 7.5%) {75.0%}
142  ... 
173  -O                                                                        (1 = 2.5%) {82.5%}
182  O                                                                         (0 = 0.0%) {85.0%}
191  -O                                                                        (1 = 2.5%) {85.0%}
201  ... 
233  -O                                                                        (1 = 2.5%) {87.5%}
245  ... 
366  -O                                                                        (1 = 2.5%) {90.0%}
385  ... 
817  -O                                                                        (1 = 2.5%) {92.5%}
859  O                                                                         (0 = 0.0%) {95.0%}
904  -O                                                                        (1 = 2.5%) {95.0%}
951  -O                                                                        (1 = 2.5%) {97.5%}
1000 O                                                                         (0 = 0.0%) {100.0%}

Histogram: Scheduling.ThreadController.ActiveIntervalOffCpuDuration.Any.BrowserUI recorded 9 samples, mean = 0.0 (flags = 0x1)
0  ---------O                                                                (9 = 100.0%)
1  ... 

Histogram: Scheduling.ThreadController.ActiveIntervalOffCpuDuration.Any.Other recorded 40 samples, mean = 0.0 (flags = 0x1)
0  ----------------------------------------O                                 (40 = 100.0%)
1  ... 

Histogram: Scheduling.ThreadController.ActiveIntervalOffCpuDuration.Short.BrowserUI recorded 9 samples, mean = 1.4 (flags = 0x1)
0  ------O                                                                   (6 = 66.7%)
1  O                                                                         (0 = 0.0%) {66.7%}
2  -O                                                                        (1 = 11.1%) {66.7%}
3  -O                                                                        (1 = 11.1%) {77.8%}
4  ... 
8  -O                                                                        (1 = 11.1%) {88.9%}
9  ... 

Histogram: Scheduling.ThreadController.ActiveIntervalOffCpuDuration.Short.Other recorded 40 samples, mean = 40.6 (flags = 0x1)
0    -O                                                                        (1 = 2.5%)
1    O                                                                         (0 = 0.0%) {2.5%}
2    ---------O                                                                (9 = 22.5%) {2.5%}
3    --------O                                                                 (8 = 20.0%) {25.0%}
4    -----O                                                                    (5 = 12.5%) {45.0%}
5    ----O                                                                     (4 = 10.0%) {57.5%}
6    O                                                                         (0 = 0.0%) {67.5%}
7    -O                                                                        (1 = 2.5%) {67.5%}
8    -O                                                                        (1 = 2.5%) {70.0%}
9    -O                                                                        (1 = 2.5%) {72.5%}
10   O                                                                         (0 = 0.0%) {75.0%}
11   -O                                                                        (1 = 2.5%) {75.0%}
12   -O                                                                        (1 = 2.5%) {77.5%}
13   ... 
15   -O                                                                        (1 = 2.5%) {80.0%}
16   O                                                                         (0 = 0.0%) {82.5%}
17   -O                                                                        (1 = 2.5%) {82.5%}
18   ... 
28   -O                                                                        (1 = 2.5%) {85.0%}
29   ... 
43   -O                                                                        (1 = 2.5%) {87.5%}
45   O                                                                         (0 = 0.0%) {90.0%}
47   -O                                                                        (1 = 2.5%) {90.0%}
49   ... 
86   -O                                                                        (1 = 2.5%) {92.5%}
90   ... 
426  -O                                                                        (1 = 2.5%) {95.0%}
448  ... 
817  -O                                                                        (1 = 2.5%) {97.5%}
859  ... 

Histogram: Scheduling.ThreadController.ActiveIntervalOnCpuDuration.Any.BrowserUI recorded 9 samples, mean = 0.0 (flags = 0x1)
0  ---------O                                                                (9 = 100.0%)
1  ... 

Histogram: Scheduling.ThreadController.ActiveIntervalOnCpuDuration.Any.Other recorded 40 samples, mean = 0.0 (flags = 0x1)
0  ----------------------------------------O                                 (40 = 100.0%)
1  ... 

Histogram: Scheduling.ThreadController.ActiveIntervalOnCpuDuration.Short.BrowserUI recorded 9 samples, mean = 1.7 (flags = 0x1)
0  O                                                                         (0 = 0.0%)
1  ------O                                                                   (6 = 66.7%) {0.0%}
2  -O                                                                        (1 = 11.1%) {66.7%}
3  -O                                                                        (1 = 11.1%) {77.8%}
4  -O                                                                        (1 = 11.1%) {88.9%}
5  ... 

Histogram: Scheduling.ThreadController.ActiveIntervalOnCpuDuration.Short.Other recorded 40 samples, mean = 101.0 (flags = 0x1)
0    --O                                                                       (2 = 5.0%)
1    ... 
10   -O                                                                        (1 = 2.5%) {5.0%}
11   -O                                                                        (1 = 2.5%) {7.5%}
12   -O                                                                        (1 = 2.5%) {10.0%}
13   ... 
16   -O                                                                        (1 = 2.5%) {12.5%}
17   O                                                                         (0 = 0.0%) {15.0%}
18   -O                                                                        (1 = 2.5%) {15.0%}
19   O                                                                         (0 = 0.0%) {17.5%}
20   -O                                                                        (1 = 2.5%) {17.5%}
21   --O                                                                       (2 = 5.0%) {20.0%}
22   O                                                                         (0 = 0.0%) {25.0%}
23   -O                                                                        (1 = 2.5%) {25.0%}
24   -O                                                                        (1 = 2.5%) {27.5%}
25   --O                                                                       (2 = 5.0%) {30.0%}
26   -O                                                                        (1 = 2.5%) {35.0%}
27   ... 
29   -O                                                                        (1 = 2.5%) {37.5%}
31   ---O                                                                      (3 = 7.5%) {40.0%}
33   --O                                                                       (2 = 5.0%) {47.5%}
35   ... 
49   -O                                                                        (1 = 2.5%) {52.5%}
52   -O                                                                        (1 = 2.5%) {55.0%}
55   ... 
61   -O                                                                        (1 = 2.5%) {57.5%}
64   ... 
78   -O                                                                        (1 = 2.5%) {60.0%}
82   -O                                                                        (1 = 2.5%) {62.5%}
86   ... 
100  -O                                                                        (1 = 2.5%) {65.0%}
105  -O                                                                        (1 = 2.5%) {67.5%}
110  -O                                                                        (1 = 2.5%) {70.0%}
116  -O                                                                        (1 = 2.5%) {72.5%}
122  -O                                                                        (1 = 2.5%) {75.0%}
128  ---O                                                                      (3 = 7.5%) {77.5%}
135  ... 
149  -O                                                                        (1 = 2.5%) {85.0%}
157  O                                                                         (0 = 0.0%) {87.5%}
165  -O                                                                        (1 = 2.5%) {87.5%}
173  ... 
233  -O                                                                        (1 = 2.5%) {90.0%}
245  ... 
348  -O                                                                        (1 = 2.5%) {92.5%}
366  ... 
471  -O                                                                        (1 = 2.5%) {95.0%}
495  ... 
904  -O                                                                        (1 = 2.5%) {97.5%}
951  ... 

Histogram: Scheduling.ThreadController.ActiveIntervalOnCpuPercentage.Any.BrowserUI recorded 9 samples, mean = 79.7 (flags = 0x1)
0    ... 
27   -O                                                                        (1 = 11.1%) {0.0%}
28   ... 
33   -O                                                                        (1 = 11.1%) {11.1%}
34   ... 
57   -O                                                                        (1 = 11.1%) {22.2%}
58   ... 
100  ------O                                                                   (6 = 66.7%) {33.3%}
101  O                                                                         (0 = 0.0%) {100.0%}

Histogram: Scheduling.ThreadController.ActiveIntervalOnCpuPercentage.Any.Other recorded 40 samples, mean = 83.0 (flags = 0x1)
0    --O                                                                       (2 = 5.0%)
1    ... 
52   -O                                                                        (1 = 2.5%) {5.0%}
53   ... 
60   -O                                                                        (1 = 2.5%) {7.5%}
61   ... 
66   -O                                                                        (1 = 2.5%) {10.0%}
67   O                                                                         (0 = 0.0%) {12.5%}
68   -O                                                                        (1 = 2.5%) {12.5%}
69   ... 
72   -O                                                                        (1 = 2.5%) {15.0%}
73   ... 
75   -O                                                                        (1 = 2.5%) {17.5%}
76   ... 
79   -O                                                                        (1 = 2.5%) {20.0%}
80   ... 
82   -O                                                                        (1 = 2.5%) {22.5%}
83   O                                                                         (0 = 0.0%) {25.0%}
84   --O                                                                       (2 = 5.0%) {25.0%}
85   -O                                                                        (1 = 2.5%) {30.0%}
86   --O                                                                       (2 = 5.0%) {32.5%}
87   O                                                                         (0 = 0.0%) {37.5%}
88   -O                                                                        (1 = 2.5%) {37.5%}
89   ---O                                                                      (3 = 7.5%) {40.0%}
90   ---O                                                                      (3 = 7.5%) {47.5%}
91   --O                                                                       (2 = 5.0%) {55.0%}
92   --O                                                                       (2 = 5.0%) {60.0%}
93   -O                                                                        (1 = 2.5%) {65.0%}
94   --O                                                                       (2 = 5.0%) {67.5%}
95   -O                                                                        (1 = 2.5%) {72.5%}
96   --O                                                                       (2 = 5.0%) {75.0%}
97   ----O                                                                     (4 = 10.0%) {80.0%}
98   ---O                                                                      (3 = 7.5%) {90.0%}
99   O                                                                         (0 = 0.0%) {97.5%}
100  -O                                                                        (1 = 2.5%) {97.5%}
101  O                                                                         (0 = 0.0%) {100.0%}

Histogram: Scheduling.ThreadController.ActiveIntervalOnCpuPercentage.Short.BrowserUI recorded 9 samples, mean = 79.7 (flags = 0x1)
0    ... 
27   -O                                                                        (1 = 11.1%) {0.0%}
28   ... 
33   -O                                                                        (1 = 11.1%) {11.1%}
34   ... 
57   -O                                                                        (1 = 11.1%) {22.2%}
58   ... 
100  ------O                                                                   (6 = 66.7%) {33.3%}
101  O                                                                         (0 = 0.0%) {100.0%}

Histogram: Scheduling.ThreadController.ActiveIntervalOnCpuPercentage.Short.Other recorded 40 samples, mean = 83.0 (flags = 0x1)
0    --O                                                                       (2 = 5.0%)
1    ... 
52   -O                                                                        (1 = 2.5%) {5.0%}
53   ... 
60   -O                                                                        (1 = 2.5%) {7.5%}
61   ... 
66   -O                                                                        (1 = 2.5%) {10.0%}
67   O                                                                         (0 = 0.0%) {12.5%}
68   -O                                                                        (1 = 2.5%) {12.5%}
69   ... 
72   -O                                                                        (1 = 2.5%) {15.0%}
73   ... 
75   -O                                                                        (1 = 2.5%) {17.5%}
76   ... 
79   -O                                                                        (1 = 2.5%) {20.0%}
80   ... 
82   -O                                                                        (1 = 2.5%) {22.5%}
83   O                                                                         (0 = 0.0%) {25.0%}
84   --O                                                                       (2 = 5.0%) {25.0%}
85   -O                                                                        (1 = 2.5%) {30.0%}
86   --O                                                                       (2 = 5.0%) {32.5%}
87   O                                                                         (0 = 0.0%) {37.5%}
88   -O                                                                        (1 = 2.5%) {37.5%}
89   ---O                                                                      (3 = 7.5%) {40.0%}
90   ---O                                                                      (3 = 7.5%) {47.5%}
91   --O                                                                       (2 = 5.0%) {55.0%}
92   --O                                                                       (2 = 5.0%) {60.0%}
93   -O                                                                        (1 = 2.5%) {65.0%}
94   --O                                                                       (2 = 5.0%) {67.5%}
95   -O                                                                        (1 = 2.5%) {72.5%}
96   --O                                                                       (2 = 5.0%) {75.0%}
97   ----O                                                                     (4 = 10.0%) {80.0%}
98   ---O                                                                      (3 = 7.5%) {90.0%}
99   O                                                                         (0 = 0.0%) {97.5%}
100  -O                                                                        (1 = 2.5%) {97.5%}
101  O                                                                         (0 = 0.0%) {100.0%}

Histogram: Scheduling.ThreadController.IdleDuration.Any.BrowserUI recorded 9 samples, mean = 0.0 (flags = 0x1)
0  ---------O                                                                (9 = 100.0%)
1  ... 

Histogram: Scheduling.ThreadController.IdleDuration.Any.Other recorded 40 samples, mean = 111.1 (flags = 0x1)
0     ------------------------O                                                 (24 = 60.0%)
1     ------O                                                                   (6 = 15.0%) {60.0%}
2     --O                                                                       (2 = 5.0%) {75.0%}
3     O                                                                         (0 = 0.0%) {80.0%}
4     -O                                                                        (1 = 2.5%) {80.0%}
5     ... 
10    -O                                                                        (1 = 2.5%) {82.5%}
12    ... 
40    -O                                                                        (1 = 2.5%) {85.0%}
48    ... 
68    -O                                                                        (1 = 2.5%) {87.5%}
81    --O                                                                       (2 = 5.0%) {90.0%}
96    -O                                                                        (1 = 2.5%) {95.0%}
114   ... 
3553  -O                                                                        (1 = 2.5%) {97.5%}
4222  ... 

Histogram: Scheduling.ThreadController.IdleDuration.Medium.Other recorded 14 samples, mean = 23.6 (flags = 0x1)
0   O                                                                         (0 = 0.0%)
1   ------O                                                                   (6 = 42.9%) {0.0%}
2   --O                                                                       (2 = 14.3%) {42.9%}
3   O                                                                         (0 = 0.0%) {57.1%}
4   -O                                                                        (1 = 7.1%) {57.1%}
5   ... 
11  -O                                                                        (1 = 7.1%) {64.3%}
12  ... 
46  -O                                                                        (1 = 7.1%) {71.4%}
47  ... 
80  -O                                                                        (1 = 7.1%) {78.6%}
81  ... 
86  -O                                                                        (1 = 7.1%) {85.7%}
87  ... 
94  -O                                                                        (1 = 7.1%) {92.9%}
95  ... 

Histogram: Scheduling.ThreadController.IdleDuration.Short.BrowserUI recorded 9 samples, mean = 23.7 (flags = 0x1)
0    ... 
6    -O                                                                        (1 = 11.1%) {0.0%}
7    --O                                                                       (2 = 22.2%) {11.1%}
8    -O                                                                        (1 = 11.1%) {33.3%}
9    O                                                                         (0 = 0.0%) {44.4%}
10   -O                                                                        (1 = 11.1%) {44.4%}
11   ... 
14   --O                                                                       (2 = 22.2%) {55.6%}
15   ... 
45   -O                                                                        (1 = 11.1%) {77.8%}
47   ... 
100  -O                                                                        (1 = 11.1%) {88.9%}
105  ... 

Histogram: Scheduling.ThreadController.IdleDuration.Short.Other recorded 24 samples, mean = 365.0 (flags = 0x1)
0    ... 
43   -O                                                                        (1 = 4.2%) {0.0%}
45   ... 
64   -O                                                                        (1 = 4.2%) {4.2%}
67   -O                                                                        (1 = 4.2%) {8.3%}
70   ... 
110  -O                                                                        (1 = 4.2%) {12.5%}
116  ... 
142  -O                                                                        (1 = 4.2%) {16.7%}
149  -O                                                                        (1 = 4.2%) {20.8%}
157  O                                                                         (0 = 0.0%) {25.0%}
165  -O                                                                        (1 = 4.2%) {25.0%}
173  ... 
211  -O                                                                        (1 = 4.2%) {29.2%}
222  ... 
245  --O                                                                       (2 = 8.3%) {33.3%}
258  -O                                                                        (1 = 4.2%) {41.7%}
271  O                                                                         (0 = 0.0%) {45.8%}
285  -O                                                                        (1 = 4.2%) {45.8%}
300  O                                                                         (0 = 0.0%) {50.0%}
315  -O                                                                        (1 = 4.2%) {50.0%}
331  ... 
366  -O                                                                        (1 = 4.2%) {54.2%}
385  -O                                                                        (1 = 4.2%) {58.3%}
405  ... 
448  -O                                                                        (1 = 4.2%) {62.5%}
471  -O                                                                        (1 = 4.2%) {66.7%}
495  -O                                                                        (1 = 4.2%) {70.8%}
520  --O                                                                       (2 = 8.3%) {75.0%}
547  ... 
636  -O                                                                        (1 = 4.2%) {83.3%}
669  ... 
739  -O                                                                        (1 = 4.2%) {87.5%}
777  O                                                                         (0 = 0.0%) {91.7%}
817  --O                                                                       (2 = 8.3%) {91.7%}
859  ... 

Histogram: Search.ChoiceReprompt recorded 1 samples, mean = 6.0 (flags = 0x1)
0  ... 
6  -O                                                                        (1 = 100.0%) {0.0%}
7  O                                                                         (0 = 0.0%) {100.0%}

Histogram: Search.SearchProviderOverrideStatus recorded 1 samples, mean = 0.0 (flags = 0x1)
0  -O                                                                        (1 = 100.0%)
1  ... 

Histogram: Security.DataDecoder.Json.DecodingTime recorded 1 samples, mean = 0.0 (flags = 0x1)
0  -O                                                                        (1 = 100.0%)
1  ... 

Histogram: Security.GwpAsan.Activated.Malloc.Browser recorded 1 samples, mean = 0.0 (flags = 0x1)
0  -O                                                                        (1 = 100.0%)
1  ... 

Histogram: Security.GwpAsan.Activated.PartitionAlloc.Browser recorded 1 samples, mean = 0.0 (flags = 0x1)
0  -O                                                                        (1 = 100.0%)
1  ... 

Histogram: Security.HttpsFirstMode.SettingEnabledAtStartup recorded 1 samples, mean = 0.0 (flags = 0x1)
0  -O                                                                        (1 = 100.0%)
1  ... 

Histogram: Security.JSONParser.ChromiumExtensionUsage recorded 1 samples, mean = 1.0 (flags = 0x1)
0  O                                                                         (0 = 0.0%)
1  -O                                                                        (1 = 100.0%) {0.0%}
2  ... 

Histogram: Security.JSONParser.ParsingTime recorded 110 samples, mean = 59.1 (flags = 0x1)
0     -O                                                                        (1 = 0.9%)
1     --------------------O                                                     (20 = 18.2%) {0.9%}
2     ----------------------------O                                             (28 = 25.5%) {19.1%}
3     ----------O                                                               (10 = 9.1%) {44.5%}
4     -----O                                                                    (5 = 4.5%) {53.6%}
5     ---O                                                                      (3 = 2.7%) {58.2%}
7     ----O                                                                     (4 = 3.6%) {60.9%}
9     ---O                                                                      (3 = 2.7%) {64.5%}
12    ----------O                                                               (10 = 9.1%) {67.3%}
16    --O                                                                       (2 = 1.8%) {76.4%}
21    ---O                                                                      (3 = 2.7%) {78.2%}
28    ----O                                                                     (4 = 3.6%) {80.9%}
37    O                                                                         (0 = 0.0%) {84.5%}
49    ----O                                                                     (4 = 3.6%) {84.5%}
65    O                                                                         (0 = 0.0%) {88.2%}
86    ---O                                                                      (3 = 2.7%) {88.2%}
113   ---O                                                                      (3 = 2.7%) {90.9%}
149   --O                                                                       (2 = 1.8%) {93.6%}
196   -O                                                                        (1 = 0.9%) {95.5%}
258   O                                                                         (0 = 0.0%) {96.4%}
340   -O                                                                        (1 = 0.9%) {96.4%}
448   ... 
777   -O                                                                        (1 = 0.9%) {97.3%}
1023  -O                                                                        (1 = 0.9%) {98.2%}
1347  O                                                                         (0 = 0.0%) {99.1%}
1774  -O                                                                        (1 = 0.9%) {99.1%}
2336  ... 

Histogram: Security.NavigationRequestSecurityLevel recorded 2 samples, mean = 1.0 (flags = 0x1)
0  O                                                                         (0 = 0.0%)
1  --O                                                                       (2 = 100.0%) {0.0%}
2  ... 

Histogram: Security.PageEndReason.SECURE recorded 1 samples, mean = 6.0 (flags = 0x1)
0  ... 
6  -O                                                                        (1 = 100.0%) {0.0%}
7  ... 

Histogram: Security.PageEndReason.SafetyTip_None recorded 1 samples, mean = 6.0 (flags = 0x1)
0  ... 
6  -O                                                                        (1 = 100.0%) {0.0%}
7  ... 

Histogram: Security.PrivateNetworkAccess.CheckResult recorded 60 samples, mean = 2.9 (flags = 0x1)
0   -----O                                                                    (5 = 8.3%)
1   --------------------------------------------O                             (44 = 73.3%) {8.3%}
2   ... 
12  -----------O                                                              (11 = 18.3%) {81.7%}
13  O                                                                         (0 = 0.0%) {100.0%}

Histogram: Security.PrivateNetworkAccess.PrivateIpInferrable recorded 1 samples, mean = 1.0 (flags = 0x1)
0  O                                                                         (0 = 0.0%)
1  -O                                                                        (1 = 100.0%) {0.0%}
2  O                                                                         (0 = 0.0%) {100.0%}

Histogram: Security.PrivateNetworkAccess.PrivateIpResolveMatch recorded 1 samples, mean = 1.0 (flags = 0x1)
0  O                                                                         (0 = 0.0%)
1  -O                                                                        (1 = 100.0%) {0.0%}
2  O                                                                         (0 = 0.0%) {100.0%}

Histogram: Security.SCTAuditing.NumPersistedReportsLoaded recorded 1 samples, mean = 0.0 (flags = 0x1)
0  -O                                                                        (1 = 100.0%)
1  ... 

Histogram: Security.SafetyTips.GetReputationStatusWithEngagedSitesTime recorded 1 samples, mean = 3.0 (flags = 0x1)
0  ... 
3  -O                                                                        (1 = 100.0%) {0.0%}
4  ... 

Histogram: Security.SafetyTips.ReputationCheckComplete.DidFinishNavigation recorded 1 samples, mean = 1.0 (flags = 0x1)
0  O                                                                         (0 = 0.0%)
1  -O                                                                        (1 = 100.0%) {0.0%}
2  ... 

Histogram: Security.SafetyTips.SafetyTipShown recorded 1 samples, mean = 1.0 (flags = 0x1)
0  O                                                                         (0 = 0.0%)
1  -O                                                                        (1 = 100.0%) {0.0%}
2  ... 

Histogram: Security.SafetyTips.StatusWithInitiator.Unknown recorded 1 samples, mean = 1.0 (flags = 0x1)
0  O                                                                         (0 = 0.0%)
1  -O                                                                        (1 = 100.0%) {0.0%}
2  ... 

Histogram: Security.SecurityLevel.OnCommit recorded 1 samples, mean = 3.0 (flags = 0x1)
0  ... 
3  -O                                                                        (1 = 100.0%) {0.0%}
4  ... 

Histogram: Security.SecurityLevel.OnComplete recorded 1 samples, mean = 3.0 (flags = 0x1)
0  ... 
3  -O                                                                        (1 = 100.0%) {0.0%}
4  ... 

Histogram: Security.SiteEngagement.SECURE recorded 1 samples, mean = 0.0 (flags = 0x1)
0  -O                                                                        (1 = 100.0%)
1  ... 

Histogram: Security.SiteEngagement.SafetyTip_None recorded 1 samples, mean = 0.0 (flags = 0x1)
0  -O                                                                        (1 = 100.0%)
1  ... 

Histogram: Security.TimeOnPage2.SECURE recorded 1 samples, mean = 8186.0 (flags = 0x1)
0     ... 
7541  -O                                                                        (1 = 100.0%) {0.0%}
8704  ... 

Histogram: Security.TimeOnPage2.SafetyTip_None recorded 1 samples, mean = 8186.0 (flags = 0x1)
0     ... 
7541  -O                                                                        (1 = 100.0%) {0.0%}
8704  ... 

Histogram: SegmentationPlatform.Database.UpdateUrlForUkmSource recorded 6 samples, mean = 0.3 (flags = 0x1)
0  ----O                                                                     (4 = 66.7%)
1  --O                                                                       (2 = 33.3%) {66.7%}
2  ... 

Histogram: SegmentationPlatform.Init.ProcessCreationToServiceCreationLatency recorded 1 samples, mean = 553024576.0 (flags = 0x1)
0       ... 
180000  -O                                                                        (1 = 100.0%) {0.0%}

Histogram: SegmentationPlatform.SelectionFailedReason.ChromeLowUserEngagement recorded 2 samples, mean = 13.0 (flags = 0x1)
0   ... 
10  -O                                                                        (1 = 50.0%) {0.0%}
11  ... 
16  -O                                                                        (1 = 50.0%) {50.0%}
17  ... 

Histogram: SegmentationPlatform.SelectionFailedReason.ComposePromotion recorded 2 samples, mean = 13.5 (flags = 0x1)
0   ... 
10  -O                                                                        (1 = 50.0%) {0.0%}
11  ... 
17  -O                                                                        (1 = 50.0%) {50.0%}
18  ... 

Histogram: SegmentationPlatform.SelectionFailedReason.CrossDeviceUser recorded 2 samples, mean = 13.0 (flags = 0x1)
0   ... 
10  -O                                                                        (1 = 50.0%) {0.0%}
11  ... 
16  -O                                                                        (1 = 50.0%) {50.0%}
17  ... 

Histogram: SegmentationPlatform.SelectionFailedReason.DatabaseApiClients recorded 2 samples, mean = 13.5 (flags = 0x1)
0   ... 
10  -O                                                                        (1 = 50.0%) {0.0%}
11  ... 
17  -O                                                                        (1 = 50.0%) {50.0%}
18  ... 

Histogram: SegmentationPlatform.SelectionFailedReason.DeviceSwitcher recorded 2 samples, mean = 13.5 (flags = 0x1)
0   ... 
10  -O                                                                        (1 = 50.0%) {0.0%}
11  ... 
17  -O                                                                        (1 = 50.0%) {50.0%}
18  ... 

Histogram: SegmentationPlatform.SelectionFailedReason.PasswordManagerUser recorded 2 samples, mean = 13.0 (flags = 0x1)
0   ... 
10  -O                                                                        (1 = 50.0%) {0.0%}
11  ... 
16  -O                                                                        (1 = 50.0%) {50.0%}
17  ... 

Histogram: SegmentationPlatform.SelectionFailedReason.ResumeHeavyUser recorded 2 samples, mean = 13.0 (flags = 0x1)
0   ... 
10  -O                                                                        (1 = 50.0%) {0.0%}
11  ... 
16  -O                                                                        (1 = 50.0%) {50.0%}
17  ... 

Histogram: SegmentationPlatform.SelectionFailedReason.SearchUser recorded 2 samples, mean = 13.0 (flags = 0x1)
0   ... 
10  -O                                                                        (1 = 50.0%) {0.0%}
11  ... 
16  -O                                                                        (1 = 50.0%) {50.0%}
17  ... 

Histogram: SegmentationPlatform.SelectionFailedReason.ShoppingUser recorded 2 samples, mean = 13.0 (flags = 0x1)
0   ... 
10  -O                                                                        (1 = 50.0%) {0.0%}
11  ... 
16  -O                                                                        (1 = 50.0%) {50.0%}
17  ... 

Histogram: SegmentationPlatform.SelectionFailedReason.URLVisitResumptionRanker recorded 2 samples, mean = 13.5 (flags = 0x1)
0   ... 
10  -O                                                                        (1 = 50.0%) {0.0%}
11  ... 
17  -O                                                                        (1 = 50.0%) {50.0%}
18  ... 

Histogram: SegmentationPlatform.SelectionFailedReason.WebAppInstallationPromo recorded 2 samples, mean = 13.5 (flags = 0x1)
0   ... 
10  -O                                                                        (1 = 50.0%) {0.0%}
11  ... 
17  -O                                                                        (1 = 50.0%) {50.0%}
18  ... 

Histogram: SegmentationPlatform.SyncSessions.TabsCountAtStartup recorded 1 samples, mean = 0.0 (flags = 0x1)
0  -O                                                                        (1 = 100.0%)
1  ... 

Histogram: SegmentationPlatform.UkmDatabase.InitTime recorded 1 samples, mean = 4.0 (flags = 0x1)
0  ... 
4  -O                                                                        (1 = 100.0%) {0.0%}
5  ... 

Histogram: ServiceWorker.FindRegistrationForClientUrl.IsCalledForNavigation recorded 5 samples, mean = 0.2 (flags = 0x1)
0  ----O                                                                     (4 = 80.0%)
1  -O                                                                        (1 = 20.0%) {80.0%}
2  O                                                                         (0 = 0.0%) {100.0%}

Histogram: ServiceWorker.FindRegistrationForClientUrl.SkippedMojoCall.OnNavigation recorded 1 samples, mean = 0.0 (flags = 0x1)
0  -O                                                                        (1 = 100.0%)
1  ... 

Histogram: ServiceWorker.OnBrowserStartup.SkipServiceWorkerOnFirstNavigation recorded 1 samples, mean = 0.0 (flags = 0x1)
0  -O                                                                        (1 = 100.0%)
1  ... 

Histogram: ServiceWorker.RegisteredStorageKeyCount recorded 1 samples, mean = 0.0 (flags = 0x1)
0  -O                                                                        (1 = 100.0%)
1  ... 

Histogram: ServiceWorker.SkipCallingFindRegistrationForClientUrl recorded 1 samples, mean = 1.0 (flags = 0x1)
0  O                                                                         (0 = 0.0%)
1  -O                                                                        (1 = 100.0%) {0.0%}
2  O                                                                         (0 = 0.0%) {100.0%}

Histogram: ServiceWorker.Storage.ReadInitialDataFromDB.Time recorded 1 samples, mean = 0.0 (flags = 0x1)
0  -O                                                                        (1 = 100.0%)
1  ... 

Histogram: ServiceWorker.Storage.RegisteredStorageKeyCacheInitialization.Time recorded 1 samples, mean = 3896.0 (flags = 0x1)
0     ... 
3069  -O                                                                        (1 = 100.0%) {0.0%}
3900  ... 

Histogram: SessionRestore.UnrecoverableWriteErrorCount recorded 1 samples, mean = 0.0 (flags = 0x1)
0  -O                                                                        (1 = 100.0%)
1  ... 

Histogram: SessionStorageContext.CommitResult recorded 2 samples, mean = 0.0 (flags = 0x1)
0  --O                                                                       (2 = 100.0%)
1  ... 

Histogram: Settings.AdvancedSpellcheck.OnStartup2 recorded 1 samples, mean = 0.0 (flags = 0x1)
0  -O                                                                        (1 = 100.0%)
1  ... 

Histogram: Settings.AutocompleteSearches.OnStartup2 recorded 1 samples, mean = 1.0 (flags = 0x1)
0  O                                                                         (0 = 0.0%)
1  -O                                                                        (1 = 100.0%) {0.0%}
2  O                                                                         (0 = 0.0%) {100.0%}

Histogram: Settings.FingerprintingProtection.Enabled recorded 1 samples, mean = 0.0 (flags = 0x1)
0  -O                                                                        (1 = 100.0%)
1  ... 

Histogram: Settings.FirstPartySets.State recorded 1 samples, mean = 0.0 (flags = 0x1)
0  -O                                                                        (1 = 100.0%)
1  ... 

Histogram: Settings.IpProtection.Enabled recorded 1 samples, mean = 0.0 (flags = 0x1)
0  -O                                                                        (1 = 100.0%)
1  ... 

Histogram: Settings.PreloadStatus.OnStartup3 recorded 1 samples, mean = 1.0 (flags = 0x1)
0  O                                                                         (0 = 0.0%)
1  -O                                                                        (1 = 100.0%) {0.0%}
2  ... 

Histogram: Settings.PrivacySandbox.AdMeasurement.Enabled recorded 1 samples, mean = 0.0 (flags = 0x1)
0  -O                                                                        (1 = 100.0%)
1  ... 

Histogram: Settings.PrivacySandbox.Fledge.Enabled recorded 1 samples, mean = 0.0 (flags = 0x1)
0  -O                                                                        (1 = 100.0%)
1  ... 

Histogram: Settings.PrivacySandbox.Topics.Enabled recorded 1 samples, mean = 0.0 (flags = 0x1)
0  -O                                                                        (1 = 100.0%)
1  ... 

Histogram: Settings.ShowHomeButton2 recorded 1 samples, mean = 0.0 (flags = 0x1)
0  -O                                                                        (1 = 100.0%)
1  ... 

Histogram: Settings.StartupPageLoadSettings2 recorded 1 samples, mean = 5.0 (flags = 0x1)
0  ... 
5  -O                                                                        (1 = 100.0%) {0.0%}
6  ... 

Histogram: Settings.TrackedPreferenceUnchanged recorded 18 samples, mean = 14.5 (flags = 0x1)
0   -O                                                                        (1 = 5.6%)
1   -O                                                                        (1 = 5.6%) {5.6%}
2   -O                                                                        (1 = 5.6%) {11.1%}
3   -O                                                                        (1 = 5.6%) {16.7%}
4   -O                                                                        (1 = 5.6%) {22.2%}
5   -O                                                                        (1 = 5.6%) {27.8%}
6   -O                                                                        (1 = 5.6%) {33.3%}
7   -O                                                                        (1 = 5.6%) {38.9%}
8   ... 
11  -O                                                                        (1 = 5.6%) {44.4%}
12  ... 
14  -O                                                                        (1 = 5.6%) {50.0%}
15  -O                                                                        (1 = 5.6%) {55.6%}
16  ... 
18  -O                                                                        (1 = 5.6%) {61.1%}
19  ... 
23  -O                                                                        (1 = 5.6%) {66.7%}
24  -O                                                                        (1 = 5.6%) {72.2%}
25  ... 
29  -O                                                                        (1 = 5.6%) {77.8%}
30  ... 
32  -O                                                                        (1 = 5.6%) {83.3%}
33  -O                                                                        (1 = 5.6%) {88.9%}
34  -O                                                                        (1 = 5.6%) {94.4%}
35  O                                                                         (0 = 0.0%) {100.0%}

Histogram: Settings.TrackedPreferenceUnchanged.FromRegistry recorded 18 samples, mean = 14.5 (flags = 0x1)
0   -O                                                                        (1 = 5.6%)
1   -O                                                                        (1 = 5.6%) {5.6%}
2   -O                                                                        (1 = 5.6%) {11.1%}
3   -O                                                                        (1 = 5.6%) {16.7%}
4   -O                                                                        (1 = 5.6%) {22.2%}
5   -O                                                                        (1 = 5.6%) {27.8%}
6   -O                                                                        (1 = 5.6%) {33.3%}
7   -O                                                                        (1 = 5.6%) {38.9%}
8   ... 
11  -O                                                                        (1 = 5.6%) {44.4%}
12  ... 
14  -O                                                                        (1 = 5.6%) {50.0%}
15  -O                                                                        (1 = 5.6%) {55.6%}
16  ... 
18  -O                                                                        (1 = 5.6%) {61.1%}
19  ... 
23  -O                                                                        (1 = 5.6%) {66.7%}
24  -O                                                                        (1 = 5.6%) {72.2%}
25  ... 
29  -O                                                                        (1 = 5.6%) {77.8%}
30  ... 
32  -O                                                                        (1 = 5.6%) {83.3%}
33  -O                                                                        (1 = 5.6%) {88.9%}
34  -O                                                                        (1 = 5.6%) {94.4%}
35  O                                                                         (0 = 0.0%) {100.0%}

Histogram: Settings.TrackingProtection.Enabled recorded 1 samples, mean = 0.0 (flags = 0x1)
0  -O                                                                        (1 = 100.0%)
1  ... 

Histogram: SharedDictionary.TimeInitializeDB recorded 1 samples, mean = 3.0 (flags = 0x1)
0  ... 
3  -O                                                                        (1 = 100.0%) {0.0%}
4  ... 

Histogram: Signin.APIKeyMatchesFeatureOnStartup recorded 3 samples, mean = 0.0 (flags = 0x1)
0  ---O                                                                      (3 = 100.0%)
1  ... 

Histogram: Signin.AccountTracker.CountOfLoadedAccounts recorded 1 samples, mean = 0.0 (flags = 0x1)
0  -O                                                                        (1 = 100.0%)
1  ... 

Histogram: Signin.ExplicitSigninMigration recorded 1 samples, mean = 0.0 (flags = 0x1)
0  -O                                                                        (1 = 100.0%)
1  ... 

Histogram: Signin.HadPreviousSyncAccount.SignedOutOnProfileLoad recorded 1 samples, mean = 0.0 (flags = 0x1)
0  -O                                                                        (1 = 100.0%)
1  ... 

Histogram: Signin.HadPreviousSyncAccount.SyncOffOnProfileLoad recorded 1 samples, mean = 0.0 (flags = 0x1)
0  -O                                                                        (1 = 100.0%)
1  ... 

Histogram: Signin.ListAccountsFailure recorded 1 samples, mean = 0.0 (flags = 0x1)
0  -O                                                                        (1 = 100.0%)
1  ... 

Histogram: Signin.PAMInitialize.PrimaryAccountPrefs recorded 1 samples, mean = 2.0 (flags = 0x1)
0  ... 
2  -O                                                                        (1 = 100.0%) {0.0%}
3  ... 

Histogram: Signin.SigninAllowed recorded 1 samples, mean = 0.0 (flags = 0x1)
0  -O                                                                        (1 = 100.0%)
1  ... 

Histogram: Signin.TokenTable.GetAllTokensSqlStatementValidity recorded 1 samples, mean = 1.0 (flags = 0x1)
0  O                                                                         (0 = 0.0%)
1  -O                                                                        (1 = 100.0%) {0.0%}
2  O                                                                         (0 = 0.0%) {100.0%}

Histogram: SimpleCache.App.CacheSizeOnInit recorded 1 samples, mean = 0.0 (flags = 0x1)
0  -O                                                                        (1 = 100.0%)
1000... 

Histogram: SimpleCache.App.ConsistencyResult recorded 1 samples, mean = 0.0 (flags = 0x1)
0  -O                                                                        (1 = 100.0%)
1  ... 

Histogram: SimpleCache.App.CreationToIndex recorded 1 samples, mean = 1.0 (flags = 0x1)
0  O                                                                         (0 = 0.0%)
1  -O                                                                        (1 = 100.0%) {0.0%}
2  ... 

Histogram: SimpleCache.App.IndexFileStateOnLoad recorded 1 samples, mean = 2.0 (flags = 0x1)
0  ... 
2  -O                                                                        (1 = 100.0%) {0.0%}
3  ... 

Histogram: SimpleCache.App.IndexInitializeMethod recorded 1 samples, mean = 1.0 (flags = 0x1)
0  O                                                                         (0 = 0.0%)
1  -O                                                                        (1 = 100.0%) {0.0%}
2  ... 

Histogram: SimpleCache.App.IndexNumEntriesOnInit recorded 1 samples, mean = 0.0 (flags = 0x1)
0  -O                                                                        (1 = 100.0%)
1  ... 

Histogram: SimpleCache.App.MaxCacheSizeOnInit recorded 1 samples, mean = 0.0 (flags = 0x1)
0  -O                                                                        (1 = 100.0%)
1000... 

Histogram: SimpleCache.Code.CacheSizeOnInit recorded 1 samples, mean = 16263.0 (flags = 0x1)
0      ... 
15161  -O                                                                        (1 = 100.0%) {0.0%}
17257  ... 

Histogram: SimpleCache.Code.ConsistencyResult recorded 1 samples, mean = 0.0 (flags = 0x1)
0  -O                                                                        (1 = 100.0%)
1  ... 

Histogram: SimpleCache.Code.CreationToIndex recorded 1 samples, mean = 12.0 (flags = 0x1)
0   ... 
12  -O                                                                        (1 = 100.0%) {0.0%}
14  ... 

Histogram: SimpleCache.Code.DiskCloseLatency recorded 38 samples, mean = 0.0 (flags = 0x1)
0  --------------------------------------O                                   (38 = 100.0%)
1  ... 

Histogram: SimpleCache.Code.DiskCreateLatency recorded 1 samples, mean = 0.0
0  -O                                                                        (1 = 100.0%)
1  ... 

Histogram: SimpleCache.Code.DiskOpenLatency recorded 37 samples, mean = 0.0 (flags = 0x1)
0  ------------------------------------O                                     (36 = 97.3%)
1  -O                                                                        (1 = 2.7%) {97.3%}
2  ... 

Histogram: SimpleCache.Code.DiskWriteLatency recorded 1 samples, mean = 0.0 (flags = 0x1)
0  -O                                                                        (1 = 100.0%)
1  ... 

Histogram: SimpleCache.Code.EntryCreationTime recorded 38 samples, mean = 0.2 (flags = 0x1)
0  -------------------------------O                                          (31 = 81.6%)
1  -------O                                                                  (7 = 18.4%) {81.6%}
2  ... 

Histogram: SimpleCache.Code.HeaderSize recorded 5 samples, mean = 143.2 (flags = 0x1)
0    -O                                                                        (1 = 20.0%)
1    ... 
34   --O                                                                       (2 = 40.0%) {20.0%}
40   ... 
68   -O                                                                        (1 = 20.0%) {60.0%}
81   ... 
533  -O                                                                        (1 = 20.0%) {80.0%}
633  ... 

Histogram: SimpleCache.Code.IndexFileStateOnLoad recorded 1 samples, mean = 2.0 (flags = 0x1)
0  ... 
2  -O                                                                        (1 = 100.0%) {0.0%}
3  ... 

Histogram: SimpleCache.Code.IndexInitializeMethod recorded 1 samples, mean = 1.0 (flags = 0x1)
0  O                                                                         (0 = 0.0%)
1  -O                                                                        (1 = 100.0%) {0.0%}
2  ... 

Histogram: SimpleCache.Code.IndexNumEntriesOnInit recorded 1 samples, mean = 275.0 (flags = 0x1)
0    ... 
233  -O                                                                        (1 = 100.0%) {0.0%}
292  ... 

Histogram: SimpleCache.Code.MaxCacheSizeOnInit recorded 1 samples, mean = 327680.0 (flags = 0x1)
0       ... 
297881  -O                                                                        (1 = 100.0%) {0.0%}
339058  ... 

Histogram: SimpleCache.Code.OpenEntryIndexState recorded 44 samples, mean = 1.8 (flags = 0x1)
0  O                                                                         (0 = 0.0%)
1  -------O                                                                  (7 = 15.9%) {0.0%}
2  -------------------------------------O                                    (37 = 84.1%) {15.9%}
3  O                                                                         (0 = 0.0%) {100.0%}

Histogram: SimpleCache.Code.SyncCheckEOFResult recorded 54 samples, mean = 0.0
0  ------------------------------------------------------O                   (54 = 100.0%)
1  ... 

Histogram: SimpleCache.Code.SyncCloseResult recorded 38 samples, mean = 0.0
0  --------------------------------------O                                   (38 = 100.0%)
1  ... 

Histogram: SimpleCache.Code.SyncOpenPrefetchMode recorded 37 samples, mean = 0.0 (flags = 0x1)
0  -------------------------------------O                                    (37 = 100.0%)
1  ... 

Histogram: SimpleCache.Code.SyncOpenResult recorded 37 samples, mean = 0.0
0  -------------------------------------O                                    (37 = 100.0%)
1  ... 

Histogram: SimpleCache.Code.SyncWriteResult recorded 1 samples, mean = 0.0
0  -O                                                                        (1 = 100.0%)
1  ... 

Histogram: SiteEngagementService.EngagementScore recorded 1 samples, mean = 0.0 (flags = 0x1)
0  -O                                                                        (1 = 100.0%)
1  ... 

Histogram: SiteEngagementService.EngagementType recorded 1 samples, mean = 0.0 (flags = 0x1)
0  -O                                                                        (1 = 100.0%)
1  ... 

Histogram: SiteEngagementService.MeanEngagement recorded 1 samples, mean = 0.0 (flags = 0x1)
0  -O                                                                        (1 = 100.0%)
1  ... 

Histogram: SiteEngagementService.MedianEngagement recorded 1 samples, mean = 0.0 (flags = 0x1)
0  -O                                                                        (1 = 100.0%)
1  ... 

Histogram: SiteEngagementService.OriginsEngaged recorded 1 samples, mean = 1.0 (flags = 0x1)
0  O                                                                         (0 = 0.0%)
1  -O                                                                        (1 = 100.0%) {0.0%}
2  ... 

Histogram: SiteIsolatedCodeCache.JS.Behaviour recorded 44 samples, mean = 0.5 (flags = 0x1)
0  ---------------------------------O                                        (33 = 75.0%)
1  ------O                                                                   (6 = 13.6%) {75.0%}
2  O                                                                         (0 = 0.0%) {88.6%}
3  ----O                                                                     (4 = 9.1%) {88.6%}
4  -O                                                                        (1 = 2.3%) {97.7%}
5  ... 

Histogram: SiteIsolatedCodeCache.JS.FetchCodeCache recorded 21 samples, mean = 1.3 (flags = 0x1)
0  -----O                                                                    (5 = 23.8%)
1  --------O                                                                 (8 = 38.1%) {23.8%}
2  ----O                                                                     (4 = 19.0%) {61.9%}
3  ----O                                                                     (4 = 19.0%) {81.0%}
4  ... 

Histogram: SiteIsolatedCodeCache.JS.Hit recorded 27 samples, mean = 0.8 (flags = 0x1)
0  ------O                                                                   (6 = 22.2%)
1  ---------------------O                                                    (21 = 77.8%) {22.2%}
2  O                                                                         (0 = 0.0%) {100.0%}

Histogram: SiteIsolatedCodeCache.JS.PotentialMemoryBackedCodeCacheHit recorded 27 samples, mean = 0.0 (flags = 0x1)
0  ---------------------------O                                              (27 = 100.0%)
1  ... 

Histogram: SiteIsolatedCodeCache.WASM.Behaviour recorded 5 samples, mean = 1.0 (flags = 0x1)
0  O                                                                         (0 = 0.0%)
1  -----O                                                                    (5 = 100.0%) {0.0%}
2  ... 

Histogram: SiteIsolation.BrowsingInstance.MaxCountPerProcess recorded 3 samples, mean = 0.7 (flags = 0x1)
0  -O                                                                        (1 = 33.3%)
1  --O                                                                       (2 = 66.7%) {33.3%}
2  ... 

Histogram: SiteIsolation.NewProcessUsedForNavigationWhenSameSiteProcessExists recorded 1 samples, mean = 0.0 (flags = 0x1)
0  -O                                                                        (1 = 100.0%)
1  ... 

Histogram: SiteIsolation.ProcessPerSiteWithMainFrameThreshold.IsDevToolsUser recorded 1 samples, mean = 0.0 (flags = 0x1)
0  -O                                                                        (1 = 100.0%)
1  ... 

Histogram: Skia.SubmitRenderPasses recorded 22 samples, mean = 12.2 (flags = 0x1)
0   -----------O                                                              (11 = 50.0%)
1   --O                                                                       (2 = 9.1%) {50.0%}
2   -O                                                                        (1 = 4.5%) {59.1%}
3   -O                                                                        (1 = 4.5%) {63.6%}
4   ---O                                                                      (3 = 13.6%) {68.2%}
5   ... 
50  -O                                                                        (1 = 4.5%) {81.8%}
51  ... 
59  -O                                                                        (1 = 4.5%) {86.4%}
60  -O                                                                        (1 = 4.5%) {90.9%}
61  ... 
81  -O                                                                        (1 = 4.5%) {95.5%}
82  ... 

Histogram: Sql.Statement.Affiliation.VMSteps recorded 15 samples, mean = 15.5 (flags = 0x1)
0   ... 
3   ----O                                                                     (4 = 26.7%) {0.0%}
4   O                                                                         (0 = 0.0%) {26.7%}
5   -O                                                                        (1 = 6.7%) {26.7%}
6   -O                                                                        (1 = 6.7%) {33.3%}
7   ... 
12  -----O                                                                    (5 = 33.3%) {40.0%}
14  ... 
20  -O                                                                        (1 = 6.7%) {73.3%}
24  O                                                                         (0 = 0.0%) {80.0%}
29  -O                                                                        (1 = 6.7%) {80.0%}
34  O                                                                         (0 = 0.0%) {86.7%}
40  -O                                                                        (1 = 6.7%) {86.7%}
48  -O                                                                        (1 = 6.7%) {93.3%}
57  ... 

Histogram: Sql.Statement.BrowsingTopics.VMSteps recorded 12 samples, mean = 8.0 (flags = 0x1)
0   ... 
3   ----O                                                                     (4 = 33.3%) {0.0%}
4   O                                                                         (0 = 0.0%) {33.3%}
5   -O                                                                        (1 = 8.3%) {33.3%}
6   ... 
8   --O                                                                       (2 = 16.7%) {41.7%}
10  O                                                                         (0 = 0.0%) {58.3%}
12  -----O                                                                    (5 = 41.7%) {58.3%}
14  ... 

Histogram: Sql.Statement.Cookie.VMSteps recorded 31 samples, mean = 20.3 (flags = 0x1)
0   ... 
3   ------O                                                                   (6 = 19.4%) {0.0%}
4   O                                                                         (0 = 0.0%) {19.4%}
5   --O                                                                       (2 = 6.5%) {19.4%}
6   O                                                                         (0 = 0.0%) {25.8%}
7   -O                                                                        (1 = 3.2%) {25.8%}
8   ... 
12  ----------O                                                               (10 = 32.3%) {29.0%}
14  ... 
20  --O                                                                       (2 = 6.5%) {61.3%}
24  ---O                                                                      (3 = 9.7%) {67.7%}
29  O                                                                         (0 = 0.0%) {77.4%}
34  --O                                                                       (2 = 6.5%) {77.4%}
40  O                                                                         (0 = 0.0%) {83.9%}
48  --O                                                                       (2 = 6.5%) {83.9%}
57  ---O                                                                      (3 = 9.7%) {90.3%}
68  ... 

Histogram: Sql.Statement.DIPS.VMSteps recorded 23 samples, mean = 13.7 (flags = 0x1)
0   ... 
3   --O                                                                       (2 = 8.7%) {0.0%}
4   O                                                                         (0 = 0.0%) {8.7%}
5   -O                                                                        (1 = 4.3%) {8.7%}
6   ... 
8   ---O                                                                      (3 = 13.0%) {13.0%}
10  -O                                                                        (1 = 4.3%) {26.1%}
12  ---------O                                                                (9 = 39.1%) {30.4%}
14  --O                                                                       (2 = 8.7%) {69.6%}
17  O                                                                         (0 = 0.0%) {78.3%}
20  --O                                                                       (2 = 8.7%) {78.3%}
24  ---O                                                                      (3 = 13.0%) {87.0%}
29  ... 

Histogram: Sql.Statement.FirstPartySets.VMSteps recorded 34 samples, mean = 64.9 (flags = 0x1)
0     ... 
3     ----------O                                                               (10 = 29.4%) {0.0%}
4     O                                                                         (0 = 0.0%) {29.4%}
5     -O                                                                        (1 = 2.9%) {29.4%}
6     ... 
8     ---O                                                                      (3 = 8.8%) {32.4%}
10    -----O                                                                    (5 = 14.7%) {41.2%}
12    -----------O                                                              (11 = 32.4%) {55.9%}
14    ... 
20    -O                                                                        (1 = 2.9%) {88.2%}
24    --O                                                                       (2 = 5.9%) {91.2%}
29    ... 
1782  -O                                                                        (1 = 2.9%) {97.1%}
2117  ... 

Histogram: Sql.Statement.History.VMSteps recorded 74 samples, mean = 35.9 (flags = 0x1)
0    ... 
3    ------O                                                                   (6 = 8.1%) {0.0%}
4    O                                                                         (0 = 0.0%) {8.1%}
5    -O                                                                        (1 = 1.4%) {8.1%}
6    --O                                                                       (2 = 2.7%) {9.5%}
7    O                                                                         (0 = 0.0%) {12.2%}
8    ----O                                                                     (4 = 5.4%) {12.2%}
10   ----O                                                                     (4 = 5.4%) {17.6%}
12   ----------O                                                               (10 = 13.5%) {23.0%}
14   ---O                                                                      (3 = 4.1%) {36.5%}
17   ----------------O                                                         (16 = 21.6%) {40.5%}
20   ---O                                                                      (3 = 4.1%) {62.2%}
24   --------O                                                                 (8 = 10.8%) {66.2%}
29   ---O                                                                      (3 = 4.1%) {77.0%}
34   -O                                                                        (1 = 1.4%) {81.1%}
40   O                                                                         (0 = 0.0%) {82.4%}
48   -O                                                                        (1 = 1.4%) {82.4%}
57   -O                                                                        (1 = 1.4%) {83.8%}
68   -----O                                                                    (5 = 6.8%) {85.1%}
81   -O                                                                        (1 = 1.4%) {91.9%}
96   -O                                                                        (1 = 1.4%) {93.2%}
114  O                                                                         (0 = 0.0%) {94.6%}
135  ---O                                                                      (3 = 4.1%) {94.6%}
160  ... 
533  -O                                                                        (1 = 1.4%) {98.6%}
633  ... 

Histogram: Sql.Statement.OptOutBlacklist.VMSteps recorded 4 samples, mean = 10.8 (flags = 0x1)
0   ... 
5   -O                                                                        (1 = 25.0%) {0.0%}
6   O                                                                         (0 = 0.0%) {25.0%}
7   -O                                                                        (1 = 25.0%) {25.0%}
8   O                                                                         (0 = 0.0%) {50.0%}
10  -O                                                                        (1 = 25.0%) {50.0%}
12  ... 
20  -O                                                                        (1 = 25.0%) {75.0%}
24  ... 

Histogram: Sql.Statement.Passwords.VMSteps recorded 51 samples, mean = 24.6 (flags = 0x1)
0   ... 
3   ----O                                                                     (4 = 7.8%) {0.0%}
4   O                                                                         (0 = 0.0%) {7.8%}
5   --O                                                                       (2 = 3.9%) {7.8%}
6   ------O                                                                   (6 = 11.8%) {11.8%}
7   ----O                                                                     (4 = 7.8%) {23.5%}
8   ---O                                                                      (3 = 5.9%) {31.4%}
10  O                                                                         (0 = 0.0%) {37.3%}
12  ------------O                                                             (12 = 23.5%) {37.3%}
14  --O                                                                       (2 = 3.9%) {60.8%}
17  O                                                                         (0 = 0.0%) {64.7%}
20  --O                                                                       (2 = 3.9%) {64.7%}
24  ... 
34  --O                                                                       (2 = 3.9%) {68.6%}
40  ----O                                                                     (4 = 7.8%) {72.5%}
48  O                                                                         (0 = 0.0%) {80.4%}
57  ----O                                                                     (4 = 7.8%) {80.4%}
68  ------O                                                                   (6 = 11.8%) {88.2%}
81  ... 

Histogram: Sql.Statement.Predictor.VMSteps recorded 15 samples, mean = 15.9 (flags = 0x1)
0   ... 
3   --O                                                                       (2 = 13.3%) {0.0%}
4   O                                                                         (0 = 0.0%) {13.3%}
5   -O                                                                        (1 = 6.7%) {13.3%}
6   -O                                                                        (1 = 6.7%) {20.0%}
7   O                                                                         (0 = 0.0%) {26.7%}
8   -O                                                                        (1 = 6.7%) {26.7%}
10  ----O                                                                     (4 = 26.7%) {33.3%}
12  -O                                                                        (1 = 6.7%) {60.0%}
14  -O                                                                        (1 = 6.7%) {66.7%}
17  ... 
24  -O                                                                        (1 = 6.7%) {73.3%}
29  -O                                                                        (1 = 6.7%) {80.0%}
34  O                                                                         (0 = 0.0%) {86.7%}
40  -O                                                                        (1 = 6.7%) {86.7%}
48  -O                                                                        (1 = 6.7%) {93.3%}
57  ... 

Histogram: Sql.Statement.Quota.VMSteps recorded 14 samples, mean = 8.9 (flags = 0x1)
0   ... 
3   ----O                                                                     (4 = 28.6%) {0.0%}
4   O                                                                         (0 = 0.0%) {28.6%}
5   -O                                                                        (1 = 7.1%) {28.6%}
6   ... 
8   -O                                                                        (1 = 7.1%) {35.7%}
10  O                                                                         (0 = 0.0%) {42.9%}
12  --------O                                                                 (8 = 57.1%) {42.9%}
14  ... 

Histogram: Sql.Statement.ReportingAndNEL.VMSteps recorded 12 samples, mean = 13.8 (flags = 0x1)
0   ... 
3   --O                                                                       (2 = 16.7%) {0.0%}
4   O                                                                         (0 = 0.0%) {16.7%}
5   -O                                                                        (1 = 8.3%) {16.7%}
6   -O                                                                        (1 = 8.3%) {25.0%}
7   ... 
12  -----O                                                                    (5 = 41.7%) {33.3%}
14  ... 
20  -O                                                                        (1 = 8.3%) {75.0%}
24  O                                                                         (0 = 0.0%) {83.3%}
29  -O                                                                        (1 = 8.3%) {83.3%}
34  -O                                                                        (1 = 8.3%) {91.7%}
40  ... 

Histogram: Sql.Statement.SharedDictionary.VMSteps recorded 20 samples, mean = 9.1 (flags = 0x1)
0   ... 
3   --------O                                                                 (8 = 40.0%) {0.0%}
4   O                                                                         (0 = 0.0%) {40.0%}
5   -O                                                                        (1 = 5.0%) {40.0%}
6   ... 
8   -O                                                                        (1 = 5.0%) {45.0%}
10  O                                                                         (0 = 0.0%) {50.0%}
12  -------O                                                                  (7 = 35.0%) {50.0%}
14  O                                                                         (0 = 0.0%) {85.0%}
17  --O                                                                       (2 = 10.0%) {85.0%}
20  -O                                                                        (1 = 5.0%) {95.0%}
24  ... 

Histogram: Sql.Statement.SharedStorage.VMSteps recorded 3 samples, mean = 7.7 (flags = 0x1)
0   ... 
5   -O                                                                        (1 = 33.3%) {0.0%}
6   ... 
8   -O                                                                        (1 = 33.3%) {33.3%}
10  -O                                                                        (1 = 33.3%) {66.7%}
12  ... 

Histogram: Sql.Statement.Thumbnail.VMSteps recorded 22 samples, mean = 12.5 (flags = 0x1)
0   ... 
3   ------O                                                                   (6 = 27.3%) {0.0%}
4   O                                                                         (0 = 0.0%) {27.3%}
5   -O                                                                        (1 = 4.5%) {27.3%}
6   ... 
8   -O                                                                        (1 = 4.5%) {31.8%}
10  O                                                                         (0 = 0.0%) {36.4%}
12  ----------O                                                               (10 = 45.5%) {36.4%}
14  ... 
24  -O                                                                        (1 = 4.5%) {81.8%}
29  ---O                                                                      (3 = 13.6%) {86.4%}
34  ... 

Histogram: Sql.Statement.TopSites.VMSteps recorded 13 samples, mean = 12.7 (flags = 0x1)
0   ... 
3   --O                                                                       (2 = 15.4%) {0.0%}
4   O                                                                         (0 = 0.0%) {15.4%}
5   -O                                                                        (1 = 7.7%) {15.4%}
6   ... 
12  ---------O                                                                (9 = 69.2%) {23.1%}
14  ... 
40  -O                                                                        (1 = 7.7%) {92.3%}
48  ... 

Histogram: Sql.Statement.TrustTokens.VMSteps recorded 16 samples, mean = 14.1 (flags = 0x1)
0   ... 
3   --O                                                                       (2 = 12.5%) {0.0%}
4   O                                                                         (0 = 0.0%) {12.5%}
5   -O                                                                        (1 = 6.2%) {12.5%}
6   ---O                                                                      (3 = 18.8%) {18.8%}
7   ... 
10  -O                                                                        (1 = 6.2%) {37.5%}
12  -----O                                                                    (5 = 31.2%) {43.8%}
14  ... 
20  -O                                                                        (1 = 6.2%) {75.0%}
24  O                                                                         (0 = 0.0%) {81.2%}
29  -O                                                                        (1 = 6.2%) {81.2%}
34  --O                                                                       (2 = 12.5%) {87.5%}
40  ... 

Histogram: Sql.Statement.UKMMetrics.VMSteps recorded 30 samples, mean = 13.2 (flags = 0x1)
0   ... 
3   -----O                                                                    (5 = 16.7%) {0.0%}
4   O                                                                         (0 = 0.0%) {16.7%}
5   -O                                                                        (1 = 3.3%) {16.7%}
6   ... 
8   -------O                                                                  (7 = 23.3%) {20.0%}
10  O                                                                         (0 = 0.0%) {43.3%}
12  -------O                                                                  (7 = 23.3%) {43.3%}
14  ... 
20  --------O                                                                 (8 = 26.7%) {66.7%}
24  O                                                                         (0 = 0.0%) {93.3%}
29  -O                                                                        (1 = 3.3%) {93.3%}
34  O                                                                         (0 = 0.0%) {96.7%}
40  -O                                                                        (1 = 3.3%) {96.7%}
48  ... 

Histogram: Sql.Statement.Web.VMSteps recorded 116 samples, mean = 53.1 (flags = 0x1)
0    ... 
3    --------O                                                                 (8 = 6.9%) {0.0%}
4    -O                                                                        (1 = 0.9%) {6.9%}
5    -O                                                                        (1 = 0.9%) {7.8%}
6    ------------O                                                             (12 = 10.3%) {8.6%}
7    ----------O                                                               (10 = 8.6%) {19.0%}
8    ------O                                                                   (6 = 5.2%) {27.6%}
10   ---------O                                                                (9 = 7.8%) {32.8%}
12   --------------O                                                           (14 = 12.1%) {40.5%}
14   -O                                                                        (1 = 0.9%) {52.6%}
17   ---O                                                                      (3 = 2.6%) {53.4%}
20   -O                                                                        (1 = 0.9%) {56.0%}
24   -O                                                                        (1 = 0.9%) {56.9%}
29   --O                                                                       (2 = 1.7%) {57.8%}
34   --O                                                                       (2 = 1.7%) {59.5%}
40   --O                                                                       (2 = 1.7%) {61.2%}
48   ---O                                                                      (3 = 2.6%) {62.9%}
57   ----O                                                                     (4 = 3.4%) {65.5%}
68   ----O                                                                     (4 = 3.4%) {69.0%}
81   --O                                                                       (2 = 1.7%) {72.4%}
96   -------O                                                                  (7 = 6.0%) {74.1%}
114  -----O                                                                    (5 = 4.3%) {80.2%}
135  -------O                                                                  (7 = 6.0%) {84.5%}
160  -----O                                                                    (5 = 4.3%) {90.5%}
190  ------O                                                                   (6 = 5.2%) {94.8%}
226  ... 

Histogram: Sql.vfs.SyncTime recorded 43 samples, mean = 0.0 (flags = 0x1)
0  -------------------------------------------O                              (43 = 100.0%)
1  ... 

Histogram: Stability.Counts2 recorded 9 samples, mean = 25.2 (flags = 0x3)
0   ... 
2   -O                                                                        (1 = 11.1%) {0.0%}
3   ... 
15  -O                                                                        (1 = 11.1%) {11.1%}
16  ... 
26  ---O                                                                      (3 = 33.3%) {22.2%}
27  ... 
33  ----O                                                                     (4 = 44.4%) {55.6%}
34  O                                                                         (0 = 0.0%) {100.0%}

Histogram: Stability.Experimental.PageLoads recorded 1 samples, mean = 17.0 (flags = 0x1)
0   ... 
17  -O                                                                        (1 = 100.0%) {0.0%}
18  O                                                                         (0 = 0.0%) {100.0%}

Histogram: Startup.AfterStartupTaskCount recorded 1 samples, mean = 2.0 (flags = 0x1)
0  ... 
2  -O                                                                        (1 = 100.0%) {0.0%}
3  ... 

Histogram: Startup.AfterStartupTaskDelayedUntilTime recorded 1 samples, mean = 29845.0 (flags = 0x1)
0      ... 
27929  -O                                                                        (1 = 100.0%) {0.0%}
37840  ... 

Histogram: Startup.BrowserMainRunnerImplInitializeLongTime recorded 1 samples, mean = 143.0 (flags = 0x1)
0    ... 
137  -O                                                                        (1 = 100.0%) {0.0%}
158  ... 

Histogram: Startup.BrowserMessageLoopFirstIdle recorded 1 samples, mean = 249061.0 (flags = 0x1)
0       ... 
235849  -O                                                                        (1 = 100.0%) {0.0%}
272228  ... 

Histogram: Startup.BrowserMessageLoopStartTime recorded 1 samples, mean = 183.0 (flags = 0x1)
0    ... 
182  -O                                                                        (1 = 100.0%) {0.0%}
210  ... 

Histogram: Startup.CreateFirstProfile recorded 1 samples, mean = 61.0 (flags = 0x1)
0   ... 
47  -O                                                                        (1 = 100.0%) {0.0%}
64  ... 

Histogram: Startup.FirstWebContents.FinishReason recorded 1 samples, mean = 6.0 (flags = 0x1)
0  ... 
6  -O                                                                        (1 = 100.0%) {0.0%}
7  ... 

Histogram: Startup.LoadTime.ApplicationStartToChromeMain recorded 1 samples, mean = 0.0 (flags = 0x1)
0  -O                                                                        (1 = 100.0%)
1  ... 

Histogram: Startup.LoadTime.ProcessCreateToApplicationStart recorded 1 samples, mean = 21494.0 (flags = 0x1)
0      ... 
20614  -O                                                                        (1 = 100.0%) {0.0%}
27929  ... 

Histogram: Startup.LoadTime.RecordedProcessCreation recorded 1 samples, mean = 1.0 (flags = 0x1)
0  O                                                                         (0 = 0.0%)
1  -O                                                                        (1 = 100.0%) {0.0%}
2  O                                                                         (0 = 0.0%) {100.0%}

Histogram: Startup.PreMainMessageLoopRunImplLongTime recorded 1 samples, mean = 73.0 (flags = 0x1)
0   ... 
67  -O                                                                        (1 = 100.0%) {0.0%}
77  ... 

Histogram: Startup.Renderer.LoadTime.ApplicationStartToRendererStartRunLoop recorded 1 samples, mean = 41.0 (flags = 0x1)
0   ... 
41  -O                                                                        (1 = 100.0%) {0.0%}
52  ... 

Histogram: Startup.Renderer.LoadTime.ChromeMainToRendererStartRunLoop recorded 1 samples, mean = 41.0 (flags = 0x1)
0   ... 
41  -O                                                                        (1 = 100.0%) {0.0%}
52  ... 

Histogram: Startup.Renderer.LoadTime.ProcessCreationToRendererStartRunLoop recorded 1 samples, mean = 94.0 (flags = 0x1)
0   ... 
84  -O                                                                        (1 = 100.0%) {0.0%}
107 ... 

Histogram: Startup.Temperature recorded 1 samples, mean = 3.0 (flags = 0x1)
0  ... 
3  -O                                                                        (1 = 100.0%) {0.0%}
4  O                                                                         (0 = 0.0%) {100.0%}

Histogram: Storage.Blob.CreateDirectoryResult recorded 1 samples, mean = 0.0 (flags = 0x1)
0  -O                                                                        (1 = 100.0%)
1  ... 

Histogram: Storage.SessionStorage.RendererAreaCacheHit recorded 2 samples, mean = 1.0 (flags = 0x1)
0  -O                                                                        (1 = 50.0%)
1  O                                                                         (0 = 0.0%) {50.0%}
2  -O                                                                        (1 = 50.0%) {50.0%}
3  O                                                                         (0 = 0.0%) {100.0%}

Histogram: Storage.SharedStorage.Database.Timing.OpenImpl recorded 1 samples, mean = 1.0 (flags = 0x1)
0  O                                                                         (0 = 0.0%)
1  -O                                                                        (1 = 100.0%) {0.0%}
2  ... 

Histogram: Storage.SharedStorage.OnShutdown.NumSqlErrors recorded 1 samples, mean = 0.0 (flags = 0x1)
0  -O                                                                        (1 = 100.0%)
1  ... 

Histogram: Storage.SharedStorage.OnShutdown.RecoveryFromInitFailureAttempted recorded 1 samples, mean = 0.0 (flags = 0x1)
0  -O                                                                        (1 = 100.0%)
1  ... 

Histogram: Storage.SharedStorage.OnShutdown.RecoveryOnDiskAttempted recorded 1 samples, mean = 0.0 (flags = 0x1)
0  -O                                                                        (1 = 100.0%)
1  ... 

Histogram: Storage.SharedStorage.Worklet.NumPerPage recorded 1 samples, mean = 0.0 (flags = 0x1)
0  -O                                                                        (1 = 100.0%)
1  ... 

Histogram: Storage.SharedStorage.Worklet.SelectURL.CallsPerPage recorded 1 samples, mean = 0.0 (flags = 0x1)
0  -O                                                                        (1 = 100.0%)
1  ... 

Histogram: Style.RebuildLayoutTreeTime recorded 7 samples, mean = 734.4 (flags = 0x1)
0     ... 
6     -O                                                                        (1 = 14.3%) {0.0%}
8     ... 
40    -O                                                                        (1 = 14.3%) {14.3%}
55    ... 
146   --O                                                                       (2 = 28.6%) {28.6%}
203   O                                                                         (0 = 0.0%) {57.1%}
282   -O                                                                        (1 = 14.3%) {57.1%}
391   -O                                                                        (1 = 14.3%) {71.4%}
542   ... 
3865  -O                                                                        (1 = 14.3%) {85.7%}
5362  ... 

Histogram: Style.RecalcTime recorded 11 samples, mean = 6092.0 (flags = 0x1)
0      ... 
3      -O                                                                        (1 = 9.1%) {0.0%}
4      ... 
11     -O                                                                        (1 = 9.1%) {9.1%}
15     ... 
105    -O                                                                        (1 = 9.1%) {18.2%}
146    -O                                                                        (1 = 9.1%) {27.3%}
203    ... 
542    -O                                                                        (1 = 9.1%) {36.4%}
752    -O                                                                        (1 = 9.1%) {45.5%}
1043   ... 
3865   -O                                                                        (1 = 9.1%) {54.5%}
5362   ... 
10321  --O                                                                       (2 = 18.2%) {63.6%}
14319  -O                                                                        (1 = 9.1%) {81.8%}
19866  -O                                                                        (1 = 9.1%) {90.9%}
27562  ... 

Histogram: SubresourceFilter.DocumentLoad.RulesetIsAvailable recorded 3 samples, mean = 1.0 (flags = 0x1)
0  O                                                                         (0 = 0.0%)
1  ---O                                                                      (3 = 100.0%) {0.0%}
2  O                                                                         (0 = 0.0%) {100.0%}

Histogram: SubresourceFilter.IndexRuleset.Verify.Status recorded 1 samples, mean = 0.0 (flags = 0x1)
0  -O                                                                        (1 = 100.0%)
1  ... 

Histogram: SubresourceFilter.IndexRuleset.Verify2.WallDuration recorded 1 samples, mean = 2.0 (flags = 0x1)
0  ... 
2  -O                                                                        (1 = 100.0%) {0.0%}
3  ... 

Histogram: SubresourceFilter.MainFrameLoad.RulesetIsAvailableAnyActivationLevel recorded 1 samples, mean = 1.0 (flags = 0x1)
0  O                                                                         (0 = 0.0%)
1  -O                                                                        (1 = 100.0%) {0.0%}
2  O                                                                         (0 = 0.0%) {100.0%}

Histogram: SubresourceFilter.PageLoad.ActivationDecision recorded 1 samples, mean = 1.0 (flags = 0x1)
0  O                                                                         (0 = 0.0%)
1  -O                                                                        (1 = 100.0%) {0.0%}
2  ... 

Histogram: SubresourceFilter.PageLoad.ActivationList recorded 1 samples, mean = 0.0 (flags = 0x1)
0  -O                                                                        (1 = 100.0%)
1  ... 

Histogram: SubresourceFilter.PageLoad.ActivationState recorded 2 samples, mean = 0.5 (flags = 0x1)
0  -O                                                                        (1 = 50.0%)
1  -O                                                                        (1 = 50.0%) {50.0%}
2  ... 

Histogram: SubresourceFilter.PageLoad.NumSubresourceLoads.Disallowed recorded 1 samples, mean = 0.0 (flags = 0x1)
0  -O                                                                        (1 = 100.0%)
1  ... 

Histogram: SubresourceFilter.PageLoad.NumSubresourceLoads.Evaluated recorded 1 samples, mean = 100.0 (flags = 0x1)
0   ... 
95  -O                                                                        (1 = 100.0%) {0.0%}
107 ... 

Histogram: SubresourceFilter.PageLoad.NumSubresourceLoads.MatchedRules recorded 1 samples, mean = 0.0 (flags = 0x1)
0  -O                                                                        (1 = 100.0%)
1  ... 

Histogram: SubresourceFilter.PageLoad.NumSubresourceLoads.Total recorded 1 samples, mean = 100.0 (flags = 0x1)
0   ... 
95  -O                                                                        (1 = 100.0%) {0.0%}
107 ... 

Histogram: SubresourceFilter.PageLoad.SafeBrowsingDelay recorded 1 samples, mean = 0.0 (flags = 0x1)
0  -O                                                                        (1 = 100.0%)
1  ... 

Histogram: SubresourceFilter.SafeBrowsing.TotalCheckTime recorded 3 samples, mean = 0.0 (flags = 0x1)
0  ---O                                                                      (3 = 100.0%)
1  ... 

Histogram: Sync.FeatureStatusForSyncToSigninMigration recorded 1 samples, mean = 1.0 (flags = 0x1)
0  O                                                                         (0 = 0.0%)
1  -O                                                                        (1 = 100.0%) {0.0%}
2  ... 

Histogram: Sync.InitialState2 recorded 1 samples, mean = 1.0 (flags = 0x1)
0  O                                                                         (0 = 0.0%)
1  -O                                                                        (1 = 100.0%) {0.0%}
2  ... 

Histogram: Sync.Local.Enabled2 recorded 1 samples, mean = 0.0 (flags = 0x1)
0  -O                                                                        (1 = 100.0%)
1  ... 

Histogram: Sync.ModelTypeErrorSite.APP recorded 1 samples, mean = 0.0 (flags = 0x1)
0  -O                                                                        (1 = 100.0%)
1  ... 

Histogram: Sync.ModelTypeErrorSite.APP_SETTING recorded 1 samples, mean = 0.0 (flags = 0x1)
0  -O                                                                        (1 = 100.0%)
1  ... 

Histogram: Sync.ModelTypeErrorSite.DEVICE_INFO recorded 1 samples, mean = 0.0 (flags = 0x1)
0  -O                                                                        (1 = 100.0%)
1  ... 

Histogram: Sync.ModelTypeErrorSite.DICTIONARY recorded 1 samples, mean = 0.0 (flags = 0x1)
0  -O                                                                        (1 = 100.0%)
1  ... 

Histogram: Sync.ModelTypeErrorSite.EXTENSION recorded 1 samples, mean = 0.0 (flags = 0x1)
0  -O                                                                        (1 = 100.0%)
1  ... 

Histogram: Sync.ModelTypeErrorSite.EXTENSION_SETTING recorded 1 samples, mean = 0.0 (flags = 0x1)
0  -O                                                                        (1 = 100.0%)
1  ... 

Histogram: Sync.ModelTypeErrorSite.HISTORY_DELETE_DIRECTIVE recorded 1 samples, mean = 0.0 (flags = 0x1)
0  -O                                                                        (1 = 100.0%)
1  ... 

Histogram: Sync.ModelTypeErrorSite.INCOMING_PASSWORD_SHARING_INVITATION recorded 1 samples, mean = 0.0 (flags = 0x1)
0  -O                                                                        (1 = 100.0%)
1  ... 

Histogram: Sync.ModelTypeErrorSite.MANAGED_USER_SETTING recorded 1 samples, mean = 0.0 (flags = 0x1)
0  -O                                                                        (1 = 100.0%)
1  ... 

Histogram: Sync.ModelTypeErrorSite.PREFERENCE recorded 1 samples, mean = 0.0 (flags = 0x1)
0  -O                                                                        (1 = 100.0%)
1  ... 

Histogram: Sync.ModelTypeErrorSite.PRIORITY_PREFERENCE recorded 1 samples, mean = 0.0 (flags = 0x1)
0  -O                                                                        (1 = 100.0%)
1  ... 

Histogram: Sync.ModelTypeErrorSite.READING_LIST recorded 2 samples, mean = 0.0 (flags = 0x1)
0  --O                                                                       (2 = 100.0%)
1  ... 

Histogram: Sync.ModelTypeErrorSite.SAVED_TAB_GROUP recorded 1 samples, mean = 0.0 (flags = 0x1)
0  -O                                                                        (1 = 100.0%)
1  ... 

Histogram: Sync.ModelTypeErrorSite.SEARCH_ENGINE recorded 1 samples, mean = 0.0 (flags = 0x1)
0  -O                                                                        (1 = 100.0%)
1  ... 

Histogram: Sync.ModelTypeErrorSite.SECURITY_EVENT recorded 1 samples, mean = 0.0 (flags = 0x1)
0  -O                                                                        (1 = 100.0%)
1  ... 

Histogram: Sync.ModelTypeErrorSite.SEND_TAB_TO_SELF recorded 1 samples, mean = 0.0 (flags = 0x1)
0  -O                                                                        (1 = 100.0%)
1  ... 

Histogram: Sync.ModelTypeErrorSite.THEME recorded 1 samples, mean = 0.0 (flags = 0x1)
0  -O                                                                        (1 = 100.0%)
1  ... 

Histogram: Sync.ModelTypeErrorSite.USER_CONSENT recorded 1 samples, mean = 0.0 (flags = 0x1)
0  -O                                                                        (1 = 100.0%)
1  ... 

Histogram: Sync.ModelTypeErrorSite.USER_EVENT recorded 1 samples, mean = 0.0 (flags = 0x1)
0  -O                                                                        (1 = 100.0%)
1  ... 

Histogram: Sync.ModelTypeErrorSite.WEBAUTHN_CREDENTIAL recorded 1 samples, mean = 0.0 (flags = 0x1)
0  -O                                                                        (1 = 100.0%)
1  ... 

Histogram: Sync.ModelTypeErrorSite.WEB_APP recorded 1 samples, mean = 0.0 (flags = 0x1)
0  -O                                                                        (1 = 100.0%)
1  ... 

Histogram: Sync.ModelTypeStoreBackendError.Init recorded 1 samples, mean = 5.0 (flags = 0x1)
0  ... 
5  -O                                                                        (1 = 100.0%) {0.0%}
6  O                                                                         (0 = 0.0%) {100.0%}

Histogram: Sync.ModelTypeStoreBackendInitializationSuccess recorded 1 samples, mean = 0.0 (flags = 0x1)
0  -O                                                                        (1 = 100.0%)
1  ... 

Histogram: Sync.PassphraseType2 recorded 1 samples, mean = 0.0 (flags = 0x1)
0  -O                                                                        (1 = 100.0%)
1  ... 

Histogram: Sync.Startup.AccountInfoFullyLoaded2 recorded 1 samples, mean = 0.0 (flags = 0x1)
0  -O                                                                        (1 = 100.0%)
1  ... 

Histogram: Sync.Startup.SignedInWithoutAccountInfo2 recorded 1 samples, mean = 0.0 (flags = 0x1)
0  -O                                                                        (1 = 100.0%)
1  ... 

Histogram: Sync.SyncToSigninMigrationDecision recorded 1 samples, mean = 1.0 (flags = 0x1)
0  O                                                                         (0 = 0.0%)
1  -O                                                                        (1 = 100.0%) {0.0%}
2  ... 

Histogram: Sync.TrustedVaultFileReadStatus recorded 1 samples, mean = 0.0 (flags = 0x1)
0  -O                                                                        (1 = 100.0%)
1  ... 

Histogram: Sync.TrustedVaultFileWriteSuccess recorded 1 samples, mean = 1.0 (flags = 0x1)
0  O                                                                         (0 = 0.0%)
1  -O                                                                        (1 = 100.0%) {0.0%}
2  O                                                                         (0 = 0.0%) {100.0%}

Histogram: TabGroups.CollapsedGroupCountPerLoad recorded 1 samples, mean = 0.0 (flags = 0x1)
0  -O                                                                        (1 = 100.0%)
1  ... 

Histogram: TabGroups.SavedTabGroupSyncBridge.MigrationResult recorded 1 samples, mean = 0.0 (flags = 0x1)
0  -O                                                                        (1 = 100.0%)
1  ... 

Histogram: TabGroups.UserCustomizedGroupCountPerLoad recorded 1 samples, mean = 0.0 (flags = 0x1)
0  -O                                                                        (1 = 100.0%)
1  ... 

Histogram: TabGroups.UserGroupCountPerLoad recorded 1 samples, mean = 0.0 (flags = 0x1)
0  -O                                                                        (1 = 100.0%)
1  ... 

Histogram: TabGroups.UserPinnedTabCountPerLoad recorded 1 samples, mean = 0.0 (flags = 0x1)
0  -O                                                                        (1 = 100.0%)
1  ... 

Histogram: Tabs.NewNavigationWithSameOriginTab recorded 1 samples, mean = 0.0 (flags = 0x1)
0  -O                                                                        (1 = 100.0%)
1  ... 

Histogram: Tabs.TabCountPerLoad recorded 1 samples, mean = 0.0 (flags = 0x1)
0  -O                                                                        (1 = 100.0%)
1  ... 

Histogram: ThirdPartyModules.InputMethodEditorsCount recorded 1 samples, mean = 0.0 (flags = 0x1)
0  -O                                                                        (1 = 100.0%)
1  ... 

Histogram: ThreadPool.UnnecessaryWakeup.Browser.Background recorded 4 samples, mean = 1.0 (flags = 0x1)
0  O                                                                         (0 = 0.0%)
1  ----O                                                                     (4 = 100.0%) {0.0%}
2  O                                                                         (0 = 0.0%) {100.0%}

Histogram: ThreadPool.UnnecessaryWakeup.Browser.Foreground recorded 37 samples, mean = 1.0 (flags = 0x1)
0  O                                                                         (0 = 0.0%)
1  -------------------------------------O                                    (37 = 100.0%) {0.0%}
2  O                                                                         (0 = 0.0%) {100.0%}

Histogram: ThreadPool.UnnecessaryWakeup.ContentChild.Foreground recorded 4 samples, mean = 1.0 (flags = 0x1)
0  O                                                                         (0 = 0.0%)
1  ----O                                                                     (4 = 100.0%) {0.0%}
2  O                                                                         (0 = 0.0%) {100.0%}

Histogram: ThreadPool.UnnecessaryWakeup.GPU.Foreground recorded 16 samples, mean = 1.0 (flags = 0x1)
0  O                                                                         (0 = 0.0%)
1  ----------------O                                                         (16 = 100.0%) {0.0%}
2  O                                                                         (0 = 0.0%) {100.0%}

Histogram: ThreadPool.UnnecessaryWakeup.Renderer.Foreground recorded 66 samples, mean = 1.0 (flags = 0x1)
0  O                                                                         (0 = 0.0%)
1  ------------------------------------------------------------------O       (66 = 100.0%) {0.0%}
2  O                                                                         (0 = 0.0%) {100.0%}

Histogram: Translate.ApplicationStart.AlwaysTranslateLanguage.Count recorded 1 samples, mean = 0.0 (flags = 0x1)
0  -O                                                                        (1 = 100.0%)
1  ... 

Histogram: Translate.ApplicationStart.NeverTranslateLanguage recorded 1 samples (flags = 0x1)
-74147910-O                                                                        (1 = 100.0%)

Histogram: Translate.ApplicationStart.NeverTranslateLanguage.Count recorded 1 samples, mean = 1.0 (flags = 0x1)
0  O                                                                         (0 = 0.0%)
1  -O                                                                        (1 = 100.0%) {0.0%}
2  ... 

Histogram: Translate.ApplicationStart.NeverTranslateSite.Count recorded 1 samples, mean = 0.0 (flags = 0x1)
0  -O                                                                        (1 = 100.0%)
1  ... 

Histogram: Translate.LanguageDetection.LanguageVerification recorded 1 samples, mean = 2.0 (flags = 0x1)
0  ... 
2  -O                                                                        (1 = 100.0%) {0.0%}
3  ... 

Histogram: Translate.LanguageDeterminedDuration recorded 1 samples, mean = 447.0 (flags = 0x1)
0    ... 
398  -O                                                                        (1 = 100.0%) {0.0%}
539  ... 

Histogram: Translate.PageLoad.FinalSourceLanguage recorded 1 samples (flags = 0x1)
-74147910-O                                                                        (1 = 100.0%)

Histogram: Translate.PageLoad.FinalState recorded 1 samples, mean = 1.0 (flags = 0x1)
0  O                                                                         (0 = 0.0%)
1  -O                                                                        (1 = 100.0%) {0.0%}
2  ... 

Histogram: Translate.PageLoad.FinalTargetLanguage recorded 1 samples (flags = 0x1)
-74147910-O                                                                        (1 = 100.0%)

Histogram: Translate.PageLoad.InitialSourceLanguage recorded 1 samples (flags = 0x1)
-74147910-O                                                                        (1 = 100.0%)

Histogram: Translate.PageLoad.InitialState recorded 1 samples, mean = 1.0 (flags = 0x1)
0  O                                                                         (0 = 0.0%)
1  -O                                                                        (1 = 100.0%) {0.0%}
2  ... 

Histogram: Translate.PageLoad.InitialTargetLanguage recorded 1 samples (flags = 0x1)
-74147910-O                                                                        (1 = 100.0%)

Histogram: Translate.PageLoad.InitialTargetLanguage.Origin recorded 1 samples, mean = 1.0 (flags = 0x1)
0  O                                                                         (0 = 0.0%)
1  -O                                                                        (1 = 100.0%) {0.0%}
2  ... 

Histogram: Translate.PageLoad.IsInitialSourceLanguageInUsersContentLanguages recorded 1 samples, mean = 1.0 (flags = 0x1)
0  O                                                                         (0 = 0.0%)
1  -O                                                                        (1 = 100.0%) {0.0%}
2  O                                                                         (0 = 0.0%) {100.0%}

Histogram: Translate.PageLoad.NumReversions recorded 1 samples, mean = 0.0 (flags = 0x1)
0  -O                                                                        (1 = 100.0%)
1  ... 

Histogram: Translate.PageLoad.NumTargetLanguageChanges recorded 1 samples, mean = 0.0 (flags = 0x1)
0  -O                                                                        (1 = 100.0%)
1  ... 

Histogram: Translate.PageLoad.NumTranslations recorded 1 samples, mean = 0.0 (flags = 0x1)
0  -O                                                                        (1 = 100.0%)
1  ... 

Histogram: Translate.PageLoad.Ranker.Decision recorded 1 samples, mean = 1.0 (flags = 0x1)
0  O                                                                         (0 = 0.0%)
1  -O                                                                        (1 = 100.0%) {0.0%}
2  ... 

Histogram: Translate.PageLoad.Ranker.Version recorded 1 samples (flags = 0x1)
0  -O                                                                        (1 = 100.0%)

Histogram: Translate.PageLoad.TriggerDecision recorded 1 samples, mean = 4.0 (flags = 0x1)
0  ... 
4  -O                                                                        (1 = 100.0%) {0.0%}
5  ... 

Histogram: Translate.Ranker.Model.Status2 recorded 2 samples, mean = 6.5 (flags = 0x1)
0  ... 
6  -O                                                                        (1 = 50.0%) {0.0%}
7  -O                                                                        (1 = 50.0%) {50.0%}
8  O                                                                         (0 = 0.0%) {100.0%}

Histogram: UI.DeviceScale recorded 1 samples (flags = 0x1)
125  -O                                                                        (1 = 100.0%)

Histogram: UKM.ConsentObserver.Purge recorded 1 samples, mean = 0.0 (flags = 0x1)
0  -O                                                                        (1 = 100.0%)
1  ... 

Histogram: UKM.Entries.Dropped recorded 124 samples, mean = 1.0 (flags = 0x1)
0  O                                                                         (0 = 0.0%)
1  ------------------------------------------------------------------------O (124 = 100.0%) {0.0%}
2  ... 

Histogram: UKM.Entries.Dropped.ByEntryHash recorded 124 samples (flags = 0x1)
42578854    -O                                                                        (1 = 0.8%)
58315124    -O                                                                        (1 = 0.8%)
181657211   --O                                                                       (2 = 1.6%)
189164898   -O                                                                        (1 = 0.8%)
251237400   -O                                                                        (1 = 0.8%)
270025173   -O                                                                        (1 = 0.8%)
277070773   -O                                                                        (1 = 0.8%)
385121421   -O                                                                        (1 = 0.8%)
480593958   ---------O                                                                (9 = 7.3%)
532600439   ---O                                                                      (3 = 2.4%)
575234402   -O                                                                        (1 = 0.8%)
624513781   -O                                                                        (1 = 0.8%)
654949485   --------------O                                                           (14 = 11.3%)
661477988   -O                                                                        (1 = 0.8%)
705322609   ---O                                                                      (3 = 2.4%)
805578149   -O                                                                        (1 = 0.8%)
810755299   -O                                                                        (1 = 0.8%)
828084724   --O                                                                       (2 = 1.6%)
854760832   -O                                                                        (1 = 0.8%)
888761441   -O                                                                        (1 = 0.8%)
902138984   --------------O                                                           (14 = 11.3%)
923024503   -O                                                                        (1 = 0.8%)
986870865   -O                                                                        (1 = 0.8%)
1004547038  -O                                                                        (1 = 0.8%)
1035062417  -O                                                                        (1 = 0.8%)
1078164680  --O                                                                       (2 = 1.6%)
1149114043  -O                                                                        (1 = 0.8%)
1262170432  --------O                                                                 (8 = 6.5%)
1321082436  --O                                                                       (2 = 1.6%)
1350795912  -O                                                                        (1 = 0.8%)
1354891390  -O                                                                        (1 = 0.8%)
1404242571  --O                                                                       (2 = 1.6%)
1548358279  -O                                                                        (1 = 0.8%)
1576109827  -O                                                                        (1 = 0.8%)
1604233346  -------O                                                                  (7 = 5.6%)
1607081943  -O                                                                        (1 = 0.8%)
1663717192  -O                                                                        (1 = 0.8%)
1767609109  --------------O                                                           (14 = 11.3%)
1790338714  -O                                                                        (1 = 0.8%)
1832900131  ----O                                                                     (4 = 3.2%)
1866365893  -O                                                                        (1 = 0.8%)
1871083634  -O                                                                        (1 = 0.8%)
1892405964  -O                                                                        (1 = 0.8%)
1982793904  -O                                                                        (1 = 0.8%)
2037740339  -------O                                                                  (7 = 5.6%)
2066033668  -O                                                                        (1 = 0.8%)

Histogram: UKM.PersistentLogRecall.Status recorded 1 samples, mean = 1.0 (flags = 0x1)
0  O                                                                         (0 = 0.0%)
1  -O                                                                        (1 = 100.0%) {0.0%}
2  ... 

Histogram: UKM.Sources.Dropped recorded 7 samples, mean = 1.0 (flags = 0x1)
0  O                                                                         (0 = 0.0%)
1  -------O                                                                  (7 = 100.0%) {0.0%}
2  ... 

Histogram: UKM.WebDXFeatureSets.Dropped recorded 2 samples, mean = 1.0 (flags = 0x1)
0  O                                                                         (0 = 0.0%)
1  --O                                                                       (2 = 100.0%) {0.0%}
2  ... 

Histogram: UMA.ChildProcess.Ping.SharedMemorySetUp recorded 25 samples, mean = 1.0 (flags = 0x1)
0  ---------O                                                                (9 = 36.0%)
1  --------O                                                                 (8 = 32.0%) {36.0%}
2  --------O                                                                 (8 = 32.0%) {68.0%}
3  O                                                                         (0 = 0.0%) {100.0%}

Histogram: UMA.CleanExitBeaconConsistency3 recorded 1 samples, mean = 0.0 (flags = 0x1)
0  -O                                                                        (1 = 100.0%)
1  ... 

Histogram: UMA.EntropySourceType recorded 1 samples, mean = 1.0 (flags = 0x1)
0  O                                                                         (0 = 0.0%)
1  -O                                                                        (1 = 100.0%) {0.0%}
2  ... 

Histogram: UMA.LocalHistogram recorded 10 samples, mean = 1.0
0  O                                                                         (0 = 0.0%)
1  ----------O                                                               (10 = 100.0%) {0.0%}
2  O                                                                         (0 = 0.0%) {100.0%}

Histogram: UMA.MachineIdState recorded 1 samples, mean = 3.0 (flags = 0x1)
0  ... 
3  -O                                                                        (1 = 100.0%) {0.0%}
4  O                                                                         (0 = 0.0%) {100.0%}

Histogram: UMA.MetricsService.Initialize.Time recorded 1 samples, mean = 71.0 (flags = 0x1)
0   ... 
65  -O                                                                        (1 = 100.0%) {0.0%}
86  ... 

Histogram: UMA.MetricsService.PendingOngoingLogOnDisable recorded 1 samples, mean = 0.0 (flags = 0x1)
0  -O                                                                        (1 = 100.0%)
1  ... 

Histogram: UMA.PersistentAllocator.BrowserMetrics.Errors recorded 0 samples (flags = 0x1)
0 ... 

Histogram: UMA.PersistentAllocator.BrowserMetrics.UsedPct recorded 0 samples (flags = 0x1)
0 ... 

Histogram: UMA.PersistentAllocator.EarlyHistograms.GpuMetrics recorded 1 samples, mean = 25.0 (flags = 0x1)
0   ... 
25  -O                                                                        (1 = 100.0%) {0.0%}
26  ... 

Histogram: UMA.PersistentAllocator.EarlyHistograms.RendererMetrics recorded 3 samples, mean = 28.3 (flags = 0x1)
0   ... 
25  -O                                                                        (1 = 33.3%) {0.0%}
26  ... 
30  --O                                                                       (2 = 66.7%) {33.3%}
32  ... 

Histogram: UMA.PersistentAllocator.EarlyHistograms.UtilityMetrics recorded 4 samples, mean = 7.0 (flags = 0x1)
0  ... 
7  ----O                                                                     (4 = 100.0%) {0.0%}
8  ... 

Histogram: UMA.PersistentAllocator.FieldTrialAllocator.Errors recorded 0 samples (flags = 0x1)
0 ... 

Histogram: UMA.PersistentAllocator.FieldTrialAllocator.UsedPct recorded 9 samples, mean = 0.0 (flags = 0x1)
0  ---------O                                                                (9 = 100.0%)
1  ... 

Histogram: UMA.PersistentHistograms.InitResult recorded 1 samples, mean = 2.0 (flags = 0x1)
0  ... 
2  -O                                                                        (1 = 100.0%) {0.0%}
3  ... 

Histogram: UMA.Pseudo.PageLoad.LayoutInstability.CumulativeShiftScore recorded 1 samples, mean = 0.0 (flags = 0x1)
0  -O                                                                        (1 = 100.0%)
1  ... 

Histogram: UMA.Pseudo.PageLoad.LayoutInstability.MaxCumulativeShiftScore.SessionWindow.Gap1000ms.Max5000ms2 recorded 1 samples, mean = 0.0 (flags = 0x1)
0  -O                                                                        (1 = 100.0%)
1  ... 

Histogram: UMA.Pseudo.PageLoad.PaintTiming.NavigationToLargestContentfulPaint2 recorded 1 samples, mean = 11864.0 (flags = 0x1)
0      ... 
11747  -O                                                                        (1 = 100.0%) {0.0%}
13144  ... 

Histogram: UnifiedConsent.MakeSearchesAndBrowsingBetter.OnProfileLoad recorded 1 samples, mean = 0.0 (flags = 0x1)
0  -O                                                                        (1 = 100.0%)
1  ... 

Histogram: UpdateClient.Component.UpdateCheckResult recorded 19 samples, mean = 3.0 (flags = 0x1)
0  ... 
3  -------------------O                                                      (19 = 100.0%) {0.0%}
4  O                                                                         (0 = 0.0%) {100.0%}

Histogram: V8.CollectSourcePositions recorded 31 samples, mean = 159.5 (flags = 0x1)
0    ... 
12   -O                                                                        (1 = 3.2%) {0.0%}
16   --O                                                                       (2 = 6.5%) {3.2%}
21   -O                                                                        (1 = 3.2%) {9.7%}
28   -O                                                                        (1 = 3.2%) {12.9%}
37   ----O                                                                     (4 = 12.9%) {16.1%}
49   -O                                                                        (1 = 3.2%) {29.0%}
65   ----O                                                                     (4 = 12.9%) {32.3%}
86   -O                                                                        (1 = 3.2%) {45.2%}
113  -----O                                                                    (5 = 16.1%) {48.4%}
149  --O                                                                       (2 = 6.5%) {64.5%}
196  -----O                                                                    (5 = 16.1%) {71.0%}
258  O                                                                         (0 = 0.0%) {87.1%}
340  --O                                                                       (2 = 6.5%) {87.1%}
448  -O                                                                        (1 = 3.2%) {93.5%}
590  -O                                                                        (1 = 3.2%) {96.8%}
777  ... 

Histogram: V8.CompileDeserializeMicroSeconds recorded 20 samples, mean = 14.7 (flags = 0x1)
0   ... 
3   -O                                                                        (1 = 5.0%) {0.0%}
4   O                                                                         (0 = 0.0%) {5.0%}
5   ---O                                                                      (3 = 15.0%) {5.0%}
7   --O                                                                       (2 = 10.0%) {20.0%}
9   --O                                                                       (2 = 10.0%) {30.0%}
12  ----O                                                                     (4 = 20.0%) {40.0%}
16  ----O                                                                     (4 = 20.0%) {60.0%}
21  ---O                                                                      (3 = 15.0%) {80.0%}
28  O                                                                         (0 = 0.0%) {95.0%}
37  -O                                                                        (1 = 5.0%) {95.0%}
49  ... 

Histogram: V8.CompileLazyMicroSeconds recorded 6 samples, mean = 1598.8 (flags = 0x1)
0     ... 
40    -O                                                                        (1 = 16.7%) {0.0%}
55    ... 
146   --O                                                                       (2 = 33.3%) {16.7%}
203   ... 
752   -O                                                                        (1 = 16.7%) {50.0%}
1043  ... 
3865  --O                                                                       (2 = 33.3%) {66.7%}
5362  ... 

Histogram: V8.CompileMicroSeconds recorded 22 samples, mean = 83.7 (flags = 0x1)
0    ... 
5    -----O                                                                    (5 = 22.7%) {0.0%}
7    ----O                                                                     (4 = 18.2%) {22.7%}
9    -O                                                                        (1 = 4.5%) {40.9%}
12   -O                                                                        (1 = 4.5%) {45.5%}
16   -O                                                                        (1 = 4.5%) {50.0%}
21   ... 
49   ----O                                                                     (4 = 18.2%) {54.5%}
65   --O                                                                       (2 = 9.1%) {72.7%}
86   O                                                                         (0 = 0.0%) {81.8%}
113  --O                                                                       (2 = 9.1%) {81.8%}
149  ... 
448  -O                                                                        (1 = 4.5%) {90.9%}
590  -O                                                                        (1 = 4.5%) {95.5%}
777  ... 

Histogram: V8.CompileScript.CacheBehaviour recorded 48 samples, mean = 5.1 (flags = 0x1)
0   ... 
2   --------------------O                                                     (20 = 41.7%) {0.0%}
3   O                                                                         (0 = 0.0%) {41.7%}
4   ----------------O                                                         (16 = 33.3%) {41.7%}
5   ... 
8   --O                                                                       (2 = 4.2%) {75.0%}
9   ... 
12  ------O                                                                   (6 = 12.5%) {79.2%}
13  ----O                                                                     (4 = 8.3%) {91.7%}
14  ... 

Histogram: V8.CompileScriptMicroSeconds recorded 48 samples, mean = 100.5 (flags = 0x1)
0     ... 
5     ---O                                                                      (3 = 6.2%) {0.0%}
7     ---O                                                                      (3 = 6.2%) {6.2%}
9     -O                                                                        (1 = 2.1%) {12.5%}
12    -O                                                                        (1 = 2.1%) {14.6%}
16    --------O                                                                 (8 = 16.7%) {16.7%}
21    -----------O                                                              (11 = 22.9%) {33.3%}
28    --O                                                                       (2 = 4.2%) {56.2%}
37    --O                                                                       (2 = 4.2%) {60.4%}
49    ------O                                                                   (6 = 12.5%) {64.6%}
65    O                                                                         (0 = 0.0%) {77.1%}
86    --O                                                                       (2 = 4.2%) {77.1%}
113   --O                                                                       (2 = 4.2%) {81.2%}
149   ---O                                                                      (3 = 6.2%) {85.4%}
196   -O                                                                        (1 = 2.1%) {91.7%}
258   -O                                                                        (1 = 2.1%) {93.8%}
340   ... 
777   -O                                                                        (1 = 2.1%) {95.8%}
1023  O                                                                         (0 = 0.0%) {97.9%}
1347  -O                                                                        (1 = 2.1%) {97.9%}
1774  ... 

Histogram: V8.CompileScriptMicroSeconds.BackgroundThread recorded 6 samples, mean = 4473.7 (flags = 0x1)
0      ... 
448    -O                                                                        (1 = 16.7%) {0.0%}
590    -O                                                                        (1 = 16.7%) {16.7%}
777    O                                                                         (0 = 0.0%) {33.3%}
1023   -O                                                                        (1 = 16.7%) {33.3%}
1347   -O                                                                        (1 = 16.7%) {50.0%}
1774   ... 
3077   -O                                                                        (1 = 16.7%) {66.7%}
4053   ... 
16063  -O                                                                        (1 = 16.7%) {83.3%}
21156  ... 

Histogram: V8.CompileScriptMicroSeconds.ConsumeCache recorded 20 samples, mean = 20.2 (flags = 0x1)
0   ... 
5   ---O                                                                      (3 = 15.0%) {0.0%}
7   --O                                                                       (2 = 10.0%) {15.0%}
9   -O                                                                        (1 = 5.0%) {25.0%}
12  O                                                                         (0 = 0.0%) {30.0%}
16  ------O                                                                   (6 = 30.0%) {30.0%}
21  ------O                                                                   (6 = 30.0%) {60.0%}
28  ... 
49  --O                                                                       (2 = 10.0%) {90.0%}
65  ... 

Histogram: V8.CompileScriptMicroSeconds.ConsumeCache.BackgroundThread recorded 20 samples, mean = 1900.8 (flags = 0x1)
0     ... 
65    -O                                                                        (1 = 5.0%) {0.0%}
86    --O                                                                       (2 = 10.0%) {5.0%}
113   -O                                                                        (1 = 5.0%) {15.0%}
149   O                                                                         (0 = 0.0%) {20.0%}
196   --O                                                                       (2 = 10.0%) {20.0%}
258   -O                                                                        (1 = 5.0%) {30.0%}
340   --O                                                                       (2 = 10.0%) {35.0%}
448   -O                                                                        (1 = 5.0%) {45.0%}
590   O                                                                         (0 = 0.0%) {50.0%}
777   -O                                                                        (1 = 5.0%) {50.0%}
1023  -O                                                                        (1 = 5.0%) {55.0%}
1347  -O                                                                        (1 = 5.0%) {60.0%}
1774  --O                                                                       (2 = 10.0%) {65.0%}
2336  -O                                                                        (1 = 5.0%) {75.0%}
3077  -O                                                                        (1 = 5.0%) {80.0%}
4053  O                                                                         (0 = 0.0%) {85.0%}
5338  --O                                                                       (2 = 10.0%) {85.0%}
7031  -O                                                                        (1 = 5.0%) {95.0%}
9260  ... 

Histogram: V8.CompileScriptMicroSeconds.NoCache.InlineScript recorded 16 samples, mean = 77.3 (flags = 0x1)
0    ... 
16   --O                                                                       (2 = 12.5%) {0.0%}
21   ---O                                                                      (3 = 18.8%) {12.5%}
28   --O                                                                       (2 = 12.5%) {31.2%}
37   --O                                                                       (2 = 12.5%) {43.8%}
49   --O                                                                       (2 = 12.5%) {56.2%}
65   O                                                                         (0 = 0.0%) {68.8%}
86   -O                                                                        (1 = 6.2%) {68.8%}
113  -O                                                                        (1 = 6.2%) {75.0%}
149  --O                                                                       (2 = 12.5%) {81.2%}
196  O                                                                         (0 = 0.0%) {93.8%}
258  -O                                                                        (1 = 6.2%) {93.8%}
340  ... 

Histogram: V8.CompileScriptMicroSeconds.NoCache.Other recorded 6 samples, mean = 512.8 (flags = 0x1)
0     ... 
86    -O                                                                        (1 = 16.7%) {0.0%}
113   -O                                                                        (1 = 16.7%) {16.7%}
149   -O                                                                        (1 = 16.7%) {33.3%}
196   -O                                                                        (1 = 16.7%) {50.0%}
258   ... 
777   -O                                                                        (1 = 16.7%) {66.7%}
1023  O                                                                         (0 = 0.0%) {83.3%}
1347  -O                                                                        (1 = 16.7%) {83.3%}
1774  ... 

Histogram: V8.CompileScriptMicroSeconds.StreamingFinalization recorded 6 samples, mean = 29.8 (flags = 0x1)
0   ... 
7   -O                                                                        (1 = 16.7%) {0.0%}
9   O                                                                         (0 = 0.0%) {16.7%}
12  -O                                                                        (1 = 16.7%) {16.7%}
16  O                                                                         (0 = 0.0%) {33.3%}
21  --O                                                                       (2 = 33.3%) {33.3%}
28  ... 
49  --O                                                                       (2 = 33.3%) {66.7%}
65  ... 

Histogram: V8.CompileSerializeMicroSeconds recorded 1 samples, mean = 7999.0 (flags = 0x1)
0     ... 
6758  -O                                                                        (1 = 100.0%) {0.0%}
8459  ... 

Histogram: V8.ErrorsThrownPerContext recorded 1 samples, mean = 0.0 (flags = 0x1)
0  -O                                                                        (1 = 100.0%)
1  ... 

Histogram: V8.GC.Cycle.CollectionRate.Full recorded 4 samples, mean = 92.0 (flags = 0x1)
0    ... 
64   -O                                                                        (1 = 25.0%) {0.0%}
80   --O                                                                       (2 = 50.0%) {25.0%}
100  -O                                                                        (1 = 25.0%) {75.0%}

Histogram: V8.GC.Cycle.CollectionRate.Full.Cpp recorded 4 samples, mean = 82.2 (flags = 0x1)
0    ... 
41   -O                                                                        (1 = 25.0%) {0.0%}
51   ... 
80   --O                                                                       (2 = 50.0%) {25.0%}
100  -O                                                                        (1 = 25.0%) {75.0%}

Histogram: V8.GC.Cycle.CollectionRate.Young recorded 12 samples, mean = 30.6 (flags = 0x1)
0   ... 
9   -O                                                                        (1 = 8.3%) {0.0%}
11  ... 
17  ---O                                                                      (3 = 25.0%) {8.3%}
21  -O                                                                        (1 = 8.3%) {33.3%}
26  ---O                                                                      (3 = 25.0%) {41.7%}
33  O                                                                         (0 = 0.0%) {66.7%}
41  ---O                                                                      (3 = 25.0%) {66.7%}
51  -O                                                                        (1 = 8.3%) {91.7%}
64  ... 

Histogram: V8.GC.Cycle.CollectionWeight.Full recorded 4 samples, mean = 0.0 (flags = 0x1)
0  ----O                                                                     (4 = 100.0%)
1  ... 

Histogram: V8.GC.Cycle.CollectionWeight.Full.Cpp recorded 4 samples, mean = 0.0 (flags = 0x1)
0  ----O                                                                     (4 = 100.0%)
1  ... 

Histogram: V8.GC.Cycle.CollectionWeight.MainThread.Full recorded 4 samples, mean = 0.0 (flags = 0x1)
0  ----O                                                                     (4 = 100.0%)
1  ... 

Histogram: V8.GC.Cycle.CollectionWeight.MainThread.Full.Cpp recorded 4 samples, mean = 0.0 (flags = 0x1)
0  ----O                                                                     (4 = 100.0%)
1  ... 

Histogram: V8.GC.Cycle.Efficiency.Full recorded 4 samples, mean = 7.5 (flags = 0x1)
0   --O                                                                       (2 = 50.0%)
1   ... 
7   -O                                                                        (1 = 25.0%) {50.0%}
10  ... 
19  -O                                                                        (1 = 25.0%) {75.0%}
26  ... 

Histogram: V8.GC.Cycle.Efficiency.Full.Cpp recorded 4 samples, mean = 39.0 (flags = 0x1)
0    --O                                                                       (2 = 50.0%)
1    ... 
14   -O                                                                        (1 = 25.0%) {50.0%}
19   ... 
120  -O                                                                        (1 = 25.0%) {75.0%}
163  ... 

Histogram: V8.GC.Cycle.Efficiency.MainThread.Full recorded 4 samples, mean = 46.8 (flags = 0x1)
0    --O                                                                       (2 = 50.0%)
1    ... 
35   -O                                                                        (1 = 25.0%) {50.0%}
48   ... 
120  -O                                                                        (1 = 25.0%) {75.0%}
163  ... 

Histogram: V8.GC.Cycle.Efficiency.MainThread.Full.Cpp recorded 4 samples, mean = 85.5 (flags = 0x1)
0    --O                                                                       (2 = 50.0%)
1    ... 
26   -O                                                                        (1 = 25.0%) {50.0%}
35   ... 
302  -O                                                                        (1 = 25.0%) {75.0%}
411  ... 

Histogram: V8.GC.Cycle.Efficiency.MainThread.Young recorded 12 samples, mean = 1025.7 (flags = 0x1)
0     ... 
222   -O                                                                        (1 = 8.3%) {0.0%}
302   --O                                                                       (2 = 16.7%) {8.3%}
411   O                                                                         (0 = 0.0%) {25.0%}
559   -O                                                                        (1 = 8.3%) {25.0%}
760   --O                                                                       (2 = 16.7%) {33.3%}
1034  ----O                                                                     (4 = 33.3%) {50.0%}
1407  -O                                                                        (1 = 8.3%) {83.3%}
1914  -O                                                                        (1 = 8.3%) {91.7%}
2604  ... 

Histogram: V8.GC.Cycle.Efficiency.Young recorded 12 samples, mean = 551.5 (flags = 0x1)
0     ... 
163   --O                                                                       (2 = 16.7%) {0.0%}
222   -O                                                                        (1 = 8.3%) {16.7%}
302   --O                                                                       (2 = 16.7%) {25.0%}
411   --O                                                                       (2 = 16.7%) {41.7%}
559   ---O                                                                      (3 = 25.0%) {58.3%}
760   -O                                                                        (1 = 8.3%) {83.3%}
1034  -O                                                                        (1 = 8.3%) {91.7%}
1407  ... 

Histogram: V8.GC.Cycle.Full recorded 4 samples, mean = 123.5 (flags = 0x1)
0    ... 
96   -O                                                                        (1 = 25.0%) {0.0%}
114  --O                                                                       (2 = 50.0%) {25.0%}
135  -O                                                                        (1 = 25.0%) {75.0%}
160  ... 

Histogram: V8.GC.Cycle.Full.Compact recorded 4 samples, mean = 9.5 (flags = 0x1)
0   --O                                                                       (2 = 50.0%)
1   ... 
14  -O                                                                        (1 = 25.0%) {50.0%}
17  ... 
24  -O                                                                        (1 = 25.0%) {75.0%}
29  ... 

Histogram: V8.GC.Cycle.Full.Compact.Cpp recorded 4 samples, mean = 2.2 (flags = 0x1)
0  --O                                                                       (2 = 50.0%)
1  -O                                                                        (1 = 25.0%) {50.0%}
2  ... 
8  -O                                                                        (1 = 25.0%) {75.0%}
10 ... 

Histogram: V8.GC.Cycle.Full.Cpp recorded 4 samples, mean = 37.0 (flags = 0x1)
0   ... 
20  -O                                                                        (1 = 25.0%) {0.0%}
24  -O                                                                        (1 = 25.0%) {25.0%}
29  ... 
48  --O                                                                       (2 = 50.0%) {50.0%}
57  ... 

Histogram: V8.GC.Cycle.Full.Mark recorded 4 samples, mean = 93.5 (flags = 0x1)
0   ... 
81  --O                                                                       (2 = 50.0%) {0.0%}
96  --O                                                                       (2 = 50.0%) {50.0%}
114 ... 

Histogram: V8.GC.Cycle.Full.Mark.Cpp recorded 4 samples, mean = 25.2 (flags = 0x1)
0   ... 
17  -O                                                                        (1 = 25.0%) {0.0%}
20  O                                                                         (0 = 0.0%) {25.0%}
24  --O                                                                       (2 = 50.0%) {25.0%}
29  -O                                                                        (1 = 25.0%) {75.0%}
34  ... 

Histogram: V8.GC.Cycle.Full.Sweep recorded 4 samples, mean = 14.8 (flags = 0x1)
0   ... 
10  -O                                                                        (1 = 25.0%) {0.0%}
12  O                                                                         (0 = 0.0%) {25.0%}
14  --O                                                                       (2 = 50.0%) {25.0%}
17  -O                                                                        (1 = 25.0%) {75.0%}
20  ... 

Histogram: V8.GC.Cycle.Full.Sweep.Cpp recorded 4 samples, mean = 8.8 (flags = 0x1)
0   ... 
2   -O                                                                        (1 = 25.0%) {0.0%}
3   -O                                                                        (1 = 25.0%) {25.0%}
4   ... 
14  --O                                                                       (2 = 50.0%) {50.0%}
17  ... 

Histogram: V8.GC.Cycle.Full.Weak recorded 4 samples, mean = 0.5 (flags = 0x1)
0  ---O                                                                      (3 = 75.0%)
1  O                                                                         (0 = 0.0%) {75.0%}
2  -O                                                                        (1 = 25.0%) {75.0%}
3  ... 

Histogram: V8.GC.Cycle.Full.Weak.Cpp recorded 4 samples, mean = 0.0 (flags = 0x1)
0  ----O                                                                     (4 = 100.0%)
1  ... 

Histogram: V8.GC.Cycle.MainThread.Full recorded 4 samples, mean = 20.2 (flags = 0x1)
0   ... 
14  -O                                                                        (1 = 25.0%) {0.0%}
17  O                                                                         (0 = 0.0%) {25.0%}
20  --O                                                                       (2 = 50.0%) {25.0%}
24  -O                                                                        (1 = 25.0%) {75.0%}
29  ... 

Histogram: V8.GC.Cycle.MainThread.Full.Atomic recorded 4 samples, mean = 15.2 (flags = 0x1)
0   ... 
4   -O                                                                        (1 = 25.0%) {0.0%}
5   ... 
17  --O                                                                       (2 = 50.0%) {25.0%}
20  -O                                                                        (1 = 25.0%) {75.0%}
24  ... 

Histogram: V8.GC.Cycle.MainThread.Full.Atomic.Compact recorded 4 samples, mean = 3.2 (flags = 0x1)
0  --O                                                                       (2 = 50.0%)
1  ... 
5  -O                                                                        (1 = 25.0%) {50.0%}
6  ... 
8  -O                                                                        (1 = 25.0%) {75.0%}
10 ... 

Histogram: V8.GC.Cycle.MainThread.Full.Atomic.Compact.Cpp recorded 4 samples, mean = 2.2 (flags = 0x1)
0  --O                                                                       (2 = 50.0%)
1  -O                                                                        (1 = 25.0%) {50.0%}
2  ... 
8  -O                                                                        (1 = 25.0%) {75.0%}
10 ... 

Histogram: V8.GC.Cycle.MainThread.Full.Atomic.Cpp recorded 4 samples, mean = 5.5 (flags = 0x1)
0  ... 
2  -O                                                                        (1 = 25.0%) {0.0%}
3  ... 
5  -O                                                                        (1 = 25.0%) {25.0%}
6  -O                                                                        (1 = 25.0%) {50.0%}
7  O                                                                         (0 = 0.0%) {75.0%}
8  -O                                                                        (1 = 25.0%) {75.0%}
10 ... 

Histogram: V8.GC.Cycle.MainThread.Full.Atomic.Mark recorded 4 samples, mean = 6.2 (flags = 0x1)
0   --O                                                                       (2 = 50.0%)
1   ... 
7   -O                                                                        (1 = 25.0%) {50.0%}
8   ... 
17  -O                                                                        (1 = 25.0%) {75.0%}
20  ... 

Histogram: V8.GC.Cycle.MainThread.Full.Atomic.Mark.Cpp recorded 4 samples, mean = 2.2 (flags = 0x1)
0  --O                                                                       (2 = 50.0%)
1  ... 
4  -O                                                                        (1 = 25.0%) {50.0%}
5  -O                                                                        (1 = 25.0%) {75.0%}
6  ... 

Histogram: V8.GC.Cycle.MainThread.Full.Atomic.Sweep recorded 4 samples, mean = 0.2 (flags = 0x1)
0  ---O                                                                      (3 = 75.0%)
1  -O                                                                        (1 = 25.0%) {75.0%}
2  ... 

Histogram: V8.GC.Cycle.MainThread.Full.Atomic.Sweep.Cpp recorded 4 samples, mean = 0.0 (flags = 0x1)
0  ----O                                                                     (4 = 100.0%)
1  ... 

Histogram: V8.GC.Cycle.MainThread.Full.Atomic.Weak recorded 4 samples, mean = 0.5 (flags = 0x1)
0  ---O                                                                      (3 = 75.0%)
1  O                                                                         (0 = 0.0%) {75.0%}
2  -O                                                                        (1 = 25.0%) {75.0%}
3  ... 

Histogram: V8.GC.Cycle.MainThread.Full.Atomic.Weak.Cpp recorded 4 samples, mean = 0.0 (flags = 0x1)
0  ----O                                                                     (4 = 100.0%)
1  ... 

Histogram: V8.GC.Cycle.MainThread.Full.Compact recorded 4 samples, mean = 3.2 (flags = 0x1)
0  --O                                                                       (2 = 50.0%)
1  ... 
5  -O                                                                        (1 = 25.0%) {50.0%}
6  ... 
8  -O                                                                        (1 = 25.0%) {75.0%}
10 ... 

Histogram: V8.GC.Cycle.MainThread.Full.Compact.Cpp recorded 4 samples, mean = 2.2 (flags = 0x1)
0  --O                                                                       (2 = 50.0%)
1  -O                                                                        (1 = 25.0%) {50.0%}
2  ... 
8  -O                                                                        (1 = 25.0%) {75.0%}
10 ... 

Histogram: V8.GC.Cycle.MainThread.Full.Cpp recorded 4 samples, mean = 16.2 (flags = 0x1)
0   ... 
6   -O                                                                        (1 = 25.0%) {0.0%}
7   O                                                                         (0 = 0.0%) {25.0%}
8   -O                                                                        (1 = 25.0%) {25.0%}
10  ... 
20  -O                                                                        (1 = 25.0%) {50.0%}
24  O                                                                         (0 = 0.0%) {75.0%}
29  -O                                                                        (1 = 25.0%) {75.0%}
34  ... 

Histogram: V8.GC.Cycle.MainThread.Full.Incremental.Mark recorded 3 samples, mean = 6.7 (flags = 0x1)
0   O                                                                         (0 = 0.0%)
1   -O                                                                        (1 = 33.3%) {0.0%}
2   ... 
8   -O                                                                        (1 = 33.3%) {33.3%}
10  -O                                                                        (1 = 33.3%) {66.7%}
12  ... 

Histogram: V8.GC.Cycle.MainThread.Full.Incremental.Mark.Cpp recorded 4 samples, mean = 3.0 (flags = 0x1)
0  -O                                                                        (1 = 25.0%)
1  -O                                                                        (1 = 25.0%) {25.0%}
2  ... 
5  -O                                                                        (1 = 25.0%) {50.0%}
6  -O                                                                        (1 = 25.0%) {75.0%}
7  ... 

Histogram: V8.GC.Cycle.MainThread.Full.Incremental.Mark.StartStop recorded 3 samples, mean = 18.0 (flags = 0x1)
0   ... 
14  -O                                                                        (1 = 33.3%) {0.0%}
17  -O                                                                        (1 = 33.3%) {33.3%}
20  -O                                                                        (1 = 33.3%) {66.7%}
24  ... 

Histogram: V8.GC.Cycle.MainThread.Full.Incremental.Sweep recorded 4 samples, mean = 0.0 (flags = 0x1)
0  ----O                                                                     (4 = 100.0%)
1  ... 

Histogram: V8.GC.Cycle.MainThread.Full.Incremental.Sweep.Cpp recorded 4 samples, mean = 7.0 (flags = 0x1)
0   -O                                                                        (1 = 25.0%)
1   -O                                                                        (1 = 25.0%) {25.0%}
2   ... 
12  -O                                                                        (1 = 25.0%) {50.0%}
14  -O                                                                        (1 = 25.0%) {75.0%}
17  ... 

Histogram: V8.GC.Cycle.MainThread.Full.Mark recorded 4 samples, mean = 11.2 (flags = 0x1)
0   ... 
8   --O                                                                       (2 = 50.0%) {0.0%}
10  -O                                                                        (1 = 25.0%) {50.0%}
12  ... 
17  -O                                                                        (1 = 25.0%) {75.0%}
20  ... 

Histogram: V8.GC.Cycle.MainThread.Full.Mark.Cpp recorded 4 samples, mean = 5.5 (flags = 0x1)
0  ... 
5  --O                                                                       (2 = 50.0%) {0.0%}
6  --O                                                                       (2 = 50.0%) {50.0%}
7  ... 

Histogram: V8.GC.Cycle.MainThread.Full.Sweep recorded 4 samples, mean = 0.2 (flags = 0x1)
0  ---O                                                                      (3 = 75.0%)
1  -O                                                                        (1 = 25.0%) {75.0%}
2  ... 

Histogram: V8.GC.Cycle.MainThread.Full.Sweep.Cpp recorded 4 samples, mean = 7.0 (flags = 0x1)
0   -O                                                                        (1 = 25.0%)
1   -O                                                                        (1 = 25.0%) {25.0%}
2   ... 
12  -O                                                                        (1 = 25.0%) {50.0%}
14  -O                                                                        (1 = 25.0%) {75.0%}
17  ... 

Histogram: V8.GC.Cycle.MainThread.Full.Weak recorded 4 samples, mean = 0.5 (flags = 0x1)
0  ---O                                                                      (3 = 75.0%)
1  O                                                                         (0 = 0.0%) {75.0%}
2  -O                                                                        (1 = 25.0%) {75.0%}
3  ... 

Histogram: V8.GC.Cycle.MainThread.Full.Weak.Cpp recorded 4 samples, mean = 0.0 (flags = 0x1)
0  ----O                                                                     (4 = 100.0%)
1  ... 

Histogram: V8.GC.Cycle.MainThread.Young recorded 12 samples, mean = 0.7 (flags = 0x1)
0  ----O                                                                     (4 = 33.3%)
1  --------O                                                                 (8 = 66.7%) {33.3%}
2  ... 

Histogram: V8.GC.Cycle.Memory.Freed.Full recorded 4 samples, mean = 2240.0 (flags = 0x1)
0     --O                                                                       (2 = 50.0%)
1     ... 
1407  -O                                                                        (1 = 25.0%) {50.0%}
1914  ... 
6554  -O                                                                        (1 = 25.0%) {75.0%}
8915  ... 

Histogram: V8.GC.Cycle.Memory.Freed.Full.Cpp recorded 4 samples, mean = 2112.0 (flags = 0x1)
0     --O                                                                       (2 = 50.0%)
1     ... 
3542  --O                                                                       (2 = 50.0%) {50.0%}
4818  ... 

Histogram: V8.GC.Cycle.Objects.After.Full recorded 4 samples, mean = 10805.8 (flags = 0x1)
0     ... 
8915  ----O                                                                     (4 = 100.0%) {0.0%}
12127 ... 

Histogram: V8.GC.Cycle.Objects.After.Full.Cpp recorded 4 samples, mean = 5157.5 (flags = 0x1)
0     ... 
4818  ----O                                                                     (4 = 100.0%) {0.0%}
6554  ... 

Histogram: V8.GC.Cycle.Objects.Before.Full recorded 4 samples, mean = 11828.2 (flags = 0x1)
0      ... 
8915   ---O                                                                      (3 = 75.0%) {0.0%}
12127  -O                                                                        (1 = 25.0%) {75.0%}
16496  ... 

Histogram: V8.GC.Cycle.Objects.Before.Full.Cpp recorded 4 samples, mean = 7120.5 (flags = 0x1)
0      ... 
4818   ---O                                                                      (3 = 75.0%) {0.0%}
6554   ... 
12127  -O                                                                        (1 = 25.0%) {75.0%}
16496  ... 

Histogram: V8.GC.Cycle.Objects.Freed.Full recorded 4 samples, mean = 1022.5 (flags = 0x1)
0     --O                                                                       (2 = 50.0%)
1     ... 
760   -O                                                                        (1 = 25.0%) {50.0%}
1034  ... 
2604  -O                                                                        (1 = 25.0%) {75.0%}
3542  ... 

Histogram: V8.GC.Cycle.Objects.Freed.Full.Cpp recorded 4 samples, mean = 1962.8 (flags = 0x1)
0     --O                                                                       (2 = 50.0%)
1     ... 
760   -O                                                                        (1 = 25.0%) {50.0%}
1034  ... 
6554  -O                                                                        (1 = 25.0%) {75.0%}
8915  ... 

Histogram: V8.GC.Cycle.Reason.Full recorded 4 samples, mean = 8.8 (flags = 0x1)
0   O                                                                         (0 = 0.0%)
1   -O                                                                        (1 = 25.0%) {0.0%}
2   ... 
9   --O                                                                       (2 = 50.0%) {25.0%}
10  ... 
16  -O                                                                        (1 = 25.0%) {75.0%}
17  ... 

Histogram: V8.GC.Cycle.Reason.Young recorded 12 samples, mean = 2.8 (flags = 0x1)
0   O                                                                         (0 = 0.0%)
1   ----------O                                                               (10 = 83.3%) {0.0%}
2   ... 
12  --O                                                                       (2 = 16.7%) {83.3%}
13  ... 

Histogram: V8.GC.Cycle.Young recorded 12 samples, mean = 1.7 (flags = 0x1)
0  -O                                                                        (1 = 8.3%)
1  ----O                                                                     (4 = 33.3%) {8.3%}
2  -----O                                                                    (5 = 41.7%) {41.7%}
3  --O                                                                       (2 = 16.7%) {83.3%}
4  ... 

Histogram: V8.GC.Event.MainThread.Full.Finalize.Incremental.ReduceMemory recorded 3 samples, mean = 13.3 (flags = 0x1)
0   ... 
4   -O                                                                        (1 = 33.3%) {0.0%}
5   ... 
17  --O                                                                       (2 = 66.7%) {33.3%}
20  ... 

Histogram: V8.GC.Event.MainThread.Full.Finalize.Incremental.ReduceMemory.Background recorded 3 samples, mean = 13.3 (flags = 0x1)
0   ... 
4   -O                                                                        (1 = 33.3%) {0.0%}
5   ... 
17  --O                                                                       (2 = 66.7%) {33.3%}
20  ... 

Histogram: V8.GC.Event.MainThread.Full.Finalize.NonIncremental.ReduceMemory recorded 2 samples, mean = 22.0 (flags = 0x1)
0   ... 
20  --O                                                                       (2 = 100.0%) {0.0%}
24  ... 

Histogram: V8.GC.Event.MainThread.Full.Finalize.NonIncremental.ReduceMemory .Background recorded 2 samples, mean = 22.0 (flags = 0x1)
0   ... 
20  --O                                                                       (2 = 100.0%) {0.0%}
24  ... 

Histogram: V8.GC.Event.MainThread.Full.Incremental.Mark recorded 143 samples, mean = 0.0 (flags = 0x1)
0  ------------------------------------------------------------------------O (140 = 97.9%)
1  --O                                                                       (3 = 2.1%) {97.9%}
2  ... 

Histogram: V8.GC.Event.MainThread.Full.Incremental.Mark.Cpp recorded 148 samples, mean = 0.0 (flags = 0x1)
0  ------------------------------------------------------------------------O (144 = 97.3%)
1  --O                                                                       (4 = 2.7%) {97.3%}
2  ... 

Histogram: V8.GC.Event.MainThread.Full.Incremental.Sweep.Cpp recorded 15 samples, mean = 1.7 (flags = 0x1)
0  ---------O                                                                (9 = 60.0%)
1  -O                                                                        (1 = 6.7%) {60.0%}
2  -O                                                                        (1 = 6.7%) {66.7%}
3  ... 
5  --O                                                                       (2 = 13.3%) {73.3%}
6  --O                                                                       (2 = 13.3%) {86.7%}
7  ... 

Histogram: V8.GC.TimeToSafepoint recorded 20 samples, mean = 5.7 (flags = 0x1)
0   O                                                                         (0 = 0.0%)
1   -----O                                                                    (5 = 25.0%) {0.0%}
2   -----------O                                                              (11 = 55.0%) {25.0%}
3   --O                                                                       (2 = 10.0%) {80.0%}
4   -O                                                                        (1 = 5.0%) {90.0%}
6   ... 
76  -O                                                                        (1 = 5.0%) {95.0%}
105 ... 

Histogram: V8.GCIncrementalMarking recorded 143 samples, mean = 0.1 (flags = 0x1)
0  ------------------------------------------------------------------------O (135 = 94.4%)
1  ----O                                                                     (7 = 4.9%) {94.4%}
2  -O                                                                        (1 = 0.7%) {99.3%}
3  ... 

Histogram: V8.GCIncrementalMarkingReason recorded 3 samples, mean = 15.3 (flags = 0x1)
0   ... 
12  -O                                                                        (1 = 33.3%) {0.0%}
13  ... 
17  --O                                                                       (2 = 66.7%) {33.3%}
18  ... 

Histogram: V8.GCIncrementalMarkingStart recorded 3 samples, mean = 0.0 (flags = 0x1)
0  ---O                                                                      (3 = 100.0%)
1  ... 

Histogram: V8.GCMarkCompactReason recorded 4 samples, mean = 8.8 (flags = 0x1)
0   O                                                                         (0 = 0.0%)
1   -O                                                                        (1 = 25.0%) {0.0%}
2   ... 
9   --O                                                                       (2 = 50.0%) {25.0%}
10  ... 
16  -O                                                                        (1 = 25.0%) {75.0%}
17  ... 

Histogram: V8.GCScavenger.ScavengeMain recorded 12 samples, mean = 0.2 (flags = 0x1)
0  ---------O                                                                (9 = 75.0%)
1  ---O                                                                      (3 = 25.0%) {75.0%}
2  ... 

Histogram: V8.GCScavenger.ScavengeRoots recorded 12 samples, mean = 0.0 (flags = 0x1)
0  ------------O                                                             (12 = 100.0%)
1  ... 

Histogram: V8.JSDispatchTableEntriesCount recorded 5 samples, mean = 0.0 (flags = 0x1)
0  -----O                                                                    (5 = 100.0%)
1  ... 

Histogram: V8.LocalWindowProxy.CreateContextTime recorded 4 samples, mean = 2.5 (flags = 0x1)
0  O                                                                         (0 = 0.0%)
1  --O                                                                       (2 = 50.0%) {0.0%}
2  O                                                                         (0 = 0.0%) {50.0%}
3  -O                                                                        (1 = 25.0%) {50.0%}
4  O                                                                         (0 = 0.0%) {75.0%}
5  -O                                                                        (1 = 25.0%) {75.0%}
6  ... 

Histogram: V8.LocalWindowProxy.InitializeTime recorded 4 samples, mean = 4.5 (flags = 0x1)
0  ... 
2  --O                                                                       (2 = 50.0%) {0.0%}
3  ... 
6  -O                                                                        (1 = 25.0%) {50.0%}
7  O                                                                         (0 = 0.0%) {75.0%}
8  -O                                                                        (1 = 25.0%) {75.0%}
10 ... 

Histogram: V8.MaglevOptimizeExecute recorded 120 samples, mean = 881.2 (flags = 0x1)
0      ... 
39     -O                                                                        (1 = 0.8%) {0.0%}
49     -O                                                                        (1 = 0.8%) {0.8%}
61     --O                                                                       (2 = 1.7%) {1.7%}
76     ---O                                                                      (3 = 2.5%) {3.3%}
95     -O                                                                        (1 = 0.8%) {5.8%}
119    ----O                                                                     (4 = 3.3%) {6.7%}
149    ----O                                                                     (4 = 3.3%) {10.0%}
186    ---------O                                                                (9 = 7.5%) {13.3%}
233    ---------O                                                                (9 = 7.5%) {20.8%}
292    ------O                                                                   (6 = 5.0%) {28.3%}
365    -----------------O                                                        (17 = 14.2%) {33.3%}
457    ------------------O                                                       (18 = 15.0%) {47.5%}
572    -----------O                                                              (11 = 9.2%) {62.5%}
716    ---------O                                                                (9 = 7.5%) {71.7%}
896    -------O                                                                  (7 = 5.8%) {79.2%}
1122   -----O                                                                    (5 = 4.2%) {85.0%}
1404   ----O                                                                     (4 = 3.3%) {89.2%}
1757   -O                                                                        (1 = 0.8%) {92.5%}
2199   --O                                                                       (2 = 1.7%) {93.3%}
2753   ---O                                                                      (3 = 2.5%) {95.0%}
3446   -O                                                                        (1 = 0.8%) {97.5%}
4313   ... 
6758   -O                                                                        (1 = 0.8%) {98.3%}
8459   ... 
20769  -O                                                                        (1 = 0.8%) {99.2%}
25997  ... 

Histogram: V8.MaglevOptimizeFinalize recorded 120 samples, mean = 17.3 (flags = 0x1)
0    --O                                                                       (2 = 1.7%)
1    -----O                                                                    (5 = 4.2%) {1.7%}
2    ----O                                                                     (4 = 3.3%) {5.8%}
3    ---O                                                                      (3 = 2.5%) {9.2%}
4    ---O                                                                      (3 = 2.5%) {11.7%}
5    ----------O                                                               (10 = 8.3%) {14.2%}
6    ------------O                                                             (12 = 10.0%) {22.5%}
8    -------O                                                                  (7 = 5.8%) {32.5%}
10   -------------O                                                            (13 = 10.8%) {38.3%}
13   ---------------O                                                          (15 = 12.5%) {49.2%}
16   ---------------O                                                          (15 = 12.5%) {61.7%}
20   ---------------O                                                          (15 = 12.5%) {74.2%}
25   -------O                                                                  (7 = 5.8%) {86.7%}
31   ----O                                                                     (4 = 3.3%) {92.5%}
39   ---O                                                                      (3 = 2.5%) {95.8%}
49   O                                                                         (0 = 0.0%) {98.3%}
61   -O                                                                        (1 = 0.8%) {98.3%}
76   ... 
365  -O                                                                        (1 = 0.8%) {99.2%}
457  ... 

Histogram: V8.MaglevOptimizePrepare recorded 120 samples, mean = 0.4 (flags = 0x1)
0  ------------------------------------------------------------------------O (74 = 61.7%)
1  --------------------------------------------O                             (45 = 37.5%) {61.7%}
2  ... 
5  -O                                                                        (1 = 0.8%) {99.2%}
6  ... 

Histogram: V8.MaglevOptimizeTotalTime recorded 120 samples, mean = 1088.6 (flags = 0x1)
0      ... 
65     -O                                                                        (1 = 0.8%) {0.0%}
86     O                                                                         (0 = 0.0%) {0.8%}
113    --O                                                                       (2 = 1.7%) {0.8%}
149    ---O                                                                      (3 = 2.5%) {2.5%}
196    ----O                                                                     (4 = 3.3%) {5.0%}
258    --------------O                                                           (14 = 11.7%) {8.3%}
340    --------O                                                                 (8 = 6.7%) {20.0%}
448    ------------------------------O                                           (30 = 25.0%) {26.7%}
590    --------------O                                                           (14 = 11.7%) {51.7%}
777    -----------O                                                              (11 = 9.2%) {63.3%}
1023   ----------------O                                                         (16 = 13.3%) {72.5%}
1347   --O                                                                       (2 = 1.7%) {85.8%}
1774   -----O                                                                    (5 = 4.2%) {87.5%}
2336   ----O                                                                     (4 = 3.3%) {91.7%}
3077   ---O                                                                      (3 = 2.5%) {95.0%}
4053   -O                                                                        (1 = 0.8%) {97.5%}
5338   O                                                                         (0 = 0.0%) {98.3%}
7031   -O                                                                        (1 = 0.8%) {98.3%}
9260   ... 
16063  -O                                                                        (1 = 0.8%) {99.2%}
21156  ... 

Histogram: V8.MemoryExternalFragmentationCodeSpace recorded 17 samples, mean = 52.2 (flags = 0x1)
0   ... 
19  -O                                                                        (1 = 5.9%) {0.0%}
20  O                                                                         (0 = 0.0%) {5.9%}
21  ----O                                                                     (4 = 23.5%) {5.9%}
22  -O                                                                        (1 = 5.9%) {29.4%}
23  ... 
32  -O                                                                        (1 = 5.9%) {35.3%}
33  ... 
39  -O                                                                        (1 = 5.9%) {41.2%}
40  ... 
58  -O                                                                        (1 = 5.9%) {47.1%}
59  ... 
62  -O                                                                        (1 = 5.9%) {52.9%}
63  ... 
74  -O                                                                        (1 = 5.9%) {58.8%}
75  ... 
78  -O                                                                        (1 = 5.9%) {64.7%}
79  -O                                                                        (1 = 5.9%) {70.6%}
80  O                                                                         (0 = 0.0%) {76.5%}
81  --O                                                                       (2 = 11.8%) {76.5%}
82  ... 
87  -O                                                                        (1 = 5.9%) {88.2%}
88  ... 
91  -O                                                                        (1 = 5.9%) {94.1%}
92  ... 

Histogram: V8.MemoryExternalFragmentationLoSpace recorded 17 samples, mean = 1.0 (flags = 0x1)
0  O                                                                         (0 = 0.0%)
1  -----------------O                                                        (17 = 100.0%) {0.0%}
2  ... 

Histogram: V8.MemoryExternalFragmentationOldSpace recorded 17 samples, mean = 7.7 (flags = 0x1)
0   ... 
4   -O                                                                        (1 = 5.9%) {0.0%}
5   -----O                                                                    (5 = 29.4%) {5.9%}
6   ---O                                                                      (3 = 17.6%) {35.3%}
7   -O                                                                        (1 = 5.9%) {52.9%}
8   --O                                                                       (2 = 11.8%) {58.8%}
9   -O                                                                        (1 = 5.9%) {70.6%}
10  -O                                                                        (1 = 5.9%) {76.5%}
11  O                                                                         (0 = 0.0%) {82.4%}
12  -O                                                                        (1 = 5.9%) {82.4%}
13  -O                                                                        (1 = 5.9%) {88.2%}
14  ... 
17  -O                                                                        (1 = 5.9%) {94.1%}
18  ... 

Histogram: V8.MemoryExternalFragmentationTotal recorded 17 samples, mean = 33.8 (flags = 0x1)
0   ... 
16  ----O                                                                     (4 = 23.5%) {0.0%}
17  ... 
20  -O                                                                        (1 = 5.9%) {23.5%}
21  ... 
35  -O                                                                        (1 = 5.9%) {29.4%}
36  -O                                                                        (1 = 5.9%) {35.3%}
37  --O                                                                       (2 = 11.8%) {41.2%}
38  O                                                                         (0 = 0.0%) {52.9%}
39  --O                                                                       (2 = 11.8%) {52.9%}
40  O                                                                         (0 = 0.0%) {64.7%}
41  --O                                                                       (2 = 11.8%) {64.7%}
42  ... 
45  --O                                                                       (2 = 11.8%) {76.5%}
46  O                                                                         (0 = 0.0%) {88.2%}
47  -O                                                                        (1 = 5.9%) {88.2%}
48  -O                                                                        (1 = 5.9%) {94.1%}
49  ... 

Histogram: V8.MemoryHeapSampleCodeSpaceCommitted recorded 17 samples, mean = 1008.9 (flags = 0x1)
0     -----------O                                                              (11 = 64.7%)
1000  -O                                                                        (1 = 5.9%) {64.7%}
1138  ... 
1474  -----O                                                                    (5 = 29.4%) {70.6%}
1678  ... 

Histogram: V8.MemoryHeapSampleMaximumCommitted recorded 17 samples, mean = 14636.9 (flags = 0x1)
0      ... 
6971   --O                                                                       (2 = 11.8%) {0.0%}
7935   -O                                                                        (1 = 5.9%) {11.8%}
9032   ---O                                                                      (3 = 17.6%) {17.6%}
10281  O                                                                         (0 = 0.0%) {35.3%}
11702  ---O                                                                      (3 = 17.6%) {35.3%}
13320  --O                                                                       (2 = 11.8%) {52.9%}
15161  ... 
19642  ------O                                                                   (6 = 35.3%) {64.7%}
22357  ... 

Histogram: V8.MemoryHeapSampleTotalCommitted recorded 17 samples, mean = 12061.9 (flags = 0x1)
0      ... 
6971   --O                                                                       (2 = 11.8%) {0.0%}
7935   --O                                                                       (2 = 11.8%) {11.8%}
9032   --O                                                                       (2 = 11.8%) {23.5%}
10281  O                                                                         (0 = 0.0%) {35.3%}
11702  -------O                                                                  (7 = 41.2%) {35.3%}
13320  ---O                                                                      (3 = 17.6%) {76.5%}
15161  ... 
19642  -O                                                                        (1 = 5.9%) {94.1%}
22357  ... 

Histogram: V8.MemoryHeapSampleTotalUsed recorded 17 samples, mean = 7947.2 (flags = 0x1)
0      ... 
4153   -O                                                                        (1 = 5.9%) {0.0%}
4727   --O                                                                       (2 = 11.8%) {5.9%}
5380   ---O                                                                      (3 = 17.6%) {17.6%}
6124   --O                                                                       (2 = 11.8%) {35.3%}
6971   -O                                                                        (1 = 5.9%) {47.1%}
7935   O                                                                         (0 = 0.0%) {52.9%}
9032   --O                                                                       (2 = 11.8%) {52.9%}
10281  ------O                                                                   (6 = 35.3%) {64.7%}
11702  ... 

Histogram: V8.ProduceCodeCacheMicroseconds recorded 1 samples, mean = 9367.0 (flags = 0x1)
0     ... 
7439  -O                                                                        (1 = 100.0%) {0.0%}
10321 ... 

Histogram: V8.RegExpBacktracks recorded 261 samples, mean = 1.7 (flags = 0x1)
0    ------O                                                                   (19 = 7.3%)
1    ------------------------------------------------------------------------O (228 = 87.4%) {7.3%}
2    --O                                                                       (5 = 1.9%) {94.6%}
3    -O                                                                        (4 = 1.5%) {96.6%}
4    -O                                                                        (3 = 1.1%) {98.1%}
6    O                                                                         (0 = 0.0%) {99.2%}
9    O                                                                         (1 = 0.4%) {99.2%}
13   ... 
127  O                                                                         (1 = 0.4%) {99.6%}
185  ... 

Histogram: V8.SandboxedCodePointersCount recorded 5 samples, mean = 1022.4 (flags = 0x1)
0    ... 
977  -----O                                                                    (5 = 100.0%) {0.0%}
1136 ... 

Histogram: V8.SandboxedCppHeapPointersCount recorded 5 samples, mean = 8328.8 (flags = 0x1)
0     ... 
7152  ---O                                                                      (3 = 60.0%) {0.0%}
8499  --O                                                                       (2 = 40.0%) {60.0%}
10100 ... 

Histogram: V8.SandboxedExternalPointersCount recorded 22 samples, mean = 3180.9 (flags = 0x1)
0      ----O                                                                     (4 = 18.2%)
1      ... 
3      -O                                                                        (1 = 4.5%) {18.2%}
4      ... 
8      -O                                                                        (1 = 4.5%) {22.7%}
10     ... 
14     -O                                                                        (1 = 4.5%) {27.3%}
17     O                                                                         (0 = 0.0%) {31.8%}
20     -O                                                                        (1 = 4.5%) {31.8%}
24     ... 
57     --O                                                                       (2 = 9.1%) {36.4%}
68     -O                                                                        (1 = 4.5%) {45.5%}
81     ... 
758    ----O                                                                     (4 = 18.2%) {50.0%}
901    -O                                                                        (1 = 4.5%) {68.2%}
1071   ... 
1513   -O                                                                        (1 = 4.5%) {72.7%}
1798   ... 
12002  -----O                                                                    (5 = 22.7%) {77.3%}
14263  ... 

Histogram: V8.SandboxedTrustedPointersCount recorded 5 samples, mean = 3824.4 (flags = 0x1)
0     ... 
3799  -----O                                                                    (5 = 100.0%) {0.0%}
4418  ... 

Histogram: V8.SnapshotDeserializeContextMicroSeconds recorded 6 samples, mean = 704.8 (flags = 0x1)
0    ... 
340  -O                                                                        (1 = 16.7%) {0.0%}
448  O                                                                         (0 = 0.0%) {16.7%}
590  --O                                                                       (2 = 33.3%) {16.7%}
777  ---O                                                                      (3 = 50.0%) {50.0%}
1023 ... 

Histogram: V8.TurboFan1KTicks recorded 9 samples, mean = 30.2 (flags = 0x1)
0    O                                                                         (0 = 0.0%)
1    --O                                                                       (2 = 22.2%) {0.0%}
2    -O                                                                        (1 = 11.1%) {22.2%}
3    ... 
5    -O                                                                        (1 = 11.1%) {33.3%}
6    ... 
9    -O                                                                        (1 = 11.1%) {44.4%}
10   ... 
14   -O                                                                        (1 = 11.1%) {55.6%}
15   -O                                                                        (1 = 11.1%) {66.7%}
16   ... 
45   -O                                                                        (1 = 11.1%) {77.8%}
47   ... 
172  -O                                                                        (1 = 11.1%) {88.9%}
180  ... 

Histogram: V8.TurboFanOptimizeConcurrentTotalTime recorded 8 samples, mean = 4618.9 (flags = 0x1)
0      ... 
1043   --O                                                                       (2 = 25.0%) {0.0%}
1447   O                                                                         (0 = 0.0%) {25.0%}
2008   --O                                                                       (2 = 25.0%) {25.0%}
2786   -O                                                                        (1 = 12.5%) {50.0%}
3865   O                                                                         (0 = 0.0%) {62.5%}
5362   -O                                                                        (1 = 12.5%) {62.5%}
7439   -O                                                                        (1 = 12.5%) {75.0%}
10321  -O                                                                        (1 = 12.5%) {87.5%}
14319  ... 

Histogram: V8.TurboFanOptimizeExecute recorded 8 samples, mean = 4290.1 (flags = 0x1)
0     ... 
1023  --O                                                                       (2 = 25.0%) {0.0%}
1347  -O                                                                        (1 = 12.5%) {25.0%}
1774  O                                                                         (0 = 0.0%) {37.5%}
2336  --O                                                                       (2 = 25.0%) {37.5%}
3077  ... 
5338  -O                                                                        (1 = 12.5%) {62.5%}
7031  -O                                                                        (1 = 12.5%) {75.0%}
9260  -O                                                                        (1 = 12.5%) {87.5%}
12196 ... 

Histogram: V8.TurboFanOptimizeFinalize recorded 8 samples, mean = 53.6 (flags = 0x1)
0   ... 
4   -O                                                                        (1 = 12.5%) {0.0%}
5   ... 
37  ---O                                                                      (3 = 37.5%) {12.5%}
49  O                                                                         (0 = 0.0%) {50.0%}
65  ----O                                                                     (4 = 50.0%) {50.0%}
86  ... 

Histogram: V8.TurboFanOptimizeForOnStackReplacementExecute recorded 1 samples, mean = 32034.0 (flags = 0x1)
0      ... 
27864  -O                                                                        (1 = 100.0%) {0.0%}
36699  ... 

Histogram: V8.TurboFanOptimizeForOnStackReplacementFinalize recorded 1 samples, mean = 174.0 (flags = 0x1)
0    ... 
149  -O                                                                        (1 = 100.0%) {0.0%}
196  ... 

Histogram: V8.TurboFanOptimizeForOnStackReplacementPrepare recorded 1 samples, mean = 18.0 (flags = 0x1)
0   ... 
16  -O                                                                        (1 = 100.0%) {0.0%}
21  ... 

Histogram: V8.TurboFanOptimizeForOnStackReplacementTotalTime recorded 1 samples, mean = 32324.0 (flags = 0x1)
0      ... 
27562  -O                                                                        (1 = 100.0%) {0.0%}
38240  ... 

Histogram: V8.TurboFanOptimizePrepare recorded 8 samples, mean = 19.8 (flags = 0x1)
0   ... 
9   -O                                                                        (1 = 12.5%) {0.0%}
12  -O                                                                        (1 = 12.5%) {12.5%}
16  ----O                                                                     (4 = 50.0%) {25.0%}
21  -O                                                                        (1 = 12.5%) {75.0%}
28  -O                                                                        (1 = 12.5%) {87.5%}
37  ... 

Histogram: V8.TurboFanOptimizeTotalBackground recorded 8 samples, mean = 4290.1 (flags = 0x1)
0      ... 
1043   --O                                                                       (2 = 25.0%) {0.0%}
1447   -O                                                                        (1 = 12.5%) {25.0%}
2008   -O                                                                        (1 = 12.5%) {37.5%}
2786   -O                                                                        (1 = 12.5%) {50.0%}
3865   O                                                                         (0 = 0.0%) {62.5%}
5362   -O                                                                        (1 = 12.5%) {62.5%}
7439   -O                                                                        (1 = 12.5%) {75.0%}
10321  -O                                                                        (1 = 12.5%) {87.5%}
14319  ... 

Histogram: V8.TurboFanOptimizeTotalForeground recorded 8 samples, mean = 73.4 (flags = 0x1)
0    ... 
11   -O                                                                        (1 = 12.5%) {0.0%}
15   ... 
40   -O                                                                        (1 = 12.5%) {12.5%}
55   --O                                                                       (2 = 25.0%) {25.0%}
76   ---O                                                                      (3 = 37.5%) {50.0%}
105  -O                                                                        (1 = 12.5%) {87.5%}
146  ... 

Histogram: V8.TurboFanOptimizeTotalTime recorded 8 samples, mean = 4618.9 (flags = 0x1)
0      ... 
1043   --O                                                                       (2 = 25.0%) {0.0%}
1447   O                                                                         (0 = 0.0%) {25.0%}
2008   --O                                                                       (2 = 25.0%) {25.0%}
2786   -O                                                                        (1 = 12.5%) {50.0%}
3865   O                                                                         (0 = 0.0%) {62.5%}
5362   -O                                                                        (1 = 12.5%) {62.5%}
7439   -O                                                                        (1 = 12.5%) {75.0%}
10321  -O                                                                        (1 = 12.5%) {87.5%}
14319  ... 

Histogram: Variations.ExtendedSafeMode.BeaconFileStateAtStartup recorded 1 samples, mean = 0.0 (flags = 0x1)
0  -O                                                                        (1 = 100.0%)
1  ... 

Histogram: Variations.ExtendedSafeMode.BeaconFileWrite recorded 2 samples, mean = 1.0 (flags = 0x1)
0  O                                                                         (0 = 0.0%)
1  --O                                                                       (2 = 100.0%) {0.0%}
2  O                                                                         (0 = 0.0%) {100.0%}

Histogram: Variations.ForcedFieldTrialsAtStartupForInternalsPage recorded 1 samples, mean = 0.0 (flags = 0x1)
0  -O                                                                        (1 = 100.0%)
1  ... 

Histogram: Variations.Headers.ExperimentCount recorded 92 samples, mean = 1.0 (flags = 0x1)
0  O                                                                         (0 = 0.0%)
1  ------------------------------------------------------------------------O (92 = 100.0%) {0.0%}
2  ... 

Histogram: Variations.Headers.HasLowEntropySourceValue recorded 92 samples, mean = 1.0 (flags = 0x1)
0  O                                                                         (0 = 0.0%)
1  ------------------------------------------------------------------------O (92 = 100.0%) {0.0%}
2  O                                                                         (0 = 0.0%) {100.0%}

Histogram: Variations.Headers.RequestContextCategory recorded 57 samples, mean = 3.9 (flags = 0x1)
0  -O                                                                        (1 = 1.8%)
1  ... 
4  --------------------------------------------------------O                 (56 = 98.2%) {1.8%}
5  ... 

Histogram: Variations.Headers.URLValidationResult.Append recorded 57 samples, mean = 2.0 (flags = 0x1)
0  ... 
2  ---------------------------------------------------------O                (57 = 100.0%) {0.0%}
3  ... 

Histogram: Variations.Headers.URLValidationResult.Remove recorded 4 samples, mean = 2.0 (flags = 0x1)
0  ... 
2  ----O                                                                     (4 = 100.0%) {0.0%}
3  ... 

Histogram: Variations.Limits.VariationKeySize.Default recorded 23 samples, mean = 0.0 (flags = 0x1)
0  -----------------------O                                                  (23 = 100.0%)
1  ... 

Histogram: Variations.LoadPermanentConsistencyCountryResult recorded 1 samples, mean = 0.0 (flags = 0x1)
0  -O                                                                        (1 = 100.0%)
1  ... 

Histogram: Variations.PolicyRestriction recorded 1 samples, mean = 0.0 (flags = 0x1)
0  -O                                                                        (1 = 100.0%)
1  ... 

Histogram: Variations.SafeMode.Streak.Crashes recorded 1 samples (flags = 0x1)
2  -O                                                                        (1 = 100.0%)

Histogram: Variations.SafeMode.Streak.FetchFailures recorded 1 samples (flags = 0x1)
0  -O                                                                        (1 = 100.0%)

Histogram: Variations.SeedLoadResult recorded 1 samples, mean = 1.0 (flags = 0x1)
0  O                                                                         (0 = 0.0%)
1  -O                                                                        (1 = 100.0%) {0.0%}
2  ... 

Histogram: Variations.SeedUsage recorded 1 samples, mean = 2.0 (flags = 0x1)
0  ... 
2  -O                                                                        (1 = 100.0%) {0.0%}
3  ... 

Histogram: Variations.UserChannel recorded 1 samples (flags = 0x1)
-1 -O                                                                        (1 = 100.0%)

Histogram: Views.Browser.NumColorProvidersInitializedDuringOnNativeThemeUpdated recorded 3 samples, mean = 0.0 (flags = 0x1)
0  ---O                                                                      (3 = 100.0%)
1  ... 

Histogram: Views.Browser.TimeSpentInitializingColorProvider recorded 3 samples, mean = 1.3 (flags = 0x1)
0  O                                                                         (0 = 0.0%)
1  --O                                                                       (2 = 66.7%) {0.0%}
2  -O                                                                        (1 = 33.3%) {66.7%}
3  ... 

Histogram: Views.Browser.TimeSpentProcessingOnNativeThemeUpdatedEvent recorded 3 samples, mean = 0.0 (flags = 0x1)
0  ---O                                                                      (3 = 100.0%)
1  ... 

Histogram: Views.ColorProviderCacheSize recorded 3 samples, mean = 2.0 (flags = 0x1)
0  O                                                                         (0 = 0.0%)
1  -O                                                                        (1 = 33.3%) {0.0%}
2  -O                                                                        (1 = 33.3%) {33.3%}
3  -O                                                                        (1 = 33.3%) {66.7%}
4  ... 

Histogram: Viz.FrameSink.GpuBusyDuration recorded 4 samples, mean = 113936.8 (flags = 0x1)
0       ... 
18732   --O                                                                       (2 = 50.0%) {0.0%}
21699   ... 
33729   -O                                                                        (1 = 25.0%) {50.0%}
39071   ... 
354514  -O                                                                        (1 = 25.0%) {75.0%}
410663  ... 

Histogram: Viz.FrameSinkVideoCapturer.CaptureDuration recorded 4 samples, mean = 76.5 (flags = 0x1)
0    O                                                                         (0 = 0.0%)
1    -O                                                                        (1 = 25.0%) {0.0%}
2    ... 
4    -O                                                                        (1 = 25.0%) {25.0%}
5    ... 
23   -O                                                                        (1 = 25.0%) {50.0%}
26   ... 
273  -O                                                                        (1 = 25.0%) {75.0%}
307  ... 

Histogram: Viz.FrameSinkVideoCapturer.CaptureSucceeded recorded 15 samples, mean = 0.3 (flags = 0x1)
0  -----------O                                                              (11 = 73.3%)
1  ----O                                                                     (4 = 26.7%) {73.3%}
2  O                                                                         (0 = 0.0%) {100.0%}

Histogram: Viz.FrameSinkVideoCapturer.FrameResurrected recorded 42 samples, mean = 0.3 (flags = 0x1)
0  -------------------------------O                                          (31 = 73.8%)
1  -----------O                                                              (11 = 26.2%) {73.8%}
2  O                                                                         (0 = 0.0%) {100.0%}

Histogram: Viz.FrameSinkVideoCapturer.RGBA.CaptureDuration recorded 4 samples, mean = 76.5 (flags = 0x1)
0    O                                                                         (0 = 0.0%)
1    -O                                                                        (1 = 25.0%) {0.0%}
2    ... 
4    -O                                                                        (1 = 25.0%) {25.0%}
5    ... 
23   -O                                                                        (1 = 25.0%) {50.0%}
26   ... 
273  -O                                                                        (1 = 25.0%) {75.0%}
307  ... 

Histogram: Viz.FrameSinkVideoCapturer.RGBA.CaptureSucceeded recorded 15 samples, mean = 0.3 (flags = 0x1)
0  -----------O                                                              (11 = 73.3%)
1  ----O                                                                     (4 = 26.7%) {73.3%}
2  O                                                                         (0 = 0.0%) {100.0%}

Histogram: Viz.FrameSinkVideoCapturer.ReserveFrameDuration recorded 31 samples, mean = 0.3 (flags = 0x1)
0  ------------------------------O                                           (30 = 96.8%)
1  ... 
8  -O                                                                        (1 = 3.2%) {96.8%}
9  ... 

Histogram: Viz.FrameSinkVideoCapturer.TotalDuration recorded 15 samples, mean = 20.4 (flags = 0x1)
0    -----------O                                                              (11 = 73.3%)
1    -O                                                                        (1 = 6.7%) {73.3%}
2    ... 
4    -O                                                                        (1 = 6.7%) {80.0%}
5    ... 
23   -O                                                                        (1 = 6.7%) {86.7%}
26   ... 
273  -O                                                                        (1 = 6.7%) {93.3%}
307  ... 

Histogram: WebAuthentication.Windows.KeyCredentialManagerSupported recorded 1 samples, mean = 0.0 (flags = 0x1)
0  -O                                                                        (1 = 100.0%)
1  ... 

Histogram: WebContentsObserver.DOMContentLoaded recorded 3 samples, mean = 0.0 (flags = 0x1)
0  ---O                                                                      (3 = 100.0%)
1  ... 

Histogram: WebContentsObserver.DidChangeVisibleSecurityState recorded 2 samples, mean = 0.0 (flags = 0x1)
0  --O                                                                       (2 = 100.0%)
1  ... 

Histogram: WebContentsObserver.DidFinishLoad recorded 3 samples, mean = 0.0 (flags = 0x1)
0  ---O                                                                      (3 = 100.0%)
1  ... 

Histogram: WebContentsObserver.DidFinishNavigation recorded 5 samples, mean = 1.2 (flags = 0x1)
0  ---O                                                                      (3 = 60.0%)
1  -O                                                                        (1 = 20.0%) {60.0%}
2  ... 
5  -O                                                                        (1 = 20.0%) {80.0%}
6  ... 

Histogram: WebContentsObserver.DidFirstVisuallyNonEmptyPaint recorded 1 samples, mean = 0.0 (flags = 0x1)
0  -O                                                                        (1 = 100.0%)
1  ... 

Histogram: WebContentsObserver.DidRedirectNavigation recorded 1 samples, mean = 0.0 (flags = 0x1)
0  -O                                                                        (1 = 100.0%)
1  ... 

Histogram: WebContentsObserver.DidStartLoading recorded 1 samples, mean = 0.0 (flags = 0x1)
0  -O                                                                        (1 = 100.0%)
1  ... 

Histogram: WebContentsObserver.DidStartNavigation recorded 5 samples, mean = 0.0 (flags = 0x1)
0  -----O                                                                    (5 = 100.0%)
1  ... 

Histogram: WebContentsObserver.DidStartNavigation.MainFrame recorded 3 samples, mean = 0.0 (flags = 0x1)
0  ---O                                                                      (3 = 100.0%)
1  ... 

Histogram: WebContentsObserver.DidStartNavigation.Subframe recorded 2 samples, mean = 0.0 (flags = 0x1)
0  --O                                                                       (2 = 100.0%)
1  ... 

Histogram: WebContentsObserver.DidStopLoading recorded 1 samples, mean = 0.0 (flags = 0x1)
0  -O                                                                        (1 = 100.0%)
1  ... 

Histogram: WebContentsObserver.DidUpdateNavigationHandleTiming recorded 5 samples, mean = 0.0 (flags = 0x1)
0  -----O                                                                    (5 = 100.0%)
1  ... 

Histogram: WebContentsObserver.LoadProgressChanged recorded 8 samples, mean = 0.0 (flags = 0x1)
0  --------O                                                                 (8 = 100.0%)
1  ... 

Histogram: WebContentsObserver.NavigationEntryChanged recorded 3 samples, mean = 0.0 (flags = 0x1)
0  ---O                                                                      (3 = 100.0%)
1  ... 

Histogram: WebContentsObserver.NavigationEntryCommitted recorded 2 samples, mean = 0.0 (flags = 0x1)
0  --O                                                                       (2 = 100.0%)
1  ... 

Histogram: WebContentsObserver.OnVisibilityChanged recorded 1 samples, mean = 8.0 (flags = 0x1)
0  ... 
8  -O                                                                        (1 = 100.0%) {0.0%}
10 ... 

Histogram: WebContentsObserver.PrimaryMainDocumentElementAvailable recorded 1 samples, mean = 0.0 (flags = 0x1)
0  -O                                                                        (1 = 100.0%)
1  ... 

Histogram: WebContentsObserver.RenderFrameCreated recorded 4 samples, mean = 0.0 (flags = 0x1)
0  ----O                                                                     (4 = 100.0%)
1  ... 

Histogram: WebContentsObserver.RenderFrameDeleted recorded 4 samples, mean = 0.8 (flags = 0x1)
0  --O                                                                       (2 = 50.0%)
1  -O                                                                        (1 = 25.0%) {50.0%}
2  -O                                                                        (1 = 25.0%) {75.0%}
3  ... 

Histogram: WebContentsObserver.RenderViewReady recorded 2 samples, mean = 0.0 (flags = 0x1)
0  --O                                                                       (2 = 100.0%)
1  ... 

Histogram: WebContentsObserver.TitleWasSet recorded 1 samples, mean = 0.0 (flags = 0x1)
0  -O                                                                        (1 = 100.0%)
1  ... 

Histogram: WebCore.Scripts.Async.NotStreamingReason recorded 20 samples, mean = 9.0 (flags = 0x1)
0  ... 
9  --------------------O                                                     (20 = 100.0%) {0.0%}
10 ... 

Histogram: WebCore.Scripts.Async.StartedStreaming recorded 26 samples, mean = 0.2 (flags = 0x1)
0  --------------------O                                                     (20 = 76.9%)
1  ------O                                                                   (6 = 23.1%) {76.9%}
2  O                                                                         (0 = 0.0%) {100.0%}

Histogram: WebCore.Scripts.Other.NotStreamingReason recorded 17 samples, mean = 11.0 (flags = 0x1)
0   ... 
11  -----------------O                                                        (17 = 100.0%) {0.0%}
12  ... 

Histogram: WebCore.Scripts.Other.StartedStreaming recorded 17 samples, mean = 0.0 (flags = 0x1)
0  -----------------O                                                        (17 = 100.0%)
1  ... 

Histogram: WebCore.Scripts.V8CodeCacheMetadata.Get recorded 49 samples, mean = 4.2 (flags = 0x1)
0  -------O                                                                  (7 = 14.3%)
1  ... 
3  --O                                                                       (2 = 4.1%) {14.3%}
4  O                                                                         (0 = 0.0%) {18.4%}
5  ----------------------------------------O                                 (40 = 81.6%) {18.4%}
6  O                                                                         (0 = 0.0%) {100.0%}

Histogram: WebCore.Scripts.V8CodeCacheMetadata.Set recorded 4 samples, mean = 1.2 (flags = 0x1)
0  --O                                                                       (2 = 50.0%)
1  O                                                                         (0 = 0.0%) {50.0%}
2  -O                                                                        (1 = 25.0%) {50.0%}
3  -O                                                                        (1 = 25.0%) {75.0%}
4  O                                                                         (0 = 0.0%) {100.0%}

Histogram: WebCore.Scripts.V8CompileHintsStatus recorded 44 samples, mean = 8.5 (flags = 0x1)
0   ... 
6   --------------------O                                                     (20 = 45.5%) {0.0%}
7   O                                                                         (0 = 0.0%) {45.5%}
8   -O                                                                        (1 = 2.3%) {45.5%}
9   O                                                                         (0 = 0.0%) {47.7%}
10  -----O                                                                    (5 = 11.4%) {47.7%}
11  ------------------O                                                       (18 = 40.9%) {59.1%}
12  ... 

Histogram: WebCore.Scripts.V8CrowdsourcedCompileHints.ModelQuality recorded 1 samples, mean = 0.0 (flags = 0x1)
0  -O                                                                        (1 = 100.0%)
1  ... 

Histogram: WebCore.Scripts.V8LocalCompileHintsGenerated recorded 1 samples, mean = 1.0 (flags = 0x1)
0  O                                                                         (0 = 0.0%)
1  -O                                                                        (1 = 100.0%) {0.0%}
2  O                                                                         (0 = 0.0%) {100.0%}

Histogram: WebCore.Scripts.V8LocalCompileHintsObsoletedByCodeCache recorded 1 samples, mean = 0.0 (flags = 0x1)
0  -O                                                                        (1 = 100.0%)
1  ... 

Histogram: WebDatabase.InitResult recorded 2 samples, mean = 0.0 (flags = 0x1)
0  --O                                                                       (2 = 100.0%)
1  ... 

Histogram: WebFont.CacheHit recorded 10 samples, mean = 2.2 (flags = 0x1)
0  O                                                                         (0 = 0.0%)
1  ----O                                                                     (4 = 40.0%) {0.0%}
2  O                                                                         (0 = 0.0%) {40.0%}
3  ------O                                                                   (6 = 60.0%) {40.0%}
4  O                                                                         (0 = 0.0%) {100.0%}

Histogram: WebFont.Clients.RenderBlockingFonts.ExpiredFonts recorded 1 samples, mean = 1.0 (flags = 0x1)
0  O                                                                         (0 = 0.0%)
1  -O                                                                        (1 = 100.0%) {0.0%}
2  O                                                                         (0 = 0.0%) {100.0%}

Histogram: WebFont.HadBlankText recorded 1 samples, mean = 0.0 (flags = 0x1)
0  -O                                                                        (1 = 100.0%)
1  ... 

Histogram: WebFont.LocalFontUsed recorded 1 samples, mean = 1.0 (flags = 0x1)
0  O                                                                         (0 = 0.0%)
1  -O                                                                        (1 = 100.0%) {0.0%}
2  O                                                                         (0 = 0.0%) {100.0%}

Histogram: Windows.AcLayersLoaded recorded 1 samples, mean = 0.0 (flags = 0x1)
0  -O                                                                        (1 = 100.0%)
1  ... 

Histogram: Windows.CetAvailable recorded 1 samples, mean = 0.0 (flags = 0x1)
0  -O                                                                        (1 = 100.0%)
1  ... 

Histogram: Windows.DisplayIdFromDeviceId recorded 6 samples, mean = 3.0 (flags = 0x1)
0  ... 
3  ------O                                                                   (6 = 100.0%) {0.0%}
4  O                                                                         (0 = 0.0%) {100.0%}

Histogram: Windows.DisplayIdFromDeviceKey recorded 6 samples, mean = 3.0 (flags = 0x1)
0  ... 
3  ------O                                                                   (6 = 100.0%) {0.0%}
4  O                                                                         (0 = 0.0%) {100.0%}

Histogram: Windows.Enclave.SGX.Available recorded 1 samples, mean = 0.0 (flags = 0x1)
0  -O                                                                        (1 = 100.0%)
1  ... 

Histogram: Windows.Enclave.SGX2.Available recorded 1 samples, mean = 0.0 (flags = 0x1)
0  -O                                                                        (1 = 100.0%)
1  ... 

Histogram: Windows.Enclave.VBS.Available recorded 1 samples, mean = 1.0 (flags = 0x1)
0  O                                                                         (0 = 0.0%)
1  -O                                                                        (1 = 100.0%) {0.0%}
2  O                                                                         (0 = 0.0%) {100.0%}

Histogram: Windows.Enclave.VBSBasic.Available recorded 1 samples, mean = 0.0 (flags = 0x1)
0  -O                                                                        (1 = 100.0%)
1  ... 

Histogram: Windows.HasHighResolutionTimeTicks recorded 1 samples, mean = 1.0 (flags = 0x1)
0  O                                                                         (0 = 0.0%)
1  -O                                                                        (1 = 100.0%) {0.0%}
2  O                                                                         (0 = 0.0%) {100.0%}

Histogram: Windows.HasThreadTicks recorded 1 samples, mean = 1.0 (flags = 0x1)
0  O                                                                         (0 = 0.0%)
1  -O                                                                        (1 = 100.0%) {0.0%}
2  O                                                                         (0 = 0.0%) {100.0%}

Histogram: Windows.HypervPresent recorded 1 samples, mean = 1.0 (flags = 0x1)
0  O                                                                         (0 = 0.0%)
1  -O                                                                        (1 = 100.0%) {0.0%}
2  O                                                                         (0 = 0.0%) {100.0%}

Histogram: Windows.LegacyDisplayIdAlgorithm recorded 16 samples, mean = 0.0 (flags = 0x1)
0  ----------------O                                                         (16 = 100.0%)
1  ... 

Histogram: Windows.ParallelDllLoadingEnabled recorded 1 samples, mean = 1.0 (flags = 0x1)
0  O                                                                         (0 = 0.0%)
1  -O                                                                        (1 = 100.0%) {0.0%}
2  O                                                                         (0 = 0.0%) {100.0%}

Histogram: Windows.PatchLevel recorded 1 samples (flags = 0x1)
1717051237  -O                                                                        (1 = 100.0%)

Histogram: Windows.PatchLevelKernel32 recorded 1 samples (flags = 0x1)
1710497520  -O                                                                        (1 = 100.0%)

Histogram: Windows.ProcessorFamily recorded 1 samples (flags = 0x1)
280  -O                                                                        (1 = 100.0%)

Histogram: Windows.ProcessorVirtualizationFirmwareEnabled recorded 1 samples, mean = 0.0 (flags = 0x1)
0  -O                                                                        (1 = 100.0%)
1  ... 


