[17812:13460:0326/133036.200:WARNING:chrome_main_delegate.cc(745)] This is Chrome version 128.0.6613.138 (not a warning)
[17812:21912:0326/133036.267:ERROR:google_update_settings.cc(265)] Failed opening key Software\Chromium to set usagestats; result: 5
[17812:13460:0326/133036.284:WARNING:account_consistency_mode_manager.cc(77)] Desktop Identity Consistency cannot be enabled as no OAuth client ID and client secret have been configured.
[22012:18684:0326/133046.376:WARNING:frame_impl.cc(430)] virtual CefFrameImpl::SendProcessMessage sent to detached frame 5-4F8F881D422544C75A5F0C946E53459C will be ignored
[17812:9832:0326/133055.656:ERROR:cast_crl.cc(443)] CRL - Verification failed.
[15896:16268:0326/133249.933:ERROR:ssl_client_socket_impl.cc(882)] handshake failed; returned -1, SSL error code 1, net_error -100
[15896:16268:0326/133249.974:ERROR:ssl_client_socket_impl.cc(882)] handshake failed; returned -1, SSL error code 1, net_error -107
[17812:9832:0326/133252.365:VERBOSE1:media_stream_manager.cc(1533)] MSPL::OnSpeedLimitChange({this=000077040019ED40}, {new_limit=60})
[17812:9832:0326/133253.371:VERBOSE1:media_stream_manager.cc(1533)] MSPL::OnSpeedLimitChange({this=000077040019ED40}, {new_limit=62})
[17812:9832:0326/133254.372:VERBOSE1:media_stream_manager.cc(1533)] MSPL::OnSpeedLimitChange({this=000077040019ED40}, {new_limit=64})
[17812:9832:0326/133255.373:VERBOSE1:media_stream_manager.cc(1533)] MSPL::OnSpeedLimitChange({this=000077040019ED40}, {new_limit=63})
[17812:9832:0326/133256.375:VERBOSE1:media_stream_manager.cc(1533)] MSPL::OnSpeedLimitChange({this=000077040019ED40}, {new_limit=61})
[17812:9832:0326/133257.463:VERBOSE1:media_stream_manager.cc(1533)] MSPL::OnSpeedLimitChange({this=000077040019ED40}, {new_limit=64})
[17812:9832:0326/133258.432:VERBOSE1:media_stream_manager.cc(1533)] MSPL::OnSpeedLimitChange({this=000077040019ED40}, {new_limit=66})
[17812:9832:0326/133300.422:VERBOSE1:media_stream_manager.cc(1533)] MSPL::OnSpeedLimitChange({this=000077040019ED40}, {new_limit=67})
[17812:9832:0326/133301.158:VERBOSE1:cast_socket.cc(227)] [172.17.7.94:8009, auth=SSL_VERIFIED] Connect readyState = ReadyState::NONE
[17812:9832:0326/133301.158:VERBOSE1:cast_socket.cc(391)] [172.17.7.94:8009, auth=SSL_VERIFIED] DoTcpConnect
[17812:9832:0326/133303.491:VERBOSE1:cast_socket.cc(405)] [172.17.7.94:8009, auth=SSL_VERIFIED] DoTcpConnectComplete: 0
[17812:9832:0326/133303.491:VERBOSE1:cast_socket.cc(422)] [172.17.7.94:8009, auth=SSL_VERIFIED] DoSslConnect
[17812:9832:0326/133303.492:VERBOSE1:media_stream_manager.cc(1533)] MSPL::OnSpeedLimitChange({this=000077040019ED40}, {new_limit=66})
[17812:9832:0326/133303.492:VERBOSE1:media_stream_manager.cc(1533)] MSPL::OnSpeedLimitChange({this=000077040019ED40}, {new_limit=65})
[17812:9832:0326/133303.492:VERBOSE1:cast_socket.cc(445)] [172.17.7.94:8009, auth=SSL_VERIFIED] DoSslConnectComplete: -15
[17812:9832:0326/133303.492:VERBOSE1:cast_socket.cc(665)] [172.17.7.94:8009, auth=SSL_VERIFIED] SetErrorState ChannelError::AUTHENTICATION_ERROR
[17812:9832:0326/133303.492:VERBOSE1:cast_socket.cc(587)] DoConnectCallback (error_state = ChannelError::AUTHENTICATION_ERROR)
[17812:9832:0326/133303.492:VERBOSE1:cast_socket.cc(627)] [172.17.7.94:8009, auth=SSL_VERIFIED] Close ReadyState = ReadyState::CONNECTING
[17812:13460:0326/133303.505:VERBOSE1:frame_host_impl.cc(515)] frame 6-9F8E5DF206B991FAA463980D7961E5A6 (sub) detached (reason=RENDER_FRAME_DELETED, is_connected=1)
[12788:18956:0326/133303.511:VERBOSE1:dispatcher.cc(596)] Num tracked contexts: 1
[12788:18956:0326/133303.511:VERBOSE1:frame_impl.cc(620)] frame 6-9F8E5DF206B991FAA463980D7961E5A6 disconnected (reason=DETACHED, current_state=CONNECTION_ACKED, FRAME_INVALID)
[12788:18956:0326/133303.514:VERBOSE1:frame_impl.cc(620)] frame 6-8FCD14F0B4991072ADB9D172791BEDDF disconnected (reason=BROWSER_FRAME_DISCONNECT, current_state=CONNECTION_ACKED)
[12788:18956:0326/133303.514:VERBOSE1:frame_impl.cc(633)] frame 6-8FCD14F0B4991072ADB9D172791BEDDF connection retry scheduled
[12788:18956:0326/133303.514:VERBOSE1:script_context.cc(164)] Destroyed context for extension
  extension id: 
  effective extension id: 
[12788:18956:0326/133303.514:VERBOSE1:script_context.cc(164)] Destroyed context for extension
  extension id: 
  effective extension id: 
[17812:13460:0326/133303.515:VERBOSE1:frame_host_impl.cc(515)] frame 6-8FCD14F0B4991072ADB9D172791BEDDF (main) detached (reason=NEW_MAIN_FRAME, is_connected=1)
[17812:13460:0326/133303.542:VERBOSE1:account_reconcilor.cc(264)] AccountReconcilor::Shutdown
[17812:13460:0326/133303.542:VERBOSE1:account_reconcilor.cc(718)] AccountReconcilor::AbortReconcile: try again later
[17812:13460:0326/133303.542:VERBOSE1:account_reconcilor.cc(827)] AccountReconcilor::CalculateIfMultiloginReconcileIsDone: Error was 
[17812:13460:0326/133303.542:VERBOSE1:account_reconcilor.cc(313)] AccountReconcilor::UnregisterWithIdentityManager
[17812:13460:0326/133303.542:VERBOSE1:account_reconcilor.cc(286)] AccountReconcilor::UnregisterWithContentSettings
[17812:13460:0326/133303.543:VERBOSE1:gaia_cookie_manager_service.cc(628)] GaiaCookieManagerService::CancelAll
[17812:13460:0326/133303.543:VERBOSE1:mutable_profile_oauth2_token_service_delegate.cc(752)] MutablePO2TS::Shutdown
[17812:13460:0326/133303.543:VERBOSE1:mutable_profile_oauth2_token_service_delegate.cc(235)] MutablePO2TS::~MutablePO2TS
[17812:13460:0326/133303.547:VERBOSE1:device_event_log_impl.cc(198)] [13:33:03.545] Bluetooth: EVENT: bluetooth_api.cc:109 BluetoothAPI: Shutdown
[17812:13460:0326/133303.554:VERBOSE1:account_reconcilor.cc(193)] AccountReconcilor::~AccountReconcilor
[17812:13460:0326/133303.556:VERBOSE1:device_event_log_impl.cc(198)] [13:33:03.555] Bluetooth: EVENT: bluetooth_api.cc:95 ~BluetoothAPI: 0000770400335A00
[17812:9832:0326/133303.566:VERBOSE1:cast_transport.cc(340)] [172.17.11.196:8009, auth=SSL_VERIFIED] Read error, peer closed the socket.
[17812:9832:0326/133303.566:VERBOSE1:cast_socket.cc(627)] [172.17.11.196:8009, auth=SSL_VERIFIED] Close ReadyState = ReadyState::OPEN
[17812:9832:0326/133303.567:VERBOSE1:cast_socket.cc(227)] [172.17.11.196:8009, auth=SSL_VERIFIED] Connect readyState = ReadyState::NONE
[17812:9832:0326/133303.567:VERBOSE1:cast_socket.cc(391)] [172.17.11.196:8009, auth=SSL_VERIFIED] DoTcpConnect
[17812:13460:0326/133303.616:VERBOSE1:component_updater_service.cc(180)] CrxUpdateService stopping
[17812:13460:0326/133303.617:WARNING:pref_notifier_impl.cc(41)] Pref observer for media_router.cast_allow_all_ips found at shutdown.
[17812:13460:0326/133303.649:VERBOSE1:statistics_recorder.cc(607)] Collections of all histograms
Histogram: API.StorageAccess.AllowedRequests2 recorded 187 samples, mean = 0.0 (flags = 0x41)
0  ------------------------------------------------------------------------O (178 = 95.2%)
1  ----O                                                                     (9 = 4.8%) {95.2%}
2  ... 

Histogram: API.StorageAccess.DocumentInheritedStorageAccess recorded 8 samples, mean = 0.0 (flags = 0x41)
0  --------O                                                                 (8 = 100.0%)
1  ... 

Histogram: API.StorageAccess.DocumentLoadedWithStorageAccess recorded 8 samples, mean = 0.0 (flags = 0x41)
0  --------O                                                                 (8 = 100.0%)
1  ... 

Histogram: Accessibility.CaptionSettingsLoadedFromSystemSettings recorded 1 samples, mean = 0.0 (flags = 0x41)
0  -O                                                                        (1 = 100.0%)
1  ... 

Histogram: Accessibility.ImageLabels2 recorded 1 samples, mean = 0.0 (flags = 0x41)
0  -O                                                                        (1 = 100.0%)
1  ... 

Histogram: Accessibility.LiveCaption.FeatureEnabled2 recorded 1 samples, mean = 1.0 (flags = 0x41)
0  O                                                                         (0 = 0.0%)
1  -O                                                                        (1 = 100.0%) {0.0%}
2  O                                                                         (0 = 0.0%) {100.0%}

Histogram: Accessibility.LiveCaption2 recorded 1 samples, mean = 0.0 (flags = 0x41)
0  -O                                                                        (1 = 100.0%)
1  ... 

Histogram: Accessibility.ManuallyEnabled recorded 1 samples, mean = 0.0 (flags = 0x41)
0  -O                                                                        (1 = 100.0%)
1  ... 

Histogram: Accessibility.WinJAWS recorded 1 samples, mean = 0.0 (flags = 0x41)
0  -O                                                                        (1 = 100.0%)
1  ... 

Histogram: Accessibility.WinNVDA recorded 1 samples, mean = 0.0 (flags = 0x41)
0  -O                                                                        (1 = 100.0%)
1  ... 

Histogram: Accessibility.WinSAToGo recorded 1 samples, mean = 0.0 (flags = 0x41)
0  -O                                                                        (1 = 100.0%)
1  ... 

Histogram: Accessibility.WinScreenReader2 recorded 1 samples, mean = 0.0 (flags = 0x41)
0  -O                                                                        (1 = 100.0%)
1  ... 

Histogram: Accessibility.WinStickyKeys recorded 1 samples, mean = 0.0 (flags = 0x41)
0  -O                                                                        (1 = 100.0%)
1  ... 

Histogram: Accessibility.WinSupernova recorded 1 samples, mean = 0.0 (flags = 0x41)
0  -O                                                                        (1 = 100.0%)
1  ... 

Histogram: Accessibility.WinZoomText recorded 1 samples, mean = 0.0 (flags = 0x41)
0  -O                                                                        (1 = 100.0%)
1  ... 

Histogram: AppBanners.InstallableStatusCode recorded 1 samples (flags = 0x41)
8  -O                                                                        (1 = 100.0%)

Histogram: Apps.PreferredApps.EntryCount recorded 1 samples, mean = 0.0 (flags = 0x41)
0  -O                                                                        (1 = 100.0%)
1  ... 

Histogram: Autofill.Address.IsEnabled.PageLoad recorded 1 samples, mean = 1.0 (flags = 0x41)
0  O                                                                         (0 = 0.0%)
1  -O                                                                        (1 = 100.0%) {0.0%}
2  O                                                                         (0 = 0.0%) {100.0%}

Histogram: Autofill.Address.IsEnabled.PageLoad.SignedOut recorded 1 samples, mean = 1.0 (flags = 0x41)
0  O                                                                         (0 = 0.0%)
1  -O                                                                        (1 = 100.0%) {0.0%}
2  O                                                                         (0 = 0.0%) {100.0%}

Histogram: Autofill.Address.IsEnabled.Startup recorded 1 samples, mean = 1.0 (flags = 0x41)
0  O                                                                         (0 = 0.0%)
1  -O                                                                        (1 = 100.0%) {0.0%}
2  O                                                                         (0 = 0.0%) {100.0%}

Histogram: Autofill.CreditCard.IsEnabled.PageLoad recorded 1 samples, mean = 1.0 (flags = 0x41)
0  O                                                                         (0 = 0.0%)
1  -O                                                                        (1 = 100.0%) {0.0%}
2  O                                                                         (0 = 0.0%) {100.0%}

Histogram: Autofill.CreditCard.IsEnabled.PageLoad.SignedOut recorded 1 samples, mean = 1.0 (flags = 0x41)
0  O                                                                         (0 = 0.0%)
1  -O                                                                        (1 = 100.0%) {0.0%}
2  O                                                                         (0 = 0.0%) {100.0%}

Histogram: Autofill.CreditCard.IsEnabled.Startup recorded 1 samples, mean = 1.0 (flags = 0x41)
0  O                                                                         (0 = 0.0%)
1  -O                                                                        (1 = 100.0%) {0.0%}
2  O                                                                         (0 = 0.0%) {100.0%}

Histogram: Autofill.DOMContentLoadedInOutermostMainFrame recorded 3 samples, mean = 0.3 (flags = 0x41)
0  --O                                                                       (2 = 66.7%)
1  -O                                                                        (1 = 33.3%) {66.7%}
2  O                                                                         (0 = 0.0%) {100.0%}

Histogram: Autofill.ExtractFormUnowned.FieldCount recorded 6 samples, mean = 0.0 (flags = 0x41)
0  ------O                                                                   (6 = 100.0%)
1  ... 

Histogram: Autofill.FormForest.GetBrowserFormOfRendererForm.Duration recorded 1 samples, mean = 0.0 (flags = 0x41)
0  -O                                                                        (1 = 100.0%)
1  ... 

Histogram: Autofill.FormForest.UpdateTreeOfRendererForm.Duration recorded 1 samples, mean = 68.0 (flags = 0x41)
0   ... 
65  -O                                                                        (1 = 100.0%) {0.0%}
86  ... 

Histogram: Autofill.FormForest.UpdateTreeOfRendererForm.Visits recorded 1 samples, mean = 2.0 (flags = 0x41)
0  ... 
2  -O                                                                        (1 = 100.0%) {0.0%}
3  ... 

Histogram: Autofill.Funnel.ParsedAsType.Address recorded 6 samples, mean = 0.0 (flags = 0x41)
0  ------O                                                                   (6 = 100.0%)
1  ... 

Histogram: Autofill.Funnel.ParsedAsType.CreditCard recorded 6 samples, mean = 0.0 (flags = 0x41)
0  ------O                                                                   (6 = 100.0%)
1  ... 

Histogram: Autofill.Funnel.ParsedAsType.VirtualCard.StandaloneCvc recorded 6 samples, mean = 0.0 (flags = 0x41)
0  ------O                                                                   (6 = 100.0%)
1  ... 

Histogram: Autofill.IsEnabled.PageLoad recorded 1 samples, mean = 1.0 (flags = 0x41)
0  O                                                                         (0 = 0.0%)
1  -O                                                                        (1 = 100.0%) {0.0%}
2  O                                                                         (0 = 0.0%) {100.0%}

Histogram: Autofill.IsEnabled.PageLoad.SignedOut recorded 1 samples, mean = 1.0 (flags = 0x41)
0  O                                                                         (0 = 0.0%)
1  -O                                                                        (1 = 100.0%) {0.0%}
2  O                                                                         (0 = 0.0%) {100.0%}

Histogram: Autofill.IsEnabled.Startup recorded 1 samples, mean = 1.0 (flags = 0x41)
0  O                                                                         (0 = 0.0%)
1  -O                                                                        (1 = 100.0%) {0.0%}
2  O                                                                         (0 = 0.0%) {100.0%}

Histogram: Autofill.Leipzig.Duplication.NumberOfLocalSupersetProfilesOnStartup recorded 1 samples, mean = 0.0 (flags = 0x41)
0  -O                                                                        (1 = 100.0%)
1  ... 

Histogram: Autofill.NumberOfDriversPerFactory recorded 1 samples, mean = 3.0 (flags = 0x41)
0  ... 
3  -O                                                                        (1 = 100.0%) {0.0%}
4  ... 

Histogram: Autofill.Offer.StoredOfferCount2.CardLinkedOffer recorded 1 samples, mean = 0.0 (flags = 0x41)
0  -O                                                                        (1 = 100.0%)
1  ... 

Histogram: Autofill.Offer.StoredOfferCount2.GPayPromoCodeOffer recorded 1 samples, mean = 0.0 (flags = 0x41)
0  -O                                                                        (1 = 100.0%)
1  ... 

Histogram: Autofill.PaymentMethods.CvcStorageIsEnabled.Startup recorded 1 samples, mean = 0.0 (flags = 0x41)
0  -O                                                                        (1 = 100.0%)
1  ... 

Histogram: Autofill.StoredCreditCardCount recorded 1 samples, mean = 0.0 (flags = 0x41)
0  -O                                                                        (1 = 100.0%)
1  ... 

Histogram: Autofill.StoredCreditCardCount.Local recorded 1 samples, mean = 0.0 (flags = 0x41)
0  -O                                                                        (1 = 100.0%)
1  ... 

Histogram: Autofill.StoredCreditCardCount.Local.WithInvalidCardNumber recorded 1 samples, mean = 0.0 (flags = 0x41)
0  -O                                                                        (1 = 100.0%)
1  ... 

Histogram: Autofill.StoredCreditCardCount.Local.WithNickname recorded 1 samples, mean = 0.0 (flags = 0x41)
0  -O                                                                        (1 = 100.0%)
1  ... 

Histogram: Autofill.StoredCreditCardCount.Server recorded 1 samples, mean = 0.0 (flags = 0x41)
0  -O                                                                        (1 = 100.0%)
1  ... 

Histogram: Autofill.StoredCreditCardCount.Server.Masked recorded 1 samples, mean = 0.0 (flags = 0x41)
0  -O                                                                        (1 = 100.0%)
1  ... 

Histogram: Autofill.StoredCreditCardCount.Server.Masked.WithNickname recorded 1 samples, mean = 0.0 (flags = 0x41)
0  -O                                                                        (1 = 100.0%)
1  ... 

Histogram: Autofill.StoredCreditCardCount.Server.Unmasked recorded 1 samples, mean = 0.0 (flags = 0x41)
0  -O                                                                        (1 = 100.0%)
1  ... 

Histogram: Autofill.StoredCreditCardCount.Server.WithCardArtImage recorded 1 samples, mean = 0.0 (flags = 0x41)
0  -O                                                                        (1 = 100.0%)
1  ... 

Histogram: Autofill.StoredCreditCardCount.Server.WithVirtualCardMetadata recorded 1 samples, mean = 0.0 (flags = 0x41)
0  -O                                                                        (1 = 100.0%)
1  ... 

Histogram: Autofill.StoredIbanCount recorded 1 samples, mean = 0.0 (flags = 0x41)
0  -O                                                                        (1 = 100.0%)
1  ... 

Histogram: Autofill.StoredProfileCount.AccountChrome recorded 1 samples, mean = 0.0 (flags = 0x41)
0  -O                                                                        (1 = 100.0%)
1  ... 

Histogram: Autofill.StoredProfileCount.AccountNonChrome recorded 1 samples, mean = 0.0 (flags = 0x41)
0  -O                                                                        (1 = 100.0%)
1  ... 

Histogram: Autofill.StoredProfileCount.Legacy recorded 1 samples, mean = 0.0 (flags = 0x41)
0  -O                                                                        (1 = 100.0%)
1  ... 

Histogram: Autofill.StoredProfileCount.Total recorded 1 samples, mean = 0.0 (flags = 0x41)
0  -O                                                                        (1 = 100.0%)
1  ... 

Histogram: Autofill.SubmissionDetectionSource.FormTracker recorded 2 samples, mean = 3.0 (flags = 0x41)
0  ... 
3  --O                                                                       (2 = 100.0%) {0.0%}
4  ... 

Histogram: Autofill.Timing.ParseFormsAsync recorded 1 samples, mean = 0.0 (flags = 0x41)
0  -O                                                                        (1 = 100.0%)
1  ... 

Histogram: Autofill.Timing.ParseFormsAsync.RunHeuristics recorded 1 samples, mean = 0.0 (flags = 0x41)
0  -O                                                                        (1 = 100.0%)
1  ... 

Histogram: Autofill.Timing.ParseFormsAsync.UpdateCache recorded 1 samples, mean = 0.0 (flags = 0x41)
0  -O                                                                        (1 = 100.0%)
1  ... 

Histogram: Autofill.TimingInterval.ExtractFormData.GetFormDataFromUnownedInputElements.AutofillAgentReset recorded 3 samples, mean = 1096685.6 (flags = 0x41)
0        ... 
720966   -O                                                                        (1 = 33.3%) {0.0%}
841582   -O                                                                        (1 = 33.3%) {33.3%}
982376   ... 
1562508  -O                                                                        (1 = 33.3%) {66.7%}
1823911  ... 

Histogram: Autofill.TimingInterval.ExtractFormData.GetFormDataFromUnownedInputElements.DOMContentLoaded recorded 3 samples, mean = 46421312.0 (flags = 0x41)
0         ... 
112651    -O                                                                        (1 = 33.3%) {0.0%}
131497    ... 
720966    -O                                                                        (1 = 33.3%) {33.3%}
841582    ... 
10000000  -O                                                                        (1 = 33.3%) {66.7%}

Histogram: Autofill.TimingInterval.ExtractFormData.UpdateFormCache.AutofillAgentReset recorded 5 samples, mean = 658153.4 (flags = 0x41)
0        ... 
198      -O                                                                        (1 = 20.0%) {0.0%}
231      ... 
502      -O                                                                        (1 = 20.0%) {20.0%}
586      ... 
720966   -O                                                                        (1 = 20.0%) {40.0%}
841582   -O                                                                        (1 = 20.0%) {60.0%}
982376   ... 
1562508  -O                                                                        (1 = 20.0%) {80.0%}
1823911  ... 

Histogram: Autofill.TimingInterval.ExtractFormData.UpdateFormCache.DOMContentLoaded recorded 5 samples, mean = 183044.0 (flags = 0x41)
0       ... 
9       -O                                                                        (1 = 20.0%) {0.0%}
11      ... 
27      -O                                                                        (1 = 20.0%) {20.0%}
32      ... 
270     -O                                                                        (1 = 20.0%) {40.0%}
315     ... 
112651  -O                                                                        (1 = 20.0%) {60.0%}
131497  ... 
720966  -O                                                                        (1 = 20.0%) {80.0%}
841582  ... 

Histogram: Autofill.TimingInterval.UpdateFormCache.UpdateFormCache.AutofillAgentReset recorded 5 samples, mean = 658178.8 (flags = 0x41)
0        ... 
198      -O                                                                        (1 = 20.0%) {0.0%}
231      ... 
502      -O                                                                        (1 = 20.0%) {20.0%}
586      ... 
720966   -O                                                                        (1 = 20.0%) {40.0%}
841582   -O                                                                        (1 = 20.0%) {60.0%}
982376   ... 
1562508  -O                                                                        (1 = 20.0%) {80.0%}
1823911  ... 

Histogram: Autofill.TimingInterval.UpdateFormCache.UpdateFormCache.DOMContentLoaded recorded 5 samples, mean = 183069.4 (flags = 0x41)
0       ... 
32      -O                                                                        (1 = 20.0%) {0.0%}
37      -O                                                                        (1 = 20.0%) {20.0%}
43      ... 
315     -O                                                                        (1 = 20.0%) {40.0%}
368     ... 
112651  -O                                                                        (1 = 20.0%) {60.0%}
131497  ... 
720966  -O                                                                        (1 = 20.0%) {80.0%}
841582  ... 

Histogram: Autofill.TimingPrecise.ExtractFormData recorded 8 samples, mean = 43.2 (flags = 0x41)
0   ... 
5   --O                                                                       (2 = 25.0%) {0.0%}
6   -O                                                                        (1 = 12.5%) {25.0%}
7   ... 
22  -O                                                                        (1 = 12.5%) {37.5%}
25  ... 
60  --O                                                                       (2 = 25.0%) {50.0%}
68  O                                                                         (0 = 0.0%) {75.0%}
77  -O                                                                        (1 = 12.5%) {75.0%}
88  -O                                                                        (1 = 12.5%) {87.5%}
100 ... 

Histogram: Autofill.TimingPrecise.ExtractFormData.GetFormDataFromUnownedInputElements recorded 3 samples, mean = 34.3 (flags = 0x41)
0   ... 
5   --O                                                                       (2 = 66.7%) {0.0%}
6   ... 
88  -O                                                                        (1 = 33.3%) {66.7%}
100 ... 

Histogram: Autofill.TimingPrecise.ExtractFormData.UpdateFormCache recorded 5 samples, mean = 48.6 (flags = 0x41)
0   ... 
6   -O                                                                        (1 = 20.0%) {0.0%}
7   ... 
22  -O                                                                        (1 = 20.0%) {20.0%}
25  ... 
60  --O                                                                       (2 = 40.0%) {40.0%}
68  O                                                                         (0 = 0.0%) {80.0%}
77  -O                                                                        (1 = 20.0%) {80.0%}
88  ... 

Histogram: Autofill.TimingPrecise.InferLabelForElement recorded 8 samples, mean = 0.1 (flags = 0x41)
0  -------O                                                                  (7 = 87.5%)
1  -O                                                                        (1 = 12.5%) {87.5%}
2  ... 

Histogram: Autofill.TimingPrecise.UpdateFormCache recorded 5 samples, mean = 123.4 (flags = 0x41)
0    ... 
32   -O                                                                        (1 = 20.0%) {0.0%}
36   -O                                                                        (1 = 20.0%) {20.0%}
41   ... 
88   --O                                                                       (2 = 40.0%) {40.0%}
100  ... 
320  -O                                                                        (1 = 20.0%) {80.0%}
364  ... 

Histogram: Autofill.TimingPrecise.UpdateFormCache.UpdateFormCache recorded 5 samples, mean = 123.4 (flags = 0x41)
0    ... 
32   -O                                                                        (1 = 20.0%) {0.0%}
36   -O                                                                        (1 = 20.0%) {20.0%}
41   ... 
88   --O                                                                       (2 = 40.0%) {40.0%}
100  ... 
320  -O                                                                        (1 = 20.0%) {80.0%}
364  ... 

Histogram: Autofill.VirtualCardUsageData.StoredUsageDataCount recorded 1 samples, mean = 0.0 (flags = 0x41)
0  -O                                                                        (1 = 100.0%)
1  ... 

Histogram: Blink.CSSStyleSheetResource.ParseTime recorded 8 samples, mean = 1496.9 (flags = 0x41)
0     ... 
146   --O                                                                       (2 = 25.0%) {0.0%}
203   ... 
542   --O                                                                       (2 = 25.0%) {25.0%}
752   -O                                                                        (1 = 12.5%) {50.0%}
1043  -O                                                                        (1 = 12.5%) {62.5%}
1447  -O                                                                        (1 = 12.5%) {75.0%}
2008  ... 
5362  -O                                                                        (1 = 12.5%) {87.5%}
7439  ... 

Histogram: Blink.CommitDocumentLoaderTime recorded 8 samples, mean = 7.0 (flags = 0x41)
0   --O                                                                       (2 = 25.0%)
1   -O                                                                        (1 = 12.5%) {25.0%}
2   -O                                                                        (1 = 12.5%) {37.5%}
3   -O                                                                        (1 = 12.5%) {50.0%}
4   O                                                                         (0 = 0.0%) {62.5%}
5   -O                                                                        (1 = 12.5%) {62.5%}
6   ... 
20  --O                                                                       (2 = 25.0%) {75.0%}
24  ... 

Histogram: Blink.CookiesTime recorded 1 samples, mean = 3.0 (flags = 0x41)
0  ... 
3  -O                                                                        (1 = 100.0%) {0.0%}
4  ... 

Histogram: Blink.CullRect.UpdateTime recorded 19 samples, mean = 36.4 (flags = 0x41)
0    ... 
2    ---O                                                                      (3 = 15.8%) {0.0%}
3    ---O                                                                      (3 = 15.8%) {15.8%}
4    ... 
15   ----O                                                                     (4 = 21.1%) {31.6%}
21   ---O                                                                      (3 = 15.8%) {52.6%}
29   ----O                                                                     (4 = 21.1%) {68.4%}
40   -O                                                                        (1 = 5.3%) {89.5%}
55   ... 
282  -O                                                                        (1 = 5.3%) {94.7%}
391  ... 

Histogram: Blink.DocumentLoader.CommitNavigationToStartLoadingResponse.Time.OutermostMainFrame.NewNavigation.IsHTTPOrHTTPS recorded 1 samples, mean = 2.0 (flags = 0x41)
0  ... 
2  -O                                                                        (1 = 100.0%) {0.0%}
3  ... 

Histogram: Blink.DocumentLoader.CreateParserPostCommit.Time.OutermostMainFrame.NewNavigation.IsHTTPOrHTTPS recorded 1 samples, mean = 20.0 (flags = 0x41)
0   ... 
20  -O                                                                        (1 = 100.0%) {0.0%}
24  ... 

Histogram: Blink.EffectiveZoom recorded 20 samples (flags = 0x41)
125  --------------------O                                                     (20 = 100.0%)

Histogram: Blink.Experimental.Cookies.CacheLookupResult2 recorded 1 samples, mean = 0.0 (flags = 0x41)
0  -O                                                                        (1 = 100.0%)
1  ... 

Histogram: Blink.Experimental.Cookies.FirstCookieRequest recorded 1 samples, mean = 1.0 (flags = 0x41)
0  O                                                                         (0 = 0.0%)
1  -O                                                                        (1 = 100.0%) {0.0%}
2  ... 

Histogram: Blink.Fetch.RequestResourceTime2 recorded 122 samples, mean = 460.8 (flags = 0x41)
0      ... 
29     ----------------O                                                         (16 = 13.1%) {0.0%}
40     ----------------------O                                                   (22 = 18.0%) {13.1%}
55     ------------------------O                                                 (24 = 19.7%) {31.1%}
76     --------O                                                                 (8 = 6.6%) {50.8%}
105    ----O                                                                     (4 = 3.3%) {57.4%}
146    --------O                                                                 (8 = 6.6%) {60.7%}
203    --------------O                                                           (14 = 11.5%) {67.2%}
282    --O                                                                       (2 = 1.6%) {78.7%}
391    -------O                                                                  (7 = 5.7%) {80.3%}
542    ------------O                                                             (12 = 9.8%) {86.1%}
752    --O                                                                       (2 = 1.6%) {95.9%}
1043   -O                                                                        (1 = 0.8%) {97.5%}
1447   -O                                                                        (1 = 0.8%) {98.4%}
2008   ... 
27562  -O                                                                        (1 = 0.8%) {99.2%}
38240  ... 

Histogram: Blink.Fetch.RequestResourceTime2.Preload recorded 41 samples, mean = 238.0 (flags = 0x41)
0     ... 
29    --O                                                                       (2 = 4.9%) {0.0%}
40    ---O                                                                      (3 = 7.3%) {4.9%}
55    ---------------O                                                          (15 = 36.6%) {12.2%}
76    ---O                                                                      (3 = 7.3%) {48.8%}
105   --O                                                                       (2 = 4.9%) {56.1%}
146   --O                                                                       (2 = 4.9%) {61.0%}
203   -----O                                                                    (5 = 12.2%) {65.9%}
282   -O                                                                        (1 = 2.4%) {78.0%}
391   ---O                                                                      (3 = 7.3%) {80.5%}
542   ---O                                                                      (3 = 7.3%) {87.8%}
752   O                                                                         (0 = 0.0%) {95.1%}
1043  -O                                                                        (1 = 2.4%) {95.1%}
1447  -O                                                                        (1 = 2.4%) {97.6%}
2008  ... 

Histogram: Blink.FetchQueuedPreloadsTime.MainFrame.Initial recorded 1 samples, mean = 4.0 (flags = 0x41)
0  ... 
4  -O                                                                        (1 = 100.0%) {0.0%}
5  ... 

Histogram: Blink.Fonts.DecodeTime recorded 5 samples, mean = 10682.8 (flags = 0x41)
0      ... 
3865   -O                                                                        (1 = 20.0%) {0.0%}
5362   ---O                                                                      (3 = 60.0%) {20.0%}
7439   ... 
27562  -O                                                                        (1 = 20.0%) {80.0%}
38240  ... 

Histogram: Blink.Fonts.VariableFontsRatio recorded 5 samples, mean = 1.2 (flags = 0x41)
0  O                                                                         (0 = 0.0%)
1  ----O                                                                     (4 = 80.0%) {0.0%}
2  -O                                                                        (1 = 20.0%) {80.0%}
3  ... 

Histogram: Blink.ForcedStyleAndLayout.UpdateTime.PreFCP recorded 2 samples, mean = 8070.0 (flags = 0x41)
0      ... 
29     -O                                                                        (1 = 50.0%) {0.0%}
40     ... 
14319  -O                                                                        (1 = 50.0%) {50.0%}
19866  ... 

Histogram: Blink.HTMLFastPathParser.AbortedParseSize recorded 13 samples, mean = 1.5 (flags = 0x41)
0  ---O                                                                      (3 = 23.1%)
1  O                                                                         (0 = 0.0%) {23.1%}
2  ----------O                                                               (10 = 76.9%) {23.1%}
3  ... 

Histogram: Blink.HTMLFastPathParser.AbortedParseTime2 recorded 13 samples, mean = 7.1 (flags = 0x41)
0   ---O                                                                      (3 = 23.1%)
1   -O                                                                        (1 = 7.7%) {23.1%}
2   O                                                                         (0 = 0.0%) {30.8%}
3   --O                                                                       (2 = 15.4%) {30.8%}
4   ----O                                                                     (4 = 30.8%) {46.2%}
5   ... 
7   -O                                                                        (1 = 7.7%) {76.9%}
8   ... 
11  -O                                                                        (1 = 7.7%) {84.6%}
12  ... 
50  -O                                                                        (1 = 7.7%) {92.3%}
54  ... 

Histogram: Blink.HTMLFastPathParser.ParseResult recorded 25 samples, mean = 7.7 (flags = 0x41)
0   ------------O                                                             (12 = 48.0%)
1   ... 
4   ---O                                                                      (3 = 12.0%) {48.0%}
5   ... 
18  ----------O                                                               (10 = 40.0%) {60.0%}
19  ... 

Histogram: Blink.HTMLFastPathParser.SuccessfulParseSize recorded 12 samples, mean = 339.0 (flags = 0x41)
0    ... 
146  ----O                                                                     (4 = 33.3%) {0.0%}
203  O                                                                         (0 = 0.0%) {33.3%}
282  ----O                                                                     (4 = 33.3%) {33.3%}
391  ----O                                                                     (4 = 33.3%) {66.7%}
542  ... 

Histogram: Blink.HTMLFastPathParser.SuccessfulParseTime2 recorded 12 samples, mean = 13.7 (flags = 0x41)
0   ... 
2   --O                                                                       (2 = 16.7%) {0.0%}
3   -O                                                                        (1 = 8.3%) {16.7%}
4   O                                                                         (0 = 0.0%) {25.0%}
5   -O                                                                        (1 = 8.3%) {25.0%}
6   -O                                                                        (1 = 8.3%) {33.3%}
7   --O                                                                       (2 = 16.7%) {41.7%}
8   -O                                                                        (1 = 8.3%) {58.3%}
9   -O                                                                        (1 = 8.3%) {66.7%}
10  O                                                                         (0 = 0.0%) {75.0%}
11  -O                                                                        (1 = 8.3%) {75.0%}
12  ... 
27  -O                                                                        (1 = 8.3%) {83.3%}
29  ... 
74  -O                                                                        (1 = 8.3%) {91.7%}
80  ... 

Histogram: Blink.HTMLFastPathParser.TotalParseTime2 recorded 25 samples, mean = 46.6 (flags = 0x41)
0    ... 
3    ---O                                                                      (3 = 12.0%) {0.0%}
4    ... 
6    -O                                                                        (1 = 4.0%) {12.0%}
7    -O                                                                        (1 = 4.0%) {16.0%}
8    -O                                                                        (1 = 4.0%) {20.0%}
9    --O                                                                       (2 = 8.0%) {24.0%}
10   ... 
12   --O                                                                       (2 = 8.0%) {32.0%}
13   --O                                                                       (2 = 8.0%) {40.0%}
14   ... 
17   -O                                                                        (1 = 4.0%) {48.0%}
18   ... 
23   -O                                                                        (1 = 4.0%) {52.0%}
25   ... 
29   -O                                                                        (1 = 4.0%) {56.0%}
31   ... 
37   -O                                                                        (1 = 4.0%) {60.0%}
40   ... 
68   -O                                                                        (1 = 4.0%) {64.0%}
74   -O                                                                        (1 = 4.0%) {68.0%}
80   O                                                                         (0 = 0.0%) {72.0%}
86   --O                                                                       (2 = 8.0%) {72.0%}
93   -O                                                                        (1 = 4.0%) {80.0%}
101  ... 
128  --O                                                                       (2 = 8.0%) {84.0%}
138  --O                                                                       (2 = 8.0%) {92.0%}
149  ... 

Histogram: Blink.HTMLParsing.ChunkCount4 recorded 1 samples, mean = 1.0 (flags = 0x41)
0  O                                                                         (0 = 0.0%)
1  -O                                                                        (1 = 100.0%) {0.0%}
2  ... 

Histogram: Blink.HTMLParsing.InputCharacterCount4 recorded 1 samples, mean = 136740.0 (flags = 0x41)
0       ... 
102126  -O                                                                        (1 = 100.0%) {0.0%}
141691  ... 

Histogram: Blink.HTMLParsing.ParsingTimeMax4 recorded 1 samples, mean = 6177.0 (flags = 0x41)
0     ... 
6101  -O                                                                        (1 = 100.0%) {0.0%}
6195  ... 

Histogram: Blink.HTMLParsing.ParsingTimeMin4 recorded 1 samples, mean = 6177.0 (flags = 0x41)
0     ... 
5548  -O                                                                        (1 = 100.0%) {0.0%}
6317  ... 

Histogram: Blink.HTMLParsing.ParsingTimeTotal4 recorded 1 samples, mean = 6177.0 (flags = 0x41)
0     ... 
6101  -O                                                                        (1 = 100.0%) {0.0%}
6195  ... 

Histogram: Blink.HTMLParsing.PreloadRequestCount recorded 1 samples, mean = 33.0 (flags = 0x41)
0   ... 
33  -O                                                                        (1 = 100.0%) {0.0%}
37  ... 

Histogram: Blink.HTMLParsing.TimeToDeferredPumpTokenizer4 recorded 1 samples, mean = 54305.0 (flags = 0x41)
0      ... 
50453  -O                                                                        (1 = 100.0%) {0.0%}
57449  ... 

Histogram: Blink.HTMLParsing.TokensParsedAverage4 recorded 1 samples, mean = 127.0 (flags = 0x41)
0    ... 
113  -O                                                                        (1 = 100.0%) {0.0%}
149  ... 

Histogram: Blink.HTMLParsing.TokensParsedMax4 recorded 1 samples, mean = 127.0 (flags = 0x41)
0    ... 
113  -O                                                                        (1 = 100.0%) {0.0%}
149  ... 

Histogram: Blink.HTMLParsing.TokensParsedMin4 recorded 1 samples, mean = 127.0 (flags = 0x41)
0    ... 
114  -O                                                                        (1 = 100.0%) {0.0%}
135  ... 

Histogram: Blink.HTMLParsing.TokensParsedTotal4 recorded 1 samples, mean = 127.0 (flags = 0x41)
0    ... 
105  -O                                                                        (1 = 100.0%) {0.0%}
146  ... 

Histogram: Blink.HTMLParsing.YieldedTimeAverage4 recorded 1 samples, mean = 27813.0 (flags = 0x41)
0      ... 
23984  -O                                                                        (1 = 100.0%) {0.0%}
27996  ... 

Histogram: Blink.HTMLParsing.YieldedTimeMax4 recorded 1 samples, mean = 54339.0 (flags = 0x41)
0      ... 
53800  -O                                                                        (1 = 100.0%) {0.0%}
54631  ... 

Histogram: Blink.HTMLParsing.YieldedTimeMin4 recorded 1 samples, mean = 1288.0 (flags = 0x41)
0     ... 
1270  -O                                                                        (1 = 100.0%) {0.0%}
1482  ... 

Histogram: Blink.History.VisitedLinks.IsLinkStyledAsVisited recorded 46 samples, mean = 0.0 (flags = 0x41)
0  ----------------------------------------------O                           (46 = 100.0%)
1  ... 

Histogram: Blink.JavascriptDocumentUpdate.UpdateTime.PreFCP recorded 1 samples, mean = 16102.0 (flags = 0x41)
0      ... 
14319  -O                                                                        (1 = 100.0%) {0.0%}
19866  ... 

Histogram: Blink.Layout.InlineNode.ShapeText.MaxTime.InOutermostMainFrame3 recorded 1 samples, mean = 0.0 (flags = 0x41)
0  -O                                                                        (1 = 100.0%)
1  ... 

Histogram: Blink.Layout.InlineNode.ShapeText.TotalTime.InOutermostMainFrame3 recorded 1 samples, mean = 0.0 (flags = 0x41)
0  -O                                                                        (1 = 100.0%)
1  ... 

Histogram: Blink.Layout.SVGImage.Count.InOutermostMainFrame recorded 1 samples, mean = 0.0 (flags = 0x41)
0  -O                                                                        (1 = 100.0%)
1  ... 

Histogram: Blink.Layout.SVGImage.TotalTime.InOutermostMainFrame recorded 1 samples, mean = 0.0 (flags = 0x41)
0  -O                                                                        (1 = 100.0%)
1  ... 

Histogram: Blink.MainFrame.UpdateTime.PreFCP recorded 18 samples, mean = 9138.2 (flags = 0x41)
0      ... 
282    --O                                                                       (2 = 11.1%) {0.0%}
391    -O                                                                        (1 = 5.6%) {11.1%}
542    O                                                                         (0 = 0.0%) {16.7%}
752    -O                                                                        (1 = 5.6%) {16.7%}
1043   -O                                                                        (1 = 5.6%) {22.2%}
1447   ---O                                                                      (3 = 16.7%) {27.8%}
2008   --O                                                                       (2 = 11.1%) {44.4%}
2786   O                                                                         (0 = 0.0%) {55.6%}
3865   -O                                                                        (1 = 5.6%) {55.6%}
5362   ---O                                                                      (3 = 16.7%) {61.1%}
7439   O                                                                         (0 = 0.0%) {77.8%}
10321  --O                                                                       (2 = 11.1%) {77.8%}
14319  ... 
38240  --O                                                                       (2 = 11.1%) {88.9%}
53055  ... 

Histogram: Blink.MemoryCache.RevalidationPolicy.AsyncScript recorded 48 samples, mean = 1.6 (flags = 0x41)
0  -----------------------O                                                  (23 = 47.9%)
1  ... 
3  -------------------------O                                                (25 = 52.1%) {47.9%}
4  ... 

Histogram: Blink.MemoryCache.RevalidationPolicy.CSSStyleSheet recorded 8 samples, mean = 0.0 (flags = 0x41)
0  --------O                                                                 (8 = 100.0%)
1  ... 

Histogram: Blink.MemoryCache.RevalidationPolicy.Dead.CSSStyleSheet recorded 1 samples, mean = 0.0 (flags = 0x41)
0  -O                                                                        (1 = 100.0%)
1  ... 

Histogram: Blink.MemoryCache.RevalidationPolicy.Dead.Font recorded 2 samples, mean = 0.0 (flags = 0x41)
0  --O                                                                       (2 = 100.0%)
1  ... 

Histogram: Blink.MemoryCache.RevalidationPolicy.Dead.Script recorded 22 samples, mean = 0.0 (flags = 0x41)
0  ----------------------O                                                   (22 = 100.0%)
1  ... 

Histogram: Blink.MemoryCache.RevalidationPolicy.Font recorded 23 samples, mean = 4.0 (flags = 0x41)
0  -O                                                                        (1 = 4.3%)
1  ... 
4  ------------------O                                                       (18 = 78.3%) {4.3%}
5  ----O                                                                     (4 = 17.4%) {82.6%}
6  O                                                                         (0 = 0.0%) {100.0%}

Histogram: Blink.MemoryCache.RevalidationPolicy.Image recorded 20 samples, mean = 4.0 (flags = 0x41)
0  ... 
3  -O                                                                        (1 = 5.0%) {0.0%}
4  -------------------O                                                      (19 = 95.0%) {5.0%}
5  ... 

Histogram: Blink.MemoryCache.RevalidationPolicy.Manifest recorded 1 samples, mean = 3.0 (flags = 0x41)
0  ... 
3  -O                                                                        (1 = 100.0%) {0.0%}
4  ... 

Histogram: Blink.MemoryCache.RevalidationPolicy.Preload.CSSStyleSheet recorded 15 samples, mean = 1.6 (flags = 0x41)
0  -------O                                                                  (7 = 46.7%)
1  ... 
3  --------O                                                                 (8 = 53.3%) {46.7%}
4  ... 

Histogram: Blink.MemoryCache.RevalidationPolicy.Preload.Font recorded 2 samples, mean = 1.5 (flags = 0x41)
0  -O                                                                        (1 = 50.0%)
1  ... 
3  -O                                                                        (1 = 50.0%) {50.0%}
4  ... 

Histogram: Blink.MemoryCache.RevalidationPolicy.Preload.Script recorded 24 samples, mean = 2.8 (flags = 0x41)
0  --O                                                                       (2 = 8.3%)
1  ... 
3  ----------------------O                                                   (22 = 91.7%) {8.3%}
4  ... 

Histogram: Blink.MemoryCache.RevalidationPolicy.Raw recorded 7 samples, mean = 3.0 (flags = 0x41)
0  ... 
3  -------O                                                                  (7 = 100.0%) {0.0%}
4  ... 

Histogram: Blink.MemoryCache.RevalidationPolicy.Script recorded 26 samples, mean = 0.5 (flags = 0x41)
0  ----------------------O                                                   (22 = 84.6%)
1  ... 
3  ----O                                                                     (4 = 15.4%) {84.6%}
4  ... 

Histogram: Blink.PreloadRequestStartDuration recorded 41 samples, mean = 242.7 (flags = 0x41)
0     ... 
29    -O                                                                        (1 = 2.4%) {0.0%}
40    --O                                                                       (2 = 4.9%) {2.4%}
55    -----------------O                                                        (17 = 41.5%) {7.3%}
76    ---O                                                                      (3 = 7.3%) {48.8%}
105   --O                                                                       (2 = 4.9%) {56.1%}
146   --O                                                                       (2 = 4.9%) {61.0%}
203   ----O                                                                     (4 = 9.8%) {65.9%}
282   --O                                                                       (2 = 4.9%) {75.6%}
391   ---O                                                                      (3 = 7.3%) {80.5%}
542   ---O                                                                      (3 = 7.3%) {87.8%}
752   O                                                                         (0 = 0.0%) {95.1%}
1043  -O                                                                        (1 = 2.4%) {95.1%}
1447  -O                                                                        (1 = 2.4%) {97.6%}
2008  ... 

Histogram: Blink.PreloadRequestWaitTime recorded 31 samples, mean = 3.7 (flags = 0x41)
0  O                                                                         (0 = 0.0%)
1  -O                                                                        (1 = 3.2%) {0.0%}
2  ---------O                                                                (9 = 29.0%) {3.2%}
3  -----O                                                                    (5 = 16.1%) {32.3%}
4  --O                                                                       (2 = 6.5%) {48.4%}
5  ------------O                                                             (12 = 38.7%) {54.8%}
6  --O                                                                       (2 = 6.5%) {93.5%}
7  ... 

Histogram: Blink.PrepareToStopParsingTime recorded 21 samples, mean = 1.8 (flags = 0x41)
0   ------------------O                                                       (18 = 85.7%)
1   -O                                                                        (1 = 4.8%) {85.7%}
2   O                                                                         (0 = 0.0%) {90.5%}
3   -O                                                                        (1 = 4.8%) {90.5%}
4   ... 
34  -O                                                                        (1 = 4.8%) {95.2%}
40  ... 

Histogram: Blink.PumpTokenizerTime recorded 39 samples, mean = 0.9 (flags = 0x41)
0   -----------------------------------O                                      (35 = 89.7%)
1   O                                                                         (0 = 0.0%) {89.7%}
2   -O                                                                        (1 = 2.6%) {89.7%}
3   ... 
8   -O                                                                        (1 = 2.6%) {92.3%}
10  -O                                                                        (1 = 2.6%) {94.9%}
12  O                                                                         (0 = 0.0%) {97.4%}
14  -O                                                                        (1 = 2.6%) {97.4%}
17  ... 

Histogram: Blink.ResourceRequest.BackgroundResourceFetchSupportStatus recorded 52 samples, mean = 0.1 (flags = 0x41)
0  --------------------------------------------------O                       (50 = 96.2%)
1  O                                                                         (0 = 0.0%) {96.2%}
2  --O                                                                       (2 = 3.8%) {96.2%}
3  ... 

Histogram: Blink.ResourceRequest.CompletionDelay2 recorded 52 samples, mean = 85.3 (flags = 0x41)
0    -------O                                                                  (7 = 13.5%)
1    --O                                                                       (2 = 3.8%) {13.5%}
2    -O                                                                        (1 = 1.9%) {17.3%}
3    --O                                                                       (2 = 3.8%) {19.2%}
4    ... 
6    -O                                                                        (1 = 1.9%) {23.1%}
7    O                                                                         (0 = 0.0%) {25.0%}
8    --O                                                                       (2 = 3.8%) {25.0%}
10   ... 
29   -O                                                                        (1 = 1.9%) {28.8%}
34   ... 
48   -O                                                                        (1 = 1.9%) {30.8%}
57   O                                                                         (0 = 0.0%) {32.7%}
68   -O                                                                        (1 = 1.9%) {32.7%}
81   ----------O                                                               (10 = 19.2%) {34.6%}
96   ---------O                                                                (9 = 17.3%) {53.8%}
114  --------O                                                                 (8 = 15.4%) {71.2%}
135  --O                                                                       (2 = 3.8%) {86.5%}
160  O                                                                         (0 = 0.0%) {90.4%}
190  ---O                                                                      (3 = 5.8%) {90.4%}
226  --O                                                                       (2 = 3.8%) {96.2%}
268  ... 

Histogram: Blink.ResourceRequest.RedirectDelay2 recorded 2 samples, mean = 11.5 (flags = 0x41)
0   O                                                                         (0 = 0.0%)
1   -O                                                                        (1 = 50.0%) {0.0%}
2   ... 
20  -O                                                                        (1 = 50.0%) {50.0%}
24  ... 

Histogram: Blink.ResourceRequest.ResponseDelay2 recorded 48 samples, mean = 89.1 (flags = 0x41)
0    -O                                                                        (1 = 2.1%)
1    ---O                                                                      (3 = 6.2%) {2.1%}
2    --O                                                                       (2 = 4.2%) {8.3%}
3    O                                                                         (0 = 0.0%) {12.5%}
4    --O                                                                       (2 = 4.2%) {12.5%}
5    -O                                                                        (1 = 2.1%) {16.7%}
6    O                                                                         (0 = 0.0%) {18.8%}
7    -O                                                                        (1 = 2.1%) {18.8%}
8    -O                                                                        (1 = 2.1%) {20.8%}
10   O                                                                         (0 = 0.0%) {22.9%}
12   -O                                                                        (1 = 2.1%) {22.9%}
14   ... 
20   -O                                                                        (1 = 2.1%) {25.0%}
24   O                                                                         (0 = 0.0%) {27.1%}
29   -O                                                                        (1 = 2.1%) {27.1%}
34   ... 
48   -O                                                                        (1 = 2.1%) {29.2%}
57   O                                                                         (0 = 0.0%) {31.2%}
68   -O                                                                        (1 = 2.1%) {31.2%}
81   -------O                                                                  (7 = 14.6%) {33.3%}
96   ----------O                                                               (10 = 20.8%) {47.9%}
114  --------O                                                                 (8 = 16.7%) {68.8%}
135  ---O                                                                      (3 = 6.2%) {85.4%}
160  O                                                                         (0 = 0.0%) {91.7%}
190  --O                                                                       (2 = 4.2%) {91.7%}
226  --O                                                                       (2 = 4.2%) {95.8%}
268  ... 

Histogram: Blink.ResourceRequest.StartDelay2 recorded 48 samples, mean = 176.2 (flags = 0x41)
0     ... 
4     -O                                                                        (1 = 2.1%) {0.0%}
5     ... 
12    -----O                                                                    (5 = 10.4%) {2.1%}
14    --O                                                                       (2 = 4.2%) {12.5%}
17    -O                                                                        (1 = 2.1%) {16.7%}
20    O                                                                         (0 = 0.0%) {18.8%}
24    --O                                                                       (2 = 4.2%) {18.8%}
29    -O                                                                        (1 = 2.1%) {22.9%}
34    ---O                                                                      (3 = 6.2%) {25.0%}
40    ... 
57    ---O                                                                      (3 = 6.2%) {31.2%}
68    --------O                                                                 (8 = 16.7%) {37.5%}
81    ... 
114   -O                                                                        (1 = 2.1%) {54.2%}
135   ... 
190   --------------------O                                                     (20 = 41.7%) {56.2%}
226   ... 
2990  -O                                                                        (1 = 2.1%) {97.9%}
3553  ... 

Histogram: Blink.SVGImage.DataChanged recorded 1 samples, mean = 5458.0 (flags = 0x41)
0     ... 
5362  -O                                                                        (1 = 100.0%) {0.0%}
7439  ... 

Histogram: Blink.SVGImage.IsolatedSVGDocumentHostCreationTime recorded 1 samples, mean = 1658.0 (flags = 0x41)
0     ... 
1447  -O                                                                        (1 = 100.0%) {0.0%}
2008  ... 

Histogram: Blink.ScanAndPreloadTime.MainFrame.Initial recorded 1 samples, mean = 6.0 (flags = 0x41)
0  ... 
6  -O                                                                        (1 = 100.0%) {0.0%}
7  ... 

Histogram: Blink.ScanAndPreloadTime.MainFrame.NonInitial recorded 1 samples, mean = 0.0 (flags = 0x41)
0  -O                                                                        (1 = 100.0%)
1  ... 

Histogram: Blink.ScanAndPreloadTime2.MainFrame.Initial recorded 1 samples, mean = 6736.0 (flags = 0x41)
0     ... 
5362  -O                                                                        (1 = 100.0%) {0.0%}
7439  ... 

Histogram: Blink.ScanAndPreloadTime2.MainFrame.NonInitial recorded 1 samples, mean = 22.0 (flags = 0x41)
0   ... 
21  -O                                                                        (1 = 100.0%) {0.0%}
29  ... 

Histogram: Blink.ScanAndPreloadTime2.Preload.MainFrame.Initial recorded 1 samples, mean = 4952.0 (flags = 0x41)
0     ... 
3865  -O                                                                        (1 = 100.0%) {0.0%}
5362  ... 

Histogram: Blink.ScanAndPreloadTime2.Preload.MainFrame.NonInitial recorded 1 samples, mean = 2.0 (flags = 0x41)
0  ... 
2  -O                                                                        (1 = 100.0%) {0.0%}
3  ... 

Histogram: Blink.ScanAndPreloadTime2.Scan.MainFrame.Initial recorded 1 samples, mean = 1739.0 (flags = 0x41)
0     ... 
1447  -O                                                                        (1 = 100.0%) {0.0%}
2008  ... 

Histogram: Blink.ScanAndPreloadTime2.Scan.MainFrame.NonInitial recorded 1 samples, mean = 2.0 (flags = 0x41)
0  ... 
2  -O                                                                        (1 = 100.0%) {0.0%}
3  ... 

Histogram: Blink.Script.AsyncScript.FromReadyToStartExecution.Time recorded 26 samples, mean = 76.0 (flags = 0x41)
0    ... 
2    --O                                                                       (2 = 7.7%) {0.0%}
3    -O                                                                        (1 = 3.8%) {7.7%}
4    ... 
10   ---O                                                                      (3 = 11.5%) {11.5%}
13   ... 
20   -O                                                                        (1 = 3.8%) {23.1%}
25   ---O                                                                      (3 = 11.5%) {26.9%}
32   ---O                                                                      (3 = 11.5%) {38.5%}
41   ... 
107  -----------O                                                              (11 = 42.3%) {50.0%}
136  O                                                                         (0 = 0.0%) {92.3%}
173  --O                                                                       (2 = 7.7%) {92.3%}
220  ... 

Histogram: Blink.Script.SchedulingType recorded 41 samples, mean = 5.3 (flags = 0x41)
0  ... 
3  -O                                                                        (1 = 2.4%) {0.0%}
4  O                                                                         (0 = 0.0%) {2.4%}
5  -------------------------O                                                (25 = 61.0%) {2.4%}
6  ---------------O                                                          (15 = 36.6%) {63.4%}
7  ... 

Histogram: Blink.UseCounter.AnimatedCSSProperties recorded 1 samples, mean = 1.0 (flags = 0x41)
0  O                                                                         (0 = 0.0%)
1  -O                                                                        (1 = 100.0%) {0.0%}
2  ... 

Histogram: Blink.UseCounter.CSSProperties recorded 96 samples, mean = 275.0 (flags = 0x41)
0    O                                                                         (0 = 0.0%)
1    -O                                                                        (1 = 1.0%) {0.0%}
2    -O                                                                        (1 = 1.0%) {1.0%}
3    -O                                                                        (1 = 1.0%) {2.1%}
4    -O                                                                        (1 = 1.0%) {3.1%}
5    -O                                                                        (1 = 1.0%) {4.2%}
6    -O                                                                        (1 = 1.0%) {5.2%}
7    -O                                                                        (1 = 1.0%) {6.2%}
8    -O                                                                        (1 = 1.0%) {7.3%}
9    O                                                                         (0 = 0.0%) {8.3%}
10   -O                                                                        (1 = 1.0%) {8.3%}
11   ... 
14   -O                                                                        (1 = 1.0%) {9.4%}
15   ... 
20   -O                                                                        (1 = 1.0%) {10.4%}
21   -O                                                                        (1 = 1.0%) {11.5%}
22   ... 
24   -O                                                                        (1 = 1.0%) {12.5%}
25   ... 
34   -O                                                                        (1 = 1.0%) {13.5%}
35   ... 
42   -O                                                                        (1 = 1.0%) {14.6%}
43   ... 
53   -O                                                                        (1 = 1.0%) {15.6%}
54   ... 
59   -O                                                                        (1 = 1.0%) {16.7%}
60   ... 
66   -O                                                                        (1 = 1.0%) {17.7%}
67   ... 
69   -O                                                                        (1 = 1.0%) {18.8%}
70   ... 
72   -O                                                                        (1 = 1.0%) {19.8%}
73   O                                                                         (0 = 0.0%) {20.8%}
74   -O                                                                        (1 = 1.0%) {20.8%}
75   ... 
77   -O                                                                        (1 = 1.0%) {21.9%}
78   ... 
81   -O                                                                        (1 = 1.0%) {22.9%}
82   ... 
84   -O                                                                        (1 = 1.0%) {24.0%}
85   ... 
89   -O                                                                        (1 = 1.0%) {25.0%}
90   ... 
95   -O                                                                        (1 = 1.0%) {26.0%}
96   -O                                                                        (1 = 1.0%) {27.1%}
97   -O                                                                        (1 = 1.0%) {28.1%}
98   -O                                                                        (1 = 1.0%) {29.2%}
99   O                                                                         (0 = 0.0%) {30.2%}
100  -O                                                                        (1 = 1.0%) {30.2%}
101  ... 
105  -O                                                                        (1 = 1.0%) {31.2%}
106  -O                                                                        (1 = 1.0%) {32.3%}
107  -O                                                                        (1 = 1.0%) {33.3%}
108  O                                                                         (0 = 0.0%) {34.4%}
109  -O                                                                        (1 = 1.0%) {34.4%}
110  ... 
118  -O                                                                        (1 = 1.0%) {35.4%}
119  -O                                                                        (1 = 1.0%) {36.5%}
120  ... 
124  -O                                                                        (1 = 1.0%) {37.5%}
125  ... 
127  -O                                                                        (1 = 1.0%) {38.5%}
128  -O                                                                        (1 = 1.0%) {39.6%}
129  -O                                                                        (1 = 1.0%) {40.6%}
130  ... 
143  -O                                                                        (1 = 1.0%) {41.7%}
144  ... 
150  -O                                                                        (1 = 1.0%) {42.7%}
151  O                                                                         (0 = 0.0%) {43.8%}
152  -O                                                                        (1 = 1.0%) {43.8%}
153  -O                                                                        (1 = 1.0%) {44.8%}
154  -O                                                                        (1 = 1.0%) {45.8%}
155  O                                                                         (0 = 0.0%) {46.9%}
156  -O                                                                        (1 = 1.0%) {46.9%}
157  -O                                                                        (1 = 1.0%) {47.9%}
158  O                                                                         (0 = 0.0%) {49.0%}
159  -O                                                                        (1 = 1.0%) {49.0%}
160  O                                                                         (0 = 0.0%) {50.0%}
161  -O                                                                        (1 = 1.0%) {50.0%}
162  ... 
164  -O                                                                        (1 = 1.0%) {51.0%}
165  -O                                                                        (1 = 1.0%) {52.1%}
166  ... 
175  -O                                                                        (1 = 1.0%) {53.1%}
176  ... 
231  -O                                                                        (1 = 1.0%) {54.2%}
232  -O                                                                        (1 = 1.0%) {55.2%}
233  O                                                                         (0 = 0.0%) {56.2%}
234  -O                                                                        (1 = 1.0%) {56.2%}
235  -O                                                                        (1 = 1.0%) {57.3%}
236  O                                                                         (0 = 0.0%) {58.3%}
237  -O                                                                        (1 = 1.0%) {58.3%}
238  -O                                                                        (1 = 1.0%) {59.4%}
239  -O                                                                        (1 = 1.0%) {60.4%}
240  -O                                                                        (1 = 1.0%) {61.5%}
241  O                                                                         (0 = 0.0%) {62.5%}
242  -O                                                                        (1 = 1.0%) {62.5%}
243  ... 
303  -O                                                                        (1 = 1.0%) {63.5%}
304  ... 
369  -O                                                                        (1 = 1.0%) {64.6%}
370  -O                                                                        (1 = 1.0%) {65.6%}
371  ... 
415  -O                                                                        (1 = 1.0%) {66.7%}
416  ... 
432  -O                                                                        (1 = 1.0%) {67.7%}
433  -O                                                                        (1 = 1.0%) {68.8%}
434  ... 
437  -O                                                                        (1 = 1.0%) {69.8%}
438  ... 
446  -O                                                                        (1 = 1.0%) {70.8%}
447  ... 
508  -O                                                                        (1 = 1.0%) {71.9%}
509  ... 
514  -O                                                                        (1 = 1.0%) {72.9%}
515  -O                                                                        (1 = 1.0%) {74.0%}
516  -O                                                                        (1 = 1.0%) {75.0%}
517  ... 
537  -O                                                                        (1 = 1.0%) {76.0%}
538  ... 
549  -O                                                                        (1 = 1.0%) {77.1%}
550  ... 
563  -O                                                                        (1 = 1.0%) {78.1%}
564  ... 
591  -O                                                                        (1 = 1.0%) {79.2%}
592  -O                                                                        (1 = 1.0%) {80.2%}
593  O                                                                         (0 = 0.0%) {81.2%}
594  -O                                                                        (1 = 1.0%) {81.2%}
595  -O                                                                        (1 = 1.0%) {82.3%}
596  ... 
598  -O                                                                        (1 = 1.0%) {83.3%}
599  -O                                                                        (1 = 1.0%) {84.4%}
600  ... 
618  -O                                                                        (1 = 1.0%) {85.4%}
619  -O                                                                        (1 = 1.0%) {86.5%}
620  -O                                                                        (1 = 1.0%) {87.5%}
621  -O                                                                        (1 = 1.0%) {88.5%}
622  ... 
636  -O                                                                        (1 = 1.0%) {89.6%}
637  ... 
657  -O                                                                        (1 = 1.0%) {90.6%}
658  -O                                                                        (1 = 1.0%) {91.7%}
659  ... 
662  -O                                                                        (1 = 1.0%) {92.7%}
663  ... 
672  -O                                                                        (1 = 1.0%) {93.8%}
673  -O                                                                        (1 = 1.0%) {94.8%}
674  O                                                                         (0 = 0.0%) {95.8%}
675  -O                                                                        (1 = 1.0%) {95.8%}
676  ... 
696  -O                                                                        (1 = 1.0%) {96.9%}
697  ... 
746  -O                                                                        (1 = 1.0%) {97.9%}
747  ... 
770  -O                                                                        (1 = 1.0%) {99.0%}
771  ... 

Histogram: Blink.UseCounter.Features recorded 162 samples, mean = 2246.2 (flags = 0x41)
0     ... 
13    -O                                                                        (1 = 0.6%) {0.0%}
14    ... 
16    -O                                                                        (1 = 0.6%) {0.6%}
17    ... 
52    -O                                                                        (1 = 0.6%) {1.2%}
53    ... 
69    -O                                                                        (1 = 0.6%) {1.9%}
70    ... 
123   -O                                                                        (1 = 0.6%) {2.5%}
124   -O                                                                        (1 = 0.6%) {3.1%}
125   -O                                                                        (1 = 0.6%) {3.7%}
126   ... 
138   -O                                                                        (1 = 0.6%) {4.3%}
139   ... 
240   -O                                                                        (1 = 0.6%) {4.9%}
241   ... 
250   -O                                                                        (1 = 0.6%) {5.6%}
251   ... 
429   -O                                                                        (1 = 0.6%) {6.2%}
430   -O                                                                        (1 = 0.6%) {6.8%}
431   -O                                                                        (1 = 0.6%) {7.4%}
432   -O                                                                        (1 = 0.6%) {8.0%}
433   ... 
469   -O                                                                        (1 = 0.6%) {8.6%}
470   ... 
494   -O                                                                        (1 = 0.6%) {9.3%}
495   ... 
523   -O                                                                        (1 = 0.6%) {9.9%}
524   ... 
540   -O                                                                        (1 = 0.6%) {10.5%}
541   ... 
587   -O                                                                        (1 = 0.6%) {11.1%}
588   -O                                                                        (1 = 0.6%) {11.7%}
589   ... 
675   -O                                                                        (1 = 0.6%) {12.3%}
676   ... 
710   -O                                                                        (1 = 0.6%) {13.0%}
711   -O                                                                        (1 = 0.6%) {13.6%}
712   ... 
717   -O                                                                        (1 = 0.6%) {14.2%}
718   ... 
730   -O                                                                        (1 = 0.6%) {14.8%}
731   ... 
744   -O                                                                        (1 = 0.6%) {15.4%}
745   ... 
780   -O                                                                        (1 = 0.6%) {16.0%}
781   -O                                                                        (1 = 0.6%) {16.7%}
782   ... 
786   -O                                                                        (1 = 0.6%) {17.3%}
787   -O                                                                        (1 = 0.6%) {17.9%}
788   ... 
804   -O                                                                        (1 = 0.6%) {18.5%}
805   ... 
900   -O                                                                        (1 = 0.6%) {19.1%}
901   -O                                                                        (1 = 0.6%) {19.8%}
902   ... 
907   -O                                                                        (1 = 0.6%) {20.4%}
908   ... 
954   -O                                                                        (1 = 0.6%) {21.0%}
955   ... 
970   -O                                                                        (1 = 0.6%) {21.6%}
971   O                                                                         (0 = 0.0%) {22.2%}
972   -O                                                                        (1 = 0.6%) {22.2%}
973   -O                                                                        (1 = 0.6%) {22.8%}
974   ... 
976   -O                                                                        (1 = 0.6%) {23.5%}
977   ... 
1023  -O                                                                        (1 = 0.6%) {24.1%}
1024  ... 
1069  -O                                                                        (1 = 0.6%) {24.7%}
1070  -O                                                                        (1 = 0.6%) {25.3%}
1071  ... 
1075  -O                                                                        (1 = 0.6%) {25.9%}
1076  -O                                                                        (1 = 0.6%) {26.5%}
1077  ... 
1124  -O                                                                        (1 = 0.6%) {27.2%}
1125  ... 
1302  -O                                                                        (1 = 0.6%) {27.8%}
1303  ... 
1347  -O                                                                        (1 = 0.6%) {28.4%}
1348  ... 
1351  -O                                                                        (1 = 0.6%) {29.0%}
1352  ... 
1354  -O                                                                        (1 = 0.6%) {29.6%}
1355  ... 
1368  -O                                                                        (1 = 0.6%) {30.2%}
1369  ... 
1417  -O                                                                        (1 = 0.6%) {30.9%}
1418  ... 
1441  -O                                                                        (1 = 0.6%) {31.5%}
1442  ... 
1467  -O                                                                        (1 = 0.6%) {32.1%}
1468  ... 
1502  -O                                                                        (1 = 0.6%) {32.7%}
1503  ... 
1692  -O                                                                        (1 = 0.6%) {33.3%}
1693  -O                                                                        (1 = 0.6%) {34.0%}
1694  ... 
1827  -O                                                                        (1 = 0.6%) {34.6%}
1828  ... 
2013  -O                                                                        (1 = 0.6%) {35.2%}
2014  ... 
2077  -O                                                                        (1 = 0.6%) {35.8%}
2078  ... 
2094  -O                                                                        (1 = 0.6%) {36.4%}
2095  O                                                                         (0 = 0.0%) {37.0%}
2096  -O                                                                        (1 = 0.6%) {37.0%}
2097  ... 
2100  -O                                                                        (1 = 0.6%) {37.7%}
2101  ... 
2112  -O                                                                        (1 = 0.6%) {38.3%}
2113  ... 
2121  -O                                                                        (1 = 0.6%) {38.9%}
2122  ... 
2188  -O                                                                        (1 = 0.6%) {39.5%}
2189  ... 
2191  -O                                                                        (1 = 0.6%) {40.1%}
2192  ... 
2203  -O                                                                        (1 = 0.6%) {40.7%}
2204  -O                                                                        (1 = 0.6%) {41.4%}
2205  ... 
2217  -O                                                                        (1 = 0.6%) {42.0%}
2218  ... 
2226  -O                                                                        (1 = 0.6%) {42.6%}
2227  O                                                                         (0 = 0.0%) {43.2%}
2228  -O                                                                        (1 = 0.6%) {43.2%}
2229  -O                                                                        (1 = 0.6%) {43.8%}
2230  ... 
2236  -O                                                                        (1 = 0.6%) {44.4%}
2237  ... 
2298  -O                                                                        (1 = 0.6%) {45.1%}
2299  ... 
2314  -O                                                                        (1 = 0.6%) {45.7%}
2315  ... 
2319  -O                                                                        (1 = 0.6%) {46.3%}
2320  ... 
2322  -O                                                                        (1 = 0.6%) {46.9%}
2323  ... 
2347  -O                                                                        (1 = 0.6%) {47.5%}
2348  ... 
2355  -O                                                                        (1 = 0.6%) {48.1%}
2356  ... 
2361  -O                                                                        (1 = 0.6%) {48.8%}
2362  ... 
2387  -O                                                                        (1 = 0.6%) {49.4%}
2388  -O                                                                        (1 = 0.6%) {50.0%}
2389  ... 
2399  -O                                                                        (1 = 0.6%) {50.6%}
2400  ... 
2413  -O                                                                        (1 = 0.6%) {51.2%}
2414  ... 
2429  -O                                                                        (1 = 0.6%) {51.9%}
2430  O                                                                         (0 = 0.0%) {52.5%}
2431  -O                                                                        (1 = 0.6%) {52.5%}
2432  ... 
2487  -O                                                                        (1 = 0.6%) {53.1%}
2488  ... 
2518  -O                                                                        (1 = 0.6%) {53.7%}
2519  ... 
2598  -O                                                                        (1 = 0.6%) {54.3%}
2599  ... 
2618  -O                                                                        (1 = 0.6%) {54.9%}
2619  ... 
2654  -O                                                                        (1 = 0.6%) {55.6%}
2655  -O                                                                        (1 = 0.6%) {56.2%}
2656  -O                                                                        (1 = 0.6%) {56.8%}
2657  -O                                                                        (1 = 0.6%) {57.4%}
2658  -O                                                                        (1 = 0.6%) {58.0%}
2659  -O                                                                        (1 = 0.6%) {58.6%}
2660  -O                                                                        (1 = 0.6%) {59.3%}
2661  -O                                                                        (1 = 0.6%) {59.9%}
2662  -O                                                                        (1 = 0.6%) {60.5%}
2663  -O                                                                        (1 = 0.6%) {61.1%}
2664  ... 
2699  -O                                                                        (1 = 0.6%) {61.7%}
2700  -O                                                                        (1 = 0.6%) {62.3%}
2701  -O                                                                        (1 = 0.6%) {63.0%}
2702  -O                                                                        (1 = 0.6%) {63.6%}
2703  -O                                                                        (1 = 0.6%) {64.2%}
2704  -O                                                                        (1 = 0.6%) {64.8%}
2705  -O                                                                        (1 = 0.6%) {65.4%}
2706  -O                                                                        (1 = 0.6%) {66.0%}
2707  -O                                                                        (1 = 0.6%) {66.7%}
2708  ... 
2710  -O                                                                        (1 = 0.6%) {67.3%}
2711  -O                                                                        (1 = 0.6%) {67.9%}
2712  ... 
2716  -O                                                                        (1 = 0.6%) {68.5%}
2717  ... 
2723  -O                                                                        (1 = 0.6%) {69.1%}
2724  ... 
2738  -O                                                                        (1 = 0.6%) {69.8%}
2739  ... 
2769  -O                                                                        (1 = 0.6%) {70.4%}
2770  ... 
2841  -O                                                                        (1 = 0.6%) {71.0%}
2842  ... 
2903  -O                                                                        (1 = 0.6%) {71.6%}
2904  -O                                                                        (1 = 0.6%) {72.2%}
2905  ... 
2927  -O                                                                        (1 = 0.6%) {72.8%}
2928  ... 
2935  -O                                                                        (1 = 0.6%) {73.5%}
2936  ... 
3004  -O                                                                        (1 = 0.6%) {74.1%}
3005  ... 
3019  -O                                                                        (1 = 0.6%) {74.7%}
3020  -O                                                                        (1 = 0.6%) {75.3%}
3021  ... 
3028  -O                                                                        (1 = 0.6%) {75.9%}
3029  ... 
3066  -O                                                                        (1 = 0.6%) {76.5%}
3067  ... 
3157  -O                                                                        (1 = 0.6%) {77.2%}
3158  ... 
3198  -O                                                                        (1 = 0.6%) {77.8%}
3199  ... 
3254  -O                                                                        (1 = 0.6%) {78.4%}
3255  ... 
3275  -O                                                                        (1 = 0.6%) {79.0%}
3276  ... 
3279  -O                                                                        (1 = 0.6%) {79.6%}
3280  ... 
3307  -O                                                                        (1 = 0.6%) {80.2%}
3308  -O                                                                        (1 = 0.6%) {80.9%}
3309  ... 
3349  -O                                                                        (1 = 0.6%) {81.5%}
3350  ... 
3359  -O                                                                        (1 = 0.6%) {82.1%}
3360  ... 
3409  -O                                                                        (1 = 0.6%) {82.7%}
3410  ... 
3444  -O                                                                        (1 = 0.6%) {83.3%}
3445  ... 
3580  -O                                                                        (1 = 0.6%) {84.0%}
3581  -O                                                                        (1 = 0.6%) {84.6%}
3582  ... 
3698  -O                                                                        (1 = 0.6%) {85.2%}
3699  ... 
3789  -O                                                                        (1 = 0.6%) {85.8%}
3790  -O                                                                        (1 = 0.6%) {86.4%}
3791  ... 
3803  -O                                                                        (1 = 0.6%) {87.0%}
3804  ... 
3870  -O                                                                        (1 = 0.6%) {87.7%}
3871  ... 
3973  -O                                                                        (1 = 0.6%) {88.3%}
3974  ... 
4007  -O                                                                        (1 = 0.6%) {88.9%}
4008  ... 
4113  -O                                                                        (1 = 0.6%) {89.5%}
4114  ... 
4161  -O                                                                        (1 = 0.6%) {90.1%}
4162  ... 
4177  -O                                                                        (1 = 0.6%) {90.7%}
4178  ... 
4194  -O                                                                        (1 = 0.6%) {91.4%}
4195  O                                                                         (0 = 0.0%) {92.0%}
4196  -O                                                                        (1 = 0.6%) {92.0%}
4197  ... 
4240  -O                                                                        (1 = 0.6%) {92.6%}
4241  O                                                                         (0 = 0.0%) {93.2%}
4242  -O                                                                        (1 = 0.6%) {93.2%}
4243  ... 
4307  -O                                                                        (1 = 0.6%) {93.8%}
4308  ... 
4317  -O                                                                        (1 = 0.6%) {94.4%}
4318  ... 
4372  -O                                                                        (1 = 0.6%) {95.1%}
4373  ... 
4379  -O                                                                        (1 = 0.6%) {95.7%}
4380  ... 
4419  -O                                                                        (1 = 0.6%) {96.3%}
4420  ... 
4561  -O                                                                        (1 = 0.6%) {96.9%}
4562  ... 
4673  -O                                                                        (1 = 0.6%) {97.5%}
4674  ... 
4743  -O                                                                        (1 = 0.6%) {98.1%}
4744  ... 
4877  -O                                                                        (1 = 0.6%) {98.8%}
4878  ... 
4994  -O                                                                        (1 = 0.6%) {99.4%}
4995  ... 

Histogram: Blink.UseCounter.MainFrame.Features recorded 162 samples, mean = 2246.2 (flags = 0x41)
0     ... 
13    -O                                                                        (1 = 0.6%) {0.0%}
14    ... 
16    -O                                                                        (1 = 0.6%) {0.6%}
17    ... 
52    -O                                                                        (1 = 0.6%) {1.2%}
53    ... 
69    -O                                                                        (1 = 0.6%) {1.9%}
70    ... 
123   -O                                                                        (1 = 0.6%) {2.5%}
124   -O                                                                        (1 = 0.6%) {3.1%}
125   -O                                                                        (1 = 0.6%) {3.7%}
126   ... 
138   -O                                                                        (1 = 0.6%) {4.3%}
139   ... 
240   -O                                                                        (1 = 0.6%) {4.9%}
241   ... 
250   -O                                                                        (1 = 0.6%) {5.6%}
251   ... 
429   -O                                                                        (1 = 0.6%) {6.2%}
430   -O                                                                        (1 = 0.6%) {6.8%}
431   -O                                                                        (1 = 0.6%) {7.4%}
432   -O                                                                        (1 = 0.6%) {8.0%}
433   ... 
469   -O                                                                        (1 = 0.6%) {8.6%}
470   ... 
494   -O                                                                        (1 = 0.6%) {9.3%}
495   ... 
523   -O                                                                        (1 = 0.6%) {9.9%}
524   ... 
540   -O                                                                        (1 = 0.6%) {10.5%}
541   ... 
587   -O                                                                        (1 = 0.6%) {11.1%}
588   -O                                                                        (1 = 0.6%) {11.7%}
589   ... 
675   -O                                                                        (1 = 0.6%) {12.3%}
676   ... 
710   -O                                                                        (1 = 0.6%) {13.0%}
711   -O                                                                        (1 = 0.6%) {13.6%}
712   ... 
717   -O                                                                        (1 = 0.6%) {14.2%}
718   ... 
730   -O                                                                        (1 = 0.6%) {14.8%}
731   ... 
744   -O                                                                        (1 = 0.6%) {15.4%}
745   ... 
780   -O                                                                        (1 = 0.6%) {16.0%}
781   -O                                                                        (1 = 0.6%) {16.7%}
782   ... 
786   -O                                                                        (1 = 0.6%) {17.3%}
787   -O                                                                        (1 = 0.6%) {17.9%}
788   ... 
804   -O                                                                        (1 = 0.6%) {18.5%}
805   ... 
900   -O                                                                        (1 = 0.6%) {19.1%}
901   -O                                                                        (1 = 0.6%) {19.8%}
902   ... 
907   -O                                                                        (1 = 0.6%) {20.4%}
908   ... 
954   -O                                                                        (1 = 0.6%) {21.0%}
955   ... 
970   -O                                                                        (1 = 0.6%) {21.6%}
971   O                                                                         (0 = 0.0%) {22.2%}
972   -O                                                                        (1 = 0.6%) {22.2%}
973   -O                                                                        (1 = 0.6%) {22.8%}
974   ... 
976   -O                                                                        (1 = 0.6%) {23.5%}
977   ... 
1023  -O                                                                        (1 = 0.6%) {24.1%}
1024  ... 
1069  -O                                                                        (1 = 0.6%) {24.7%}
1070  -O                                                                        (1 = 0.6%) {25.3%}
1071  ... 
1075  -O                                                                        (1 = 0.6%) {25.9%}
1076  -O                                                                        (1 = 0.6%) {26.5%}
1077  ... 
1124  -O                                                                        (1 = 0.6%) {27.2%}
1125  ... 
1302  -O                                                                        (1 = 0.6%) {27.8%}
1303  ... 
1347  -O                                                                        (1 = 0.6%) {28.4%}
1348  ... 
1351  -O                                                                        (1 = 0.6%) {29.0%}
1352  ... 
1354  -O                                                                        (1 = 0.6%) {29.6%}
1355  ... 
1368  -O                                                                        (1 = 0.6%) {30.2%}
1369  ... 
1417  -O                                                                        (1 = 0.6%) {30.9%}
1418  ... 
1441  -O                                                                        (1 = 0.6%) {31.5%}
1442  ... 
1467  -O                                                                        (1 = 0.6%) {32.1%}
1468  ... 
1502  -O                                                                        (1 = 0.6%) {32.7%}
1503  ... 
1692  -O                                                                        (1 = 0.6%) {33.3%}
1693  -O                                                                        (1 = 0.6%) {34.0%}
1694  ... 
1827  -O                                                                        (1 = 0.6%) {34.6%}
1828  ... 
2013  -O                                                                        (1 = 0.6%) {35.2%}
2014  ... 
2077  -O                                                                        (1 = 0.6%) {35.8%}
2078  ... 
2094  -O                                                                        (1 = 0.6%) {36.4%}
2095  O                                                                         (0 = 0.0%) {37.0%}
2096  -O                                                                        (1 = 0.6%) {37.0%}
2097  ... 
2100  -O                                                                        (1 = 0.6%) {37.7%}
2101  ... 
2112  -O                                                                        (1 = 0.6%) {38.3%}
2113  ... 
2121  -O                                                                        (1 = 0.6%) {38.9%}
2122  ... 
2188  -O                                                                        (1 = 0.6%) {39.5%}
2189  ... 
2191  -O                                                                        (1 = 0.6%) {40.1%}
2192  ... 
2203  -O                                                                        (1 = 0.6%) {40.7%}
2204  -O                                                                        (1 = 0.6%) {41.4%}
2205  ... 
2217  -O                                                                        (1 = 0.6%) {42.0%}
2218  ... 
2226  -O                                                                        (1 = 0.6%) {42.6%}
2227  O                                                                         (0 = 0.0%) {43.2%}
2228  -O                                                                        (1 = 0.6%) {43.2%}
2229  -O                                                                        (1 = 0.6%) {43.8%}
2230  ... 
2236  -O                                                                        (1 = 0.6%) {44.4%}
2237  ... 
2298  -O                                                                        (1 = 0.6%) {45.1%}
2299  ... 
2314  -O                                                                        (1 = 0.6%) {45.7%}
2315  ... 
2319  -O                                                                        (1 = 0.6%) {46.3%}
2320  ... 
2322  -O                                                                        (1 = 0.6%) {46.9%}
2323  ... 
2347  -O                                                                        (1 = 0.6%) {47.5%}
2348  ... 
2355  -O                                                                        (1 = 0.6%) {48.1%}
2356  ... 
2361  -O                                                                        (1 = 0.6%) {48.8%}
2362  ... 
2387  -O                                                                        (1 = 0.6%) {49.4%}
2388  -O                                                                        (1 = 0.6%) {50.0%}
2389  ... 
2399  -O                                                                        (1 = 0.6%) {50.6%}
2400  ... 
2413  -O                                                                        (1 = 0.6%) {51.2%}
2414  ... 
2429  -O                                                                        (1 = 0.6%) {51.9%}
2430  O                                                                         (0 = 0.0%) {52.5%}
2431  -O                                                                        (1 = 0.6%) {52.5%}
2432  ... 
2487  -O                                                                        (1 = 0.6%) {53.1%}
2488  ... 
2518  -O                                                                        (1 = 0.6%) {53.7%}
2519  ... 
2598  -O                                                                        (1 = 0.6%) {54.3%}
2599  ... 
2618  -O                                                                        (1 = 0.6%) {54.9%}
2619  ... 
2654  -O                                                                        (1 = 0.6%) {55.6%}
2655  -O                                                                        (1 = 0.6%) {56.2%}
2656  -O                                                                        (1 = 0.6%) {56.8%}
2657  -O                                                                        (1 = 0.6%) {57.4%}
2658  -O                                                                        (1 = 0.6%) {58.0%}
2659  -O                                                                        (1 = 0.6%) {58.6%}
2660  -O                                                                        (1 = 0.6%) {59.3%}
2661  -O                                                                        (1 = 0.6%) {59.9%}
2662  -O                                                                        (1 = 0.6%) {60.5%}
2663  -O                                                                        (1 = 0.6%) {61.1%}
2664  ... 
2699  -O                                                                        (1 = 0.6%) {61.7%}
2700  -O                                                                        (1 = 0.6%) {62.3%}
2701  -O                                                                        (1 = 0.6%) {63.0%}
2702  -O                                                                        (1 = 0.6%) {63.6%}
2703  -O                                                                        (1 = 0.6%) {64.2%}
2704  -O                                                                        (1 = 0.6%) {64.8%}
2705  -O                                                                        (1 = 0.6%) {65.4%}
2706  -O                                                                        (1 = 0.6%) {66.0%}
2707  -O                                                                        (1 = 0.6%) {66.7%}
2708  ... 
2710  -O                                                                        (1 = 0.6%) {67.3%}
2711  -O                                                                        (1 = 0.6%) {67.9%}
2712  ... 
2716  -O                                                                        (1 = 0.6%) {68.5%}
2717  ... 
2723  -O                                                                        (1 = 0.6%) {69.1%}
2724  ... 
2738  -O                                                                        (1 = 0.6%) {69.8%}
2739  ... 
2769  -O                                                                        (1 = 0.6%) {70.4%}
2770  ... 
2841  -O                                                                        (1 = 0.6%) {71.0%}
2842  ... 
2903  -O                                                                        (1 = 0.6%) {71.6%}
2904  -O                                                                        (1 = 0.6%) {72.2%}
2905  ... 
2927  -O                                                                        (1 = 0.6%) {72.8%}
2928  ... 
2935  -O                                                                        (1 = 0.6%) {73.5%}
2936  ... 
3004  -O                                                                        (1 = 0.6%) {74.1%}
3005  ... 
3019  -O                                                                        (1 = 0.6%) {74.7%}
3020  -O                                                                        (1 = 0.6%) {75.3%}
3021  ... 
3028  -O                                                                        (1 = 0.6%) {75.9%}
3029  ... 
3066  -O                                                                        (1 = 0.6%) {76.5%}
3067  ... 
3157  -O                                                                        (1 = 0.6%) {77.2%}
3158  ... 
3198  -O                                                                        (1 = 0.6%) {77.8%}
3199  ... 
3254  -O                                                                        (1 = 0.6%) {78.4%}
3255  ... 
3275  -O                                                                        (1 = 0.6%) {79.0%}
3276  ... 
3279  -O                                                                        (1 = 0.6%) {79.6%}
3280  ... 
3307  -O                                                                        (1 = 0.6%) {80.2%}
3308  -O                                                                        (1 = 0.6%) {80.9%}
3309  ... 
3349  -O                                                                        (1 = 0.6%) {81.5%}
3350  ... 
3359  -O                                                                        (1 = 0.6%) {82.1%}
3360  ... 
3409  -O                                                                        (1 = 0.6%) {82.7%}
3410  ... 
3444  -O                                                                        (1 = 0.6%) {83.3%}
3445  ... 
3580  -O                                                                        (1 = 0.6%) {84.0%}
3581  -O                                                                        (1 = 0.6%) {84.6%}
3582  ... 
3698  -O                                                                        (1 = 0.6%) {85.2%}
3699  ... 
3789  -O                                                                        (1 = 0.6%) {85.8%}
3790  -O                                                                        (1 = 0.6%) {86.4%}
3791  ... 
3803  -O                                                                        (1 = 0.6%) {87.0%}
3804  ... 
3870  -O                                                                        (1 = 0.6%) {87.7%}
3871  ... 
3973  -O                                                                        (1 = 0.6%) {88.3%}
3974  ... 
4007  -O                                                                        (1 = 0.6%) {88.9%}
4008  ... 
4113  -O                                                                        (1 = 0.6%) {89.5%}
4114  ... 
4161  -O                                                                        (1 = 0.6%) {90.1%}
4162  ... 
4177  -O                                                                        (1 = 0.6%) {90.7%}
4178  ... 
4194  -O                                                                        (1 = 0.6%) {91.4%}
4195  O                                                                         (0 = 0.0%) {92.0%}
4196  -O                                                                        (1 = 0.6%) {92.0%}
4197  ... 
4240  -O                                                                        (1 = 0.6%) {92.6%}
4241  O                                                                         (0 = 0.0%) {93.2%}
4242  -O                                                                        (1 = 0.6%) {93.2%}
4243  ... 
4307  -O                                                                        (1 = 0.6%) {93.8%}
4308  ... 
4317  -O                                                                        (1 = 0.6%) {94.4%}
4318  ... 
4372  -O                                                                        (1 = 0.6%) {95.1%}
4373  ... 
4379  -O                                                                        (1 = 0.6%) {95.7%}
4380  ... 
4419  -O                                                                        (1 = 0.6%) {96.3%}
4420  ... 
4561  -O                                                                        (1 = 0.6%) {96.9%}
4562  ... 
4673  -O                                                                        (1 = 0.6%) {97.5%}
4674  ... 
4743  -O                                                                        (1 = 0.6%) {98.1%}
4744  ... 
4877  -O                                                                        (1 = 0.6%) {98.8%}
4878  ... 
4994  -O                                                                        (1 = 0.6%) {99.4%}
4995  ... 

Histogram: Blink.UseCounter.PermissionsPolicy.Allow2 recorded 0 samples (flags = 0x41)
0 ... 

Histogram: Blink.UseCounter.PermissionsPolicy.Header2 recorded 0 samples (flags = 0x41)
0 ... 

Histogram: Blink.UseCounter.PermissionsPolicy.Violation.Enforce recorded 0 samples (flags = 0x41)
0 ... 

Histogram: Blink.UseCounter.WebDXFeatures recorded 15 samples, mean = 37.7 (flags = 0x41)
0   ... 
5   -O                                                                        (1 = 6.7%) {0.0%}
6   ... 
8   -O                                                                        (1 = 6.7%) {6.7%}
9   -O                                                                        (1 = 6.7%) {13.3%}
10  O                                                                         (0 = 0.0%) {20.0%}
11  -O                                                                        (1 = 6.7%) {20.0%}
12  ... 
27  -O                                                                        (1 = 6.7%) {26.7%}
28  -O                                                                        (1 = 6.7%) {33.3%}
29  -O                                                                        (1 = 6.7%) {40.0%}
30  ... 
38  -O                                                                        (1 = 6.7%) {46.7%}
39  -O                                                                        (1 = 6.7%) {53.3%}
40  ... 
45  -O                                                                        (1 = 6.7%) {60.0%}
46  -O                                                                        (1 = 6.7%) {66.7%}
47  ... 
58  -O                                                                        (1 = 6.7%) {73.3%}
59  ... 
68  -O                                                                        (1 = 6.7%) {80.0%}
69  ... 
71  -O                                                                        (1 = 6.7%) {86.7%}
72  ... 
83  -O                                                                        (1 = 6.7%) {93.3%}
84  ... 

Histogram: Blink.UserDrivenDocumentUpdate.UpdateTime.PreFCP recorded 1 samples, mean = 38.0 (flags = 0x41)
0   ... 
29  -O                                                                        (1 = 100.0%) {0.0%}
40  ... 

Histogram: Bookmarks.BookmarkBar.Shown recorded 1 samples, mean = 0.0 (flags = 0x41)
0  -O                                                                        (1 = 100.0%)
1  ... 

Histogram: Bookmarks.Count.OnProfileLoad3 recorded 1 samples, mean = 0.0 (flags = 0x41)
0  -O                                                                        (1 = 100.0%)
1  ... 

Histogram: Bookmarks.Storage.TimeToLoadAtStartup2 recorded 1 samples, mean = 7095.0 (flags = 0x41)
0     ... 
7083  -O                                                                        (1 = 100.0%) {0.0%}
8416  ... 

Histogram: Bookmarks.Times.OnProfileLoad.TimeSinceAdded3 recorded 1 samples, mean = 0.0 (flags = 0x41)
0  -O                                                                        (1 = 100.0%)
1  ... 

Histogram: Bookmarks.Utilization.OnProfileLoad.PercentageUsed recorded 1 samples, mean = 0.0 (flags = 0x41)
0  -O                                                                        (1 = 100.0%)
1  ... 

Histogram: Bookmarks.Utilization.OnProfileLoad.TotalUnused recorded 1 samples, mean = 0.0 (flags = 0x41)
0  -O                                                                        (1 = 100.0%)
1  ... 

Histogram: Bookmarks.Utilization.OnProfileLoad.TotalUsed recorded 1 samples, mean = 0.0 (flags = 0x41)
0  -O                                                                        (1 = 100.0%)
1  ... 

Histogram: BrotliFilter.CompressionPercent recorded 35 samples, mean = 39.1 (flags = 0x41)
0    ... 
10   -O                                                                        (1 = 2.9%) {0.0%}
11   -O                                                                        (1 = 2.9%) {2.9%}
12   --O                                                                       (2 = 5.7%) {5.7%}
13   O                                                                         (0 = 0.0%) {11.4%}
14   -O                                                                        (1 = 2.9%) {11.4%}
15   -O                                                                        (1 = 2.9%) {14.3%}
16   -O                                                                        (1 = 2.9%) {17.1%}
17   --O                                                                       (2 = 5.7%) {20.0%}
18   ... 
21   -O                                                                        (1 = 2.9%) {25.7%}
22   O                                                                         (0 = 0.0%) {28.6%}
23   ---O                                                                      (3 = 8.6%) {28.6%}
24   O                                                                         (0 = 0.0%) {37.1%}
25   -O                                                                        (1 = 2.9%) {37.1%}
26   O                                                                         (0 = 0.0%) {40.0%}
27   -O                                                                        (1 = 2.9%) {40.0%}
28   -O                                                                        (1 = 2.9%) {42.9%}
29   ----O                                                                     (4 = 11.4%) {45.7%}
30   ... 
32   --O                                                                       (2 = 5.7%) {57.1%}
33   O                                                                         (0 = 0.0%) {62.9%}
34   -O                                                                        (1 = 2.9%) {62.9%}
35   ... 
38   -O                                                                        (1 = 2.9%) {65.7%}
39   -O                                                                        (1 = 2.9%) {68.6%}
40   ... 
43   -O                                                                        (1 = 2.9%) {71.4%}
44   O                                                                         (0 = 0.0%) {74.3%}
45   -O                                                                        (1 = 2.9%) {74.3%}
46   O                                                                         (0 = 0.0%) {77.1%}
47   -O                                                                        (1 = 2.9%) {77.1%}
48   -O                                                                        (1 = 2.9%) {80.0%}
49   -O                                                                        (1 = 2.9%) {82.9%}
50   O                                                                         (0 = 0.0%) {85.7%}
51   -O                                                                        (1 = 2.9%) {85.7%}
52   ... 
85   -O                                                                        (1 = 2.9%) {88.6%}
86   ... 
101  ---O                                                                      (3 = 8.6%) {91.4%}

Histogram: BrotliFilter.Status recorded 35 samples, mean = 1.0 (flags = 0x41)
0  O                                                                         (0 = 0.0%)
1  -----------------------------------O                                      (35 = 100.0%) {0.0%}
2  ... 

Histogram: BrotliFilter.UsedMemoryKB recorded 35 samples, mean = 181.9 (flags = 0x41)
0    ... 
16   ---O                                                                      (3 = 8.6%) {0.0%}
20   O                                                                         (0 = 0.0%) {8.6%}
25   ----O                                                                     (4 = 11.4%) {8.6%}
31   ------O                                                                   (6 = 17.1%) {20.0%}
39   --O                                                                       (2 = 5.7%) {37.1%}
49   O                                                                         (0 = 0.0%) {42.9%}
61   ----O                                                                     (4 = 11.4%) {42.9%}
76   --O                                                                       (2 = 5.7%) {54.3%}
95   -O                                                                        (1 = 2.9%) {60.0%}
119  -O                                                                        (1 = 2.9%) {62.9%}
149  O                                                                         (0 = 0.0%) {65.7%}
187  -O                                                                        (1 = 2.9%) {65.7%}
234  O                                                                         (0 = 0.0%) {68.6%}
293  ----O                                                                     (4 = 11.4%) {68.6%}
367  ----O                                                                     (4 = 11.4%) {80.0%}
460  O                                                                         (0 = 0.0%) {91.4%}
576  -O                                                                        (1 = 2.9%) {91.4%}
722  --O                                                                       (2 = 5.7%) {94.3%}
905  ... 

Histogram: Browser.MainThreadsCongestion.RunningOnly recorded 4 samples, mean = 0.0 (flags = 0x41)
0  ----O                                                                     (4 = 100.0%)
1  ... 

Histogram: Browser.MainThreadsCongestion.RunningOnly.Initial recorded 1 samples, mean = 0.0 (flags = 0x41)
0  -O                                                                        (1 = 100.0%)
1  ... 

Histogram: Browser.Responsiveness.IOJanksTotalPerMinute recorded 2 samples, mean = 0.0 (flags = 0x41)
0  --O                                                                       (2 = 100.0%)
1  ... 

Histogram: Browser.Responsiveness.IOJankyIntervalsPerMinute recorded 2 samples, mean = 0.0 (flags = 0x41)
0  --O                                                                       (2 = 100.0%)
1  ... 

Histogram: BrowserRenderProcessHost.Cleanup.DelayReason recorded 12 samples, mean = 6.8 (flags = 0x41)
0  ---O                                                                      (3 = 25.0%)
1  ... 
9  ---------O                                                                (9 = 75.0%) {25.0%}
10 ... 

Histogram: BrowserRenderProcessHost.Cleanup.Total recorded 12 samples, mean = 1.0 (flags = 0x41)
0  O                                                                         (0 = 0.0%)
1  ------------O                                                             (12 = 100.0%) {0.0%}
2  O                                                                         (0 = 0.0%) {100.0%}

Histogram: BrowserRenderProcessHost.ExistingRendererIsInitializedAndNotDead recorded 1 samples, mean = 1.0 (flags = 0x41)
0  O                                                                         (0 = 0.0%)
1  -O                                                                        (1 = 100.0%) {0.0%}
2  O                                                                         (0 = 0.0%) {100.0%}

Histogram: BrowserRenderProcessHost.SpareProcessEvictedOtherSpare recorded 2 samples, mean = 0.0 (flags = 0x41)
0  --O                                                                       (2 = 100.0%)
1  ... 

Histogram: BrowserRenderProcessHost.SpareProcessMaybeTakeAction recorded 2 samples, mean = 2.0 (flags = 0x41)
0  -O                                                                        (1 = 50.0%)
1  ... 
4  -O                                                                        (1 = 50.0%) {50.0%}
5  ... 

Histogram: BrowserRenderProcessHost.SpareProcessStartupTime recorded 2 samples, mean = 4309.0 (flags = 0x41)
0     ... 
633   -O                                                                        (1 = 50.0%) {0.0%}
752   ... 
7083  -O                                                                        (1 = 50.0%) {50.0%}
8416  ... 

Histogram: BrowserSwitcher.ExternalGreylistSize recorded 1 samples, mean = 0.0 (flags = 0x41)
0  -O                                                                        (1 = 100.0%)
1  ... 

Histogram: BrowserSwitcher.ExternalSitelistSize recorded 1 samples, mean = 0.0 (flags = 0x41)
0  -O                                                                        (1 = 100.0%)
1  ... 

Histogram: BrowserSwitcher.IeemSitelistSize recorded 1 samples, mean = 0.0 (flags = 0x41)
0  -O                                                                        (1 = 100.0%)
1  ... 

Histogram: BrowsingTopics.BrowsingTopicsState.LoadFinishStatus recorded 1 samples, mean = 1.0 (flags = 0x41)
0  O                                                                         (0 = 0.0%)
1  -O                                                                        (1 = 100.0%) {0.0%}
2  O                                                                         (0 = 0.0%) {100.0%}

Histogram: BrowsingTopics.EpochTopicsCalculation.FirstTry.CalculatorResultStatus recorded 1 samples, mean = 1.0 (flags = 0x41)
0  O                                                                         (0 = 0.0%)
1  -O                                                                        (1 = 100.0%) {0.0%}
2  ... 

Histogram: BrowsingTopics.EpochTopicsCalculation.Started.RetryNumber recorded 1 samples, mean = 0.0 (flags = 0x41)
0  -O                                                                        (1 = 100.0%)
1  ... 

Histogram: BrowsingTopics.SiteDataStorage.FileSize.KB recorded 1 samples, mean = 28.0 (flags = 0x41)
0   ... 
28  -O                                                                        (1 = 100.0%) {0.0%}
37  ... 

Histogram: BrowsingTopics.SiteDataStorage.InitStatus recorded 1 samples, mean = 1.0 (flags = 0x41)
0  O                                                                         (0 = 0.0%)
1  -O                                                                        (1 = 100.0%) {0.0%}
2  O                                                                         (0 = 0.0%) {100.0%}

Histogram: Cast.Channel.Certificate recorded 1 samples, mean = 0.0 (flags = 0x41)
0  -O                                                                        (1 = 100.0%)
1  ... 

Histogram: Cast.Channel.Nonce recorded 1 samples, mean = 0.0 (flags = 0x41)
0  -O                                                                        (1 = 100.0%)
1  ... 

Histogram: Cast.Channel.Signature recorded 1 samples, mean = 0.0 (flags = 0x41)
0  -O                                                                        (1 = 100.0%)
1  ... 

Histogram: CertificateType2.BR.Intermediate.ECDSA recorded 2 samples, mean = 256.0 (flags = 0x41)
0    ... 
256  --O                                                                       (2 = 100.0%) {0.0%}
257  ... 

Histogram: CertificateType2.BR.Intermediate.RSA recorded 8 samples, mean = 2048.0 (flags = 0x41)
0     ... 
2048  --------O                                                                 (8 = 100.0%) {0.0%}
2049  ... 

Histogram: CertificateType2.BR.Leaf.ECDSA recorded 7 samples, mean = 256.0 (flags = 0x41)
0    ... 
256  -------O                                                                  (7 = 100.0%) {0.0%}
257  ... 

Histogram: CertificateType2.BR.Leaf.RSA recorded 3 samples, mean = 2048.0 (flags = 0x41)
0     ... 
2048  ---O                                                                      (3 = 100.0%) {0.0%}
2049  ... 

Histogram: CertificateType2.BR.Root.ECDSA recorded 2 samples, mean = 384.0 (flags = 0x41)
0    ... 
384  --O                                                                       (2 = 100.0%) {0.0%}
385  ... 

Histogram: CertificateType2.BR.Root.RSA recorded 8 samples, mean = 3328.0 (flags = 0x41)
0     ... 
2048  ---O                                                                      (3 = 37.5%) {0.0%}
2049  ... 
4096  -----O                                                                    (5 = 62.5%) {37.5%}
4097  ... 

Histogram: ChildProcess.Launched.UtilityProcessHash recorded 6 samples (flags = 0x41)
-2043041185 -O                                                                        (1 = 16.7%)
-1468742076 -O                                                                        (1 = 16.7%)
331504207   ---O                                                                      (3 = 50.0%)
1411170475  -O                                                                        (1 = 16.7%)

Histogram: ChildProcess.ProcessLifetime.Utility recorded 6 samples, mean = 50003.0 (flags = 0x41)
0       ... 
989     -O                                                                        (1 = 16.7%) {0.0%}
1340    ... 
4516    --O                                                                       (2 = 33.3%) {16.7%}
6118    O                                                                         (0 = 0.0%) {50.0%}
8289    -O                                                                        (1 = 16.7%) {50.0%}
11230   ... 
127499  --O                                                                       (2 = 33.3%) {66.7%}
172742  ... 

Histogram: Chrome.ProcessSingleton.NotifyResult recorded 1 samples, mean = 0.0 (flags = 0x41)
0  -O                                                                        (1 = 100.0%)
1  ... 

Histogram: Chrome.ProcessSingleton.TimeToCreate recorded 1 samples, mean = 0.0 (flags = 0x41)
0  -O                                                                        (1 = 100.0%)
10 ... 

Histogram: Chrome.SystemNetworkContextManager.NetworkSandboxState recorded 4 samples, mean = 0.0 (flags = 0x41)
0  ----O                                                                     (4 = 100.0%)
1  ... 

Histogram: ChromeElf.Beacon.RetryAttemptsBeforeSuccess recorded 1 samples, mean = 0.0 (flags = 0x41)
0  -O                                                                        (1 = 100.0%)
1  ... 

Histogram: ChromeElf.Beacon.SetupStatus recorded 1 samples, mean = 1.0 (flags = 0x41)
0  O                                                                         (0 = 0.0%)
1  -O                                                                        (1 = 100.0%) {0.0%}
2  ... 

Histogram: ChromeElf.ExtensionPoint.EnableState recorded 1 samples, mean = 1.0 (flags = 0x41)
0  O                                                                         (0 = 0.0%)
1  -O                                                                        (1 = 100.0%) {0.0%}
2  O                                                                         (0 = 0.0%) {100.0%}

Histogram: ClientHints.CriticalCHRestart recorded 1 samples, mean = 0.0 (flags = 0x41)
0  -O                                                                        (1 = 100.0%)
1  ... 

Histogram: ClientHints.FetchLatency_PrefRead recorded 5 samples, mean = 13.8 (flags = 0x41)
0   ... 
4   --O                                                                       (2 = 40.0%) {0.0%}
6   --O                                                                       (2 = 40.0%) {40.0%}
8   ... 
40  -O                                                                        (1 = 20.0%) {80.0%}
55  ... 

Histogram: ClientHints.FetchLatency_PrerenderHost recorded 5 samples, mean = 0.8 (flags = 0x41)
0  -O                                                                        (1 = 20.0%)
1  ----O                                                                     (4 = 80.0%) {20.0%}
2  ... 

Histogram: ClientHints.FetchLatency_Total recorded 5 samples, mean = 14.6 (flags = 0x41)
0   ... 
4   -O                                                                        (1 = 20.0%) {0.0%}
6   ---O                                                                      (3 = 60.0%) {20.0%}
8   ... 
40  -O                                                                        (1 = 20.0%) {80.0%}
55  ... 

Histogram: Commerce.PDPNavigation.ShoppingList.IneligibilityReason recorded 6 samples, mean = 4.0 (flags = 0x41)
0  ... 
3  --O                                                                       (2 = 33.3%) {0.0%}
4  --O                                                                       (2 = 33.3%) {33.3%}
5  --O                                                                       (2 = 33.3%) {66.7%}
6  ... 

Histogram: Compositing.Browser.CompositorFrame.Quads recorded 3 samples, mean = 1.0 (flags = 0x41)
0  O                                                                         (0 = 0.0%)
1  ---O                                                                      (3 = 100.0%) {0.0%}
2  ... 

Histogram: Compositing.Browser.LayerTreeImpl.CalculateDrawPropertiesUs recorded 4 samples, mean = 82.0 (flags = 0x41)
0    ... 
9    -O                                                                        (1 = 25.0%) {0.0%}
12   ... 
28   -O                                                                        (1 = 25.0%) {25.0%}
37   -O                                                                        (1 = 25.0%) {50.0%}
49   ... 
196  -O                                                                        (1 = 25.0%) {75.0%}
258  ... 

Histogram: Compositing.Browser.LayersUpdateTime recorded 4 samples, mean = 234.2 (flags = 0x41)
0    ... 
21   -O                                                                        (1 = 25.0%) {0.0%}
29   -O                                                                        (1 = 25.0%) {25.0%}
40   O                                                                         (0 = 0.0%) {50.0%}
55   -O                                                                        (1 = 25.0%) {50.0%}
76   ... 
752  -O                                                                        (1 = 25.0%) {75.0%}
1043 ... 

Histogram: Compositing.ColorGamut recorded 6 samples, mean = 0.0 (flags = 0x41)
0  ------O                                                                   (6 = 100.0%)
1  ... 

Histogram: Compositing.DidMainThreadBlockDuringCommit recorded 11 samples, mean = 0.3 (flags = 0x41)
0  --------O                                                                 (8 = 72.7%)
1  ---O                                                                      (3 = 27.3%) {72.7%}
2  O                                                                         (0 = 0.0%) {100.0%}

Histogram: Compositing.DirectRenderer.OverlayProcessingUs recorded 6 samples, mean = 0.7 (flags = 0x41)
0  ------O                                                                   (6 = 100.0%)
5  ... 

Histogram: Compositing.DirectRenderer.PartialSwap.ExtraDamage recorded 6 samples, mean = 0.0 (flags = 0x41)
0  ------O                                                                   (6 = 100.0%)
1  ... 

Histogram: Compositing.DirectRenderer.PartialSwap.FrameBufferDamage recorded 6 samples, mean = 0.0 (flags = 0x41)
0  ------O                                                                   (6 = 100.0%)
1  ... 

Histogram: Compositing.DirectRenderer.PartialSwap.RootDamage recorded 6 samples, mean = 100.0 (flags = 0x41)
0    ... 
100  ------O                                                                   (6 = 100.0%) {0.0%}
101  O                                                                         (0 = 0.0%) {100.0%}

Histogram: Compositing.DirectRenderer.PartialSwap.TotalDamage recorded 6 samples, mean = 100.0 (flags = 0x41)
0    ... 
100  ------O                                                                   (6 = 100.0%) {0.0%}
101  O                                                                         (0 = 0.0%) {100.0%}

Histogram: Compositing.DirectRenderer.SkipAllNonRootRenderPassesPerFrame recorded 4 samples, mean = 0.0 (flags = 0x41)
0  ----O                                                                     (4 = 100.0%)
1  ... 

Histogram: Compositing.DirectRenderer.SkipNonRootRenderPass recorded 4 samples, mean = 0.0 (flags = 0x41)
0  ----O                                                                     (4 = 100.0%)
1  ... 

Histogram: Compositing.DirectRenderer.TotalPixelsRendered recorded 6 samples, mean = 6.7 (flags = 0x41)
0  ... 
4  --O                                                                       (2 = 33.3%) {0.0%}
6  ----O                                                                     (4 = 66.7%) {33.3%}
9  ... 

Histogram: Compositing.Display.Draw.Occlusion.Calculation.Time recorded 6 samples, mean = 10.7 (flags = 0x41)
0   ... 
2   -O                                                                        (1 = 16.7%) {0.0%}
3   ... 
7   -O                                                                        (1 = 16.7%) {16.7%}
8   O                                                                         (0 = 0.0%) {33.3%}
9   -O                                                                        (1 = 16.7%) {33.3%}
10  -O                                                                        (1 = 16.7%) {50.0%}
11  ... 
14  -O                                                                        (1 = 16.7%) {66.7%}
16  ... 
20  -O                                                                        (1 = 16.7%) {83.3%}
23  ... 

Histogram: Compositing.Display.Draw.Quads recorded 6 samples, mean = 2.3 (flags = 0x41)
0  O                                                                         (0 = 0.0%)
1  --O                                                                       (2 = 33.3%) {0.0%}
2  O                                                                         (0 = 0.0%) {33.3%}
3  ----O                                                                     (4 = 66.7%) {33.3%}
4  ... 

Histogram: Compositing.Display.DrawToSwapUs recorded 6 samples, mean = 10461.3 (flags = 0x41)
0      ... 
720    -O                                                                        (1 = 16.7%) {0.0%}
873    -O                                                                        (1 = 16.7%) {16.7%}
1059   O                                                                         (0 = 0.0%) {33.3%}
1284   -O                                                                        (1 = 16.7%) {33.3%}
1557   ... 
2776   -O                                                                        (1 = 16.7%) {50.0%}
3366   ... 
10700  -O                                                                        (1 = 16.7%) {66.7%}
12974  ... 
41235  -O                                                                        (1 = 16.7%) {83.3%}
50000  O                                                                         (0 = 0.0%) {100.0%}

Histogram: Compositing.Display.FlattenedRenderPassCount recorded 6 samples, mean = 1.7 (flags = 0x41)
0  O                                                                         (0 = 0.0%)
1  --O                                                                       (2 = 33.3%) {0.0%}
2  ----O                                                                     (4 = 66.7%) {33.3%}
3  ... 

Histogram: Compositing.Display.PendingSwaps recorded 6 samples, mean = 1.0 (flags = 0x41)
0  O                                                                         (0 = 0.0%)
1  ------O                                                                   (6 = 100.0%) {0.0%}
2  ... 

Histogram: Compositing.Display.VizDependencyResolvedToGpuStartedDrawUs recorded 6 samples, mean = 46.7 (flags = 0x41)
0   ... 
12  -O                                                                        (1 = 16.7%) {0.0%}
15  ... 
27  --O                                                                       (2 = 33.3%) {16.7%}
33  ... 
49  -O                                                                        (1 = 16.7%) {50.0%}
59  -O                                                                        (1 = 16.7%) {66.7%}
72  O                                                                         (0 = 0.0%) {83.3%}
87  -O                                                                        (1 = 16.7%) {83.3%}
105 ... 

Histogram: Compositing.Display.VizScheduledDrawToDependencyResolvedUs recorded 6 samples, mean = 185.3 (flags = 0x41)
0     -O                                                                        (1 = 16.7%)
5     O                                                                         (0 = 0.0%) {16.7%}
6     --O                                                                       (2 = 33.3%) {16.7%}
7     --O                                                                       (2 = 33.3%) {50.0%}
8     ... 
1059  -O                                                                        (1 = 16.7%) {83.3%}
1284  ... 

Histogram: Compositing.Display.VizScheduledDrawToGpuStartedDrawUs recorded 6 samples, mean = 232.0 (flags = 0x41)
0     ... 
27    -O                                                                        (1 = 16.7%) {0.0%}
33    -O                                                                        (1 = 16.7%) {16.7%}
40    ... 
59    --O                                                                       (2 = 33.3%) {33.3%}
72    O                                                                         (0 = 0.0%) {66.7%}
87    -O                                                                        (1 = 16.7%) {66.7%}
105   ... 
1059  -O                                                                        (1 = 16.7%) {83.3%}
1284  ... 

Histogram: Compositing.MainThreadBlockedDuringCommitTime recorded 3 samples, mean = 10.3 (flags = 0x41)
0   ... 
8   --O                                                                       (2 = 66.7%) {0.0%}
11  -O                                                                        (1 = 33.3%) {66.7%}
15  ... 

Histogram: Compositing.Renderer.CompositorFrame.Quads recorded 3 samples, mean = 2.0 (flags = 0x41)
0  ... 
2  ---O                                                                      (3 = 100.0%) {0.0%}
3  ... 

Histogram: Compositing.Renderer.LayersUpdateTime recorded 6 samples, mean = 262.0 (flags = 0x41)
0     ... 
29    --O                                                                       (2 = 33.3%) {0.0%}
40    -O                                                                        (1 = 16.7%) {33.3%}
55    --O                                                                       (2 = 33.3%) {50.0%}
76    ... 
1043  -O                                                                        (1 = 16.7%) {83.3%}
1447  ... 

Histogram: Compositing.Renderer.NumRenderSurfaces recorded 11 samples, mean = 1.0 (flags = 0x41)
0  O                                                                         (0 = 0.0%)
1  -----------O                                                              (11 = 100.0%) {0.0%}
2  ... 

Histogram: Compositing.SurfaceAggregator.AggregateUs recorded 6 samples, mean = 1697.3 (flags = 0x41)
0     ... 
65    -O                                                                        (1 = 16.7%) {0.0%}
86    -O                                                                        (1 = 16.7%) {16.7%}
113   O                                                                         (0 = 0.0%) {33.3%}
149   -O                                                                        (1 = 16.7%) {33.3%}
196   O                                                                         (0 = 0.0%) {50.0%}
258   -O                                                                        (1 = 16.7%) {50.0%}
340   O                                                                         (0 = 0.0%) {66.7%}
448   -O                                                                        (1 = 16.7%) {66.7%}
590   ... 
7031  -O                                                                        (1 = 16.7%) {83.3%}
9260  ... 

Histogram: Compositing.SurfaceAggregator.CopiedSurfaceCount recorded 6 samples, mean = 1.7 (flags = 0x41)
0  O                                                                         (0 = 0.0%)
1  --O                                                                       (2 = 33.3%) {0.0%}
2  ----O                                                                     (4 = 66.7%) {33.3%}
3  ... 

Histogram: Compositing.SurfaceAggregator.CopyUs recorded 6 samples, mean = 31.8 (flags = 0x41)
0   ... 
21  -O                                                                        (1 = 16.7%) {0.0%}
25  --O                                                                       (2 = 33.3%) {16.7%}
29  -O                                                                        (1 = 16.7%) {50.0%}
34  -O                                                                        (1 = 16.7%) {66.7%}
40  O                                                                         (0 = 0.0%) {83.3%}
47  -O                                                                        (1 = 16.7%) {83.3%}
55  ... 

Histogram: Compositing.SurfaceAggregator.HasCopyRequestsPerFrame recorded 6 samples, mean = 0.5 (flags = 0x41)
0  ---O                                                                      (3 = 50.0%)
1  ---O                                                                      (3 = 50.0%) {50.0%}
2  O                                                                         (0 = 0.0%) {100.0%}

Histogram: Compositing.SurfaceAggregator.HasPixelMovingBackdropFiltersPerFrame recorded 6 samples, mean = 0.0 (flags = 0x41)
0  ------O                                                                   (6 = 100.0%)
1  ... 

Histogram: Compositing.SurfaceAggregator.HasPixelMovingFiltersPerFrame recorded 6 samples, mean = 0.0 (flags = 0x41)
0  ------O                                                                   (6 = 100.0%)
1  ... 

Histogram: Compositing.SurfaceAggregator.HasUnembeddedRenderPassesPerFrame recorded 6 samples, mean = 0.0 (flags = 0x41)
0  ------O                                                                   (6 = 100.0%)
1  ... 

Histogram: Compositing.SurfaceAggregator.PrewalkUs recorded 6 samples, mean = 1623.7 (flags = 0x41)
0     ... 
40    -O                                                                        (1 = 16.7%) {0.0%}
47    O                                                                         (0 = 0.0%) {16.7%}
55    -O                                                                        (1 = 16.7%) {16.7%}
64    ... 
88    -O                                                                        (1 = 16.7%) {33.3%}
103   -O                                                                        (1 = 16.7%) {50.0%}
121   ... 
364   -O                                                                        (1 = 16.7%) {66.7%}
426   ... 
8540  -O                                                                        (1 = 16.7%) {83.3%}
10000 O                                                                         (0 = 0.0%) {100.0%}

Histogram: Compositing.SurfaceAggregator.PrewalkedSurfaceCount recorded 6 samples, mean = 1.7 (flags = 0x41)
0  O                                                                         (0 = 0.0%)
1  --O                                                                       (2 = 33.3%) {0.0%}
2  ----O                                                                     (4 = 66.7%) {33.3%}
3  ... 

Histogram: Compositing.SurfaceManager.MarkForDestructionToDestroy recorded 1 samples, mean = 805.0 (flags = 0x41)
0    ... 
752  -O                                                                        (1 = 100.0%) {0.0%}
894  ... 

Histogram: Content.Classification.OpenGraph recorded 1 samples, mean = 4.0 (flags = 0x41)
0  ... 
4  -O                                                                        (1 = 100.0%) {0.0%}
5  ... 

Histogram: ContentSettings.AllowStorageAccessSync recorded 4 samples, mean = 0.0 (flags = 0x41)
0  ----O                                                                     (4 = 100.0%)
1  ... 

Histogram: ContentSettings.GetContentSetting.Network.Duration recorded 326 samples, mean = 1.1 (flags = 0x41)
0   ------------------------------------------------------------------------O (191 = 58.6%)
1   ---------------------------------O                                        (87 = 26.7%) {58.6%}
2   --O                                                                       (6 = 1.8%) {85.3%}
3   --O                                                                       (4 = 1.2%) {87.1%}
4   --O                                                                       (5 = 1.5%) {88.3%}
5   ----------O                                                               (27 = 8.3%) {89.9%}
7   -O                                                                        (3 = 0.9%) {98.2%}
9   -O                                                                        (2 = 0.6%) {99.1%}
12  O                                                                         (0 = 0.0%) {99.7%}
16  O                                                                         (1 = 0.3%) {99.7%}
21  ... 

Histogram: ContentSettings.GetCookieSettingInternal.Duration recorded 187 samples, mean = 9.8 (flags = 0x41)
0   O                                                                         (0 = 0.0%)
1   --------O                                                                 (8 = 4.3%) {0.0%}
2   ---------------------------------------------O                            (45 = 24.1%) {4.3%}
3   ------------------------------------O                                     (36 = 19.3%) {28.3%}
4   -------------------------O                                                (25 = 13.4%) {47.6%}
5   ---------------O                                                          (15 = 8.0%) {61.0%}
7   ----O                                                                     (4 = 2.1%) {69.0%}
9   -------O                                                                  (7 = 3.7%) {71.1%}
12  ---------O                                                                (9 = 4.8%) {74.9%}
16  ----------O                                                               (10 = 5.3%) {79.7%}
21  ---O                                                                      (3 = 1.6%) {85.0%}
28  -------------O                                                            (13 = 7.0%) {86.6%}
37  --------O                                                                 (8 = 4.3%) {93.6%}
49  ---O                                                                      (3 = 1.6%) {97.9%}
65  O                                                                         (0 = 0.0%) {99.5%}
86  -O                                                                        (1 = 0.5%) {99.5%}
113 ... 

Histogram: ContentSettings.NumberOfExceptions recorded 1 samples, mean = 0.0 (flags = 0x41)
0  -O                                                                        (1 = 100.0%)
1  ... 

Histogram: ContentSettings.Popups.StrongBlockerActions recorded 1 samples, mean = 0.0 (flags = 0x41)
0  -O                                                                        (1 = 100.0%)
1  ... 

Histogram: ContentSettings.RegularProfile.DefaultAutoVerifySetting recorded 1 samples, mean = 1.0 (flags = 0x41)
0  O                                                                         (0 = 0.0%)
1  -O                                                                        (1 = 100.0%) {0.0%}
2  ... 

Histogram: ContentSettings.RegularProfile.DefaultAutoplaySetting recorded 1 samples, mean = 1.0 (flags = 0x41)
0  O                                                                         (0 = 0.0%)
1  -O                                                                        (1 = 100.0%) {0.0%}
2  ... 

Histogram: ContentSettings.RegularProfile.DefaultBackgroundSyncSetting recorded 1 samples, mean = 1.0 (flags = 0x41)
0  O                                                                         (0 = 0.0%)
1  -O                                                                        (1 = 100.0%) {0.0%}
2  ... 

Histogram: ContentSettings.RegularProfile.DefaultCookiesSetting recorded 1 samples, mean = 1.0 (flags = 0x41)
0  O                                                                         (0 = 0.0%)
1  -O                                                                        (1 = 100.0%) {0.0%}
2  ... 

Histogram: ContentSettings.RegularProfile.DefaultIdleDetectionSetting recorded 1 samples, mean = 3.0 (flags = 0x41)
0  ... 
3  -O                                                                        (1 = 100.0%) {0.0%}
4  ... 

Histogram: ContentSettings.RegularProfile.DefaultImagesSetting recorded 1 samples, mean = 1.0 (flags = 0x41)
0  O                                                                         (0 = 0.0%)
1  -O                                                                        (1 = 100.0%) {0.0%}
2  ... 

Histogram: ContentSettings.RegularProfile.DefaultJavaScriptSetting recorded 1 samples, mean = 1.0 (flags = 0x41)
0  O                                                                         (0 = 0.0%)
1  -O                                                                        (1 = 100.0%) {0.0%}
2  ... 

Histogram: ContentSettings.RegularProfile.DefaultLocationSetting recorded 1 samples, mean = 3.0 (flags = 0x41)
0  ... 
3  -O                                                                        (1 = 100.0%) {0.0%}
4  ... 

Histogram: ContentSettings.RegularProfile.DefaultMIDISysExSetting recorded 1 samples, mean = 3.0 (flags = 0x41)
0  ... 
3  -O                                                                        (1 = 100.0%) {0.0%}
4  ... 

Histogram: ContentSettings.RegularProfile.DefaultMediaStreamCameraSetting recorded 1 samples, mean = 3.0 (flags = 0x41)
0  ... 
3  -O                                                                        (1 = 100.0%) {0.0%}
4  ... 

Histogram: ContentSettings.RegularProfile.DefaultMediaStreamMicSetting recorded 1 samples, mean = 3.0 (flags = 0x41)
0  ... 
3  -O                                                                        (1 = 100.0%) {0.0%}
4  ... 

Histogram: ContentSettings.RegularProfile.DefaultNotificationsSetting recorded 1 samples, mean = 3.0 (flags = 0x41)
0  ... 
3  -O                                                                        (1 = 100.0%) {0.0%}
4  ... 

Histogram: ContentSettings.RegularProfile.DefaultPopupsSetting recorded 1 samples, mean = 2.0 (flags = 0x41)
0  ... 
2  -O                                                                        (1 = 100.0%) {0.0%}
3  ... 

Histogram: ContentSettings.RegularProfile.DefaultSoundSetting recorded 1 samples, mean = 1.0 (flags = 0x41)
0  O                                                                         (0 = 0.0%)
1  -O                                                                        (1 = 100.0%) {0.0%}
2  ... 

Histogram: ContentSettings.RegularProfile.DefaultStorageAccessSetting recorded 1 samples, mean = 3.0 (flags = 0x41)
0  ... 
3  -O                                                                        (1 = 100.0%) {0.0%}
4  ... 

Histogram: ContentSettings.RegularProfile.DefaultSubresourceFilterSetting recorded 1 samples, mean = 2.0 (flags = 0x41)
0  ... 
2  -O                                                                        (1 = 100.0%) {0.0%}
3  ... 

Histogram: ContentSettings.RegularProfile.DefaultUsbGuardSetting recorded 1 samples, mean = 3.0 (flags = 0x41)
0  ... 
3  -O                                                                        (1 = 100.0%) {0.0%}
4  ... 

Histogram: ContentSettings.RegularProfile.DefaultWebBluetoothGuardSetting recorded 1 samples, mean = 3.0 (flags = 0x41)
0  ... 
3  -O                                                                        (1 = 100.0%) {0.0%}
4  ... 

Histogram: ContentSettings.RegularProfile.Exceptions.3pcd-heuristics-grants recorded 1 samples, mean = 0.0 (flags = 0x41)
0  -O                                                                        (1 = 100.0%)
1  ... 

Histogram: ContentSettings.RegularProfile.Exceptions.3pcd-support recorded 1 samples, mean = 0.0 (flags = 0x41)
0  -O                                                                        (1 = 100.0%)
1  ... 

Histogram: ContentSettings.RegularProfile.Exceptions.abusive-notification-permissions recorded 1 samples, mean = 0.0 (flags = 0x41)
0  -O                                                                        (1 = 100.0%)
1  ... 

Histogram: ContentSettings.RegularProfile.Exceptions.access-to-get-all-screens-media-in-session recorded 1 samples, mean = 0.0 (flags = 0x41)
0  -O                                                                        (1 = 100.0%)
1  ... 

Histogram: ContentSettings.RegularProfile.Exceptions.accessibility-events recorded 1 samples, mean = 0.0 (flags = 0x41)
0  -O                                                                        (1 = 100.0%)
1  ... 

Histogram: ContentSettings.RegularProfile.Exceptions.anti-abuse recorded 1 samples, mean = 0.0 (flags = 0x41)
0  -O                                                                        (1 = 100.0%)
1  ... 

Histogram: ContentSettings.RegularProfile.Exceptions.app-banner recorded 1 samples, mean = 0.0 (flags = 0x41)
0  -O                                                                        (1 = 100.0%)
1  ... 

Histogram: ContentSettings.RegularProfile.Exceptions.ar recorded 1 samples, mean = 0.0 (flags = 0x41)
0  -O                                                                        (1 = 100.0%)
1  ... 

Histogram: ContentSettings.RegularProfile.Exceptions.auto-picture-in-picture recorded 1 samples, mean = 0.0 (flags = 0x41)
0  -O                                                                        (1 = 100.0%)
1  ... 

Histogram: ContentSettings.RegularProfile.Exceptions.auto-select-certificate recorded 1 samples, mean = 0.0 (flags = 0x41)
0  -O                                                                        (1 = 100.0%)
1  ... 

Histogram: ContentSettings.RegularProfile.Exceptions.automatic-downloads recorded 1 samples, mean = 0.0 (flags = 0x41)
0  -O                                                                        (1 = 100.0%)
1  ... 

Histogram: ContentSettings.RegularProfile.Exceptions.automatic-fullscreen recorded 1 samples, mean = 0.0 (flags = 0x41)
0  -O                                                                        (1 = 100.0%)
1  ... 

Histogram: ContentSettings.RegularProfile.Exceptions.autoplay recorded 1 samples, mean = 0.0 (flags = 0x41)
0  -O                                                                        (1 = 100.0%)
1  ... 

Histogram: ContentSettings.RegularProfile.Exceptions.background-sync recorded 1 samples, mean = 0.0 (flags = 0x41)
0  -O                                                                        (1 = 100.0%)
1  ... 

Histogram: ContentSettings.RegularProfile.Exceptions.bluetooth-chooser-data recorded 1 samples, mean = 0.0 (flags = 0x41)
0  -O                                                                        (1 = 100.0%)
1  ... 

Histogram: ContentSettings.RegularProfile.Exceptions.bluetooth-guard recorded 1 samples, mean = 0.0 (flags = 0x41)
0  -O                                                                        (1 = 100.0%)
1  ... 

Histogram: ContentSettings.RegularProfile.Exceptions.bluetooth-scanning recorded 1 samples, mean = 0.0 (flags = 0x41)
0  -O                                                                        (1 = 100.0%)
1  ... 

Histogram: ContentSettings.RegularProfile.Exceptions.camera-pan-tilt-zoom recorded 1 samples, mean = 0.0 (flags = 0x41)
0  -O                                                                        (1 = 100.0%)
1  ... 

Histogram: ContentSettings.RegularProfile.Exceptions.captured-surface-control recorded 1 samples, mean = 0.0 (flags = 0x41)
0  -O                                                                        (1 = 100.0%)
1  ... 

Histogram: ContentSettings.RegularProfile.Exceptions.client-hints recorded 1 samples, mean = 0.0 (flags = 0x41)
0  -O                                                                        (1 = 100.0%)
1  ... 

Histogram: ContentSettings.RegularProfile.Exceptions.clipboard recorded 1 samples, mean = 0.0 (flags = 0x41)
0  -O                                                                        (1 = 100.0%)
1  ... 

Histogram: ContentSettings.RegularProfile.Exceptions.cookie-controls-metadata recorded 1 samples, mean = 0.0 (flags = 0x41)
0  -O                                                                        (1 = 100.0%)
1  ... 

Histogram: ContentSettings.RegularProfile.Exceptions.cookies recorded 1 samples, mean = 0.0 (flags = 0x41)
0  -O                                                                        (1 = 100.0%)
1  ... 

Histogram: ContentSettings.RegularProfile.Exceptions.cookies.Allow recorded 1 samples, mean = 0.0 (flags = 0x41)
0  -O                                                                        (1 = 100.0%)
1  ... 

Histogram: ContentSettings.RegularProfile.Exceptions.cookies.AllowThirdParty recorded 1 samples, mean = 0.0 (flags = 0x41)
0  -O                                                                        (1 = 100.0%)
1  ... 

Histogram: ContentSettings.RegularProfile.Exceptions.cookies.Block recorded 1 samples, mean = 0.0 (flags = 0x41)
0  -O                                                                        (1 = 100.0%)
1  ... 

Histogram: ContentSettings.RegularProfile.Exceptions.cookies.DomainWildcardAllowThirdParty recorded 1 samples, mean = 0.0 (flags = 0x41)
0  -O                                                                        (1 = 100.0%)
1  ... 

Histogram: ContentSettings.RegularProfile.Exceptions.cookies.SessionOnly recorded 1 samples, mean = 0.0 (flags = 0x41)
0  -O                                                                        (1 = 100.0%)
1  ... 

Histogram: ContentSettings.RegularProfile.Exceptions.cookies.TemporaryAllowThirdParty recorded 1 samples, mean = 0.0 (flags = 0x41)
0  -O                                                                        (1 = 100.0%)
1  ... 

Histogram: ContentSettings.RegularProfile.Exceptions.direct-sockets recorded 1 samples, mean = 0.0 (flags = 0x41)
0  -O                                                                        (1 = 100.0%)
1  ... 

Histogram: ContentSettings.RegularProfile.Exceptions.display-media-system-audio recorded 1 samples, mean = 0.0 (flags = 0x41)
0  -O                                                                        (1 = 100.0%)
1  ... 

Histogram: ContentSettings.RegularProfile.Exceptions.durable-storage recorded 1 samples, mean = 0.0 (flags = 0x41)
0  -O                                                                        (1 = 100.0%)
1  ... 

Histogram: ContentSettings.RegularProfile.Exceptions.fedcm-idp-registration recorded 1 samples, mean = 0.0 (flags = 0x41)
0  -O                                                                        (1 = 100.0%)
1  ... 

Histogram: ContentSettings.RegularProfile.Exceptions.fedcm-idp-signin recorded 1 samples, mean = 0.0 (flags = 0x41)
0  -O                                                                        (1 = 100.0%)
1  ... 

Histogram: ContentSettings.RegularProfile.Exceptions.fedcm-share recorded 1 samples, mean = 0.0 (flags = 0x41)
0  -O                                                                        (1 = 100.0%)
1  ... 

Histogram: ContentSettings.RegularProfile.Exceptions.file-system-access-chooser-data recorded 1 samples, mean = 0.0 (flags = 0x41)
0  -O                                                                        (1 = 100.0%)
1  ... 

Histogram: ContentSettings.RegularProfile.Exceptions.file-system-access-extended-permission recorded 1 samples, mean = 0.0 (flags = 0x41)
0  -O                                                                        (1 = 100.0%)
1  ... 

Histogram: ContentSettings.RegularProfile.Exceptions.file-system-access-restore-permission recorded 1 samples, mean = 0.0 (flags = 0x41)
0  -O                                                                        (1 = 100.0%)
1  ... 

Histogram: ContentSettings.RegularProfile.Exceptions.file-system-last-picked-directory recorded 1 samples, mean = 0.0 (flags = 0x41)
0  -O                                                                        (1 = 100.0%)
1  ... 

Histogram: ContentSettings.RegularProfile.Exceptions.file-system-read-guard recorded 1 samples, mean = 0.0 (flags = 0x41)
0  -O                                                                        (1 = 100.0%)
1  ... 

Histogram: ContentSettings.RegularProfile.Exceptions.file-system-write-guard recorded 1 samples, mean = 0.0 (flags = 0x41)
0  -O                                                                        (1 = 100.0%)
1  ... 

Histogram: ContentSettings.RegularProfile.Exceptions.formfill-metadata recorded 1 samples, mean = 0.0 (flags = 0x41)
0  -O                                                                        (1 = 100.0%)
1  ... 

Histogram: ContentSettings.RegularProfile.Exceptions.geolocation recorded 1 samples, mean = 0.0 (flags = 0x41)
0  -O                                                                        (1 = 100.0%)
1  ... 

Histogram: ContentSettings.RegularProfile.Exceptions.hid-chooser-data recorded 1 samples, mean = 0.0 (flags = 0x41)
0  -O                                                                        (1 = 100.0%)
1  ... 

Histogram: ContentSettings.RegularProfile.Exceptions.hid-guard recorded 1 samples, mean = 0.0 (flags = 0x41)
0  -O                                                                        (1 = 100.0%)
1  ... 

Histogram: ContentSettings.RegularProfile.Exceptions.http-allowed recorded 1 samples, mean = 0.0 (flags = 0x41)
0  -O                                                                        (1 = 100.0%)
1  ... 

Histogram: ContentSettings.RegularProfile.Exceptions.https-enforced recorded 1 samples, mean = 0.0 (flags = 0x41)
0  -O                                                                        (1 = 100.0%)
1  ... 

Histogram: ContentSettings.RegularProfile.Exceptions.idle-detection recorded 1 samples, mean = 0.0 (flags = 0x41)
0  -O                                                                        (1 = 100.0%)
1  ... 

Histogram: ContentSettings.RegularProfile.Exceptions.images recorded 1 samples, mean = 0.0 (flags = 0x41)
0  -O                                                                        (1 = 100.0%)
1  ... 

Histogram: ContentSettings.RegularProfile.Exceptions.important-site-info recorded 1 samples, mean = 0.0 (flags = 0x41)
0  -O                                                                        (1 = 100.0%)
1  ... 

Histogram: ContentSettings.RegularProfile.Exceptions.insecure-private-network recorded 1 samples, mean = 0.0 (flags = 0x41)
0  -O                                                                        (1 = 100.0%)
1  ... 

Histogram: ContentSettings.RegularProfile.Exceptions.intent-picker-auto-display recorded 1 samples, mean = 0.0 (flags = 0x41)
0  -O                                                                        (1 = 100.0%)
1  ... 

Histogram: ContentSettings.RegularProfile.Exceptions.javascript recorded 1 samples, mean = 0.0 (flags = 0x41)
0  -O                                                                        (1 = 100.0%)
1  ... 

Histogram: ContentSettings.RegularProfile.Exceptions.javascript-jit recorded 1 samples, mean = 0.0 (flags = 0x41)
0  -O                                                                        (1 = 100.0%)
1  ... 

Histogram: ContentSettings.RegularProfile.Exceptions.javascript-optimizer recorded 1 samples, mean = 0.0 (flags = 0x41)
0  -O                                                                        (1 = 100.0%)
1  ... 

Histogram: ContentSettings.RegularProfile.Exceptions.keyboard-lock recorded 1 samples, mean = 0.0 (flags = 0x41)
0  -O                                                                        (1 = 100.0%)
1  ... 

Histogram: ContentSettings.RegularProfile.Exceptions.legacy-cookie-access recorded 1 samples, mean = 0.0 (flags = 0x41)
0  -O                                                                        (1 = 100.0%)
1  ... 

Histogram: ContentSettings.RegularProfile.Exceptions.local-fonts recorded 1 samples, mean = 0.0 (flags = 0x41)
0  -O                                                                        (1 = 100.0%)
1  ... 

Histogram: ContentSettings.RegularProfile.Exceptions.media-engagement recorded 1 samples, mean = 0.0 (flags = 0x41)
0  -O                                                                        (1 = 100.0%)
1  ... 

Histogram: ContentSettings.RegularProfile.Exceptions.media-stream-camera recorded 1 samples, mean = 0.0 (flags = 0x41)
0  -O                                                                        (1 = 100.0%)
1  ... 

Histogram: ContentSettings.RegularProfile.Exceptions.media-stream-mic recorded 1 samples, mean = 0.0 (flags = 0x41)
0  -O                                                                        (1 = 100.0%)
1  ... 

Histogram: ContentSettings.RegularProfile.Exceptions.midi-sysex recorded 1 samples, mean = 0.0 (flags = 0x41)
0  -O                                                                        (1 = 100.0%)
1  ... 

Histogram: ContentSettings.RegularProfile.Exceptions.mixed-script recorded 1 samples, mean = 0.0 (flags = 0x41)
0  -O                                                                        (1 = 100.0%)
1  ... 

Histogram: ContentSettings.RegularProfile.Exceptions.nfc-devices recorded 1 samples, mean = 0.0 (flags = 0x41)
0  -O                                                                        (1 = 100.0%)
1  ... 

Histogram: ContentSettings.RegularProfile.Exceptions.notification-interactions recorded 1 samples, mean = 0.0 (flags = 0x41)
0  -O                                                                        (1 = 100.0%)
1  ... 

Histogram: ContentSettings.RegularProfile.Exceptions.notification-permission-review recorded 1 samples, mean = 0.0 (flags = 0x41)
0  -O                                                                        (1 = 100.0%)
1  ... 

Histogram: ContentSettings.RegularProfile.Exceptions.notifications recorded 1 samples, mean = 0.0 (flags = 0x41)
0  -O                                                                        (1 = 100.0%)
1  ... 

Histogram: ContentSettings.RegularProfile.Exceptions.password-protection recorded 1 samples, mean = 0.0 (flags = 0x41)
0  -O                                                                        (1 = 100.0%)
1  ... 

Histogram: ContentSettings.RegularProfile.Exceptions.payment-handler recorded 1 samples, mean = 0.0 (flags = 0x41)
0  -O                                                                        (1 = 100.0%)
1  ... 

Histogram: ContentSettings.RegularProfile.Exceptions.permission-autoblocking-data recorded 1 samples, mean = 0.0 (flags = 0x41)
0  -O                                                                        (1 = 100.0%)
1  ... 

Histogram: ContentSettings.RegularProfile.Exceptions.permission-autorevocation-data recorded 1 samples, mean = 0.0 (flags = 0x41)
0  -O                                                                        (1 = 100.0%)
1  ... 

Histogram: ContentSettings.RegularProfile.Exceptions.pointer-lock recorded 1 samples, mean = 0.0 (flags = 0x41)
0  -O                                                                        (1 = 100.0%)
1  ... 

Histogram: ContentSettings.RegularProfile.Exceptions.popups recorded 1 samples, mean = 0.0 (flags = 0x41)
0  -O                                                                        (1 = 100.0%)
1  ... 

Histogram: ContentSettings.RegularProfile.Exceptions.popups.Allow recorded 1 samples, mean = 0.0 (flags = 0x41)
0  -O                                                                        (1 = 100.0%)
1  ... 

Histogram: ContentSettings.RegularProfile.Exceptions.popups.Block recorded 1 samples, mean = 0.0 (flags = 0x41)
0  -O                                                                        (1 = 100.0%)
1  ... 

Histogram: ContentSettings.RegularProfile.Exceptions.private-network-chooser-data recorded 1 samples, mean = 0.0 (flags = 0x41)
0  -O                                                                        (1 = 100.0%)
1  ... 

Histogram: ContentSettings.RegularProfile.Exceptions.private-network-guard recorded 1 samples, mean = 0.0 (flags = 0x41)
0  -O                                                                        (1 = 100.0%)
1  ... 

Histogram: ContentSettings.RegularProfile.Exceptions.protected-media-identifier recorded 1 samples, mean = 0.0 (flags = 0x41)
0  -O                                                                        (1 = 100.0%)
1  ... 

Histogram: ContentSettings.RegularProfile.Exceptions.protocol-handler recorded 1 samples, mean = 0.0 (flags = 0x41)
0  -O                                                                        (1 = 100.0%)
1  ... 

Histogram: ContentSettings.RegularProfile.Exceptions.reduced-accept-language recorded 1 samples, mean = 0.0 (flags = 0x41)
0  -O                                                                        (1 = 100.0%)
1  ... 

Histogram: ContentSettings.RegularProfile.Exceptions.safe-browsing-url-check-data recorded 1 samples, mean = 0.0 (flags = 0x41)
0  -O                                                                        (1 = 100.0%)
1  ... 

Histogram: ContentSettings.RegularProfile.Exceptions.sensors recorded 1 samples, mean = 0.0 (flags = 0x41)
0  -O                                                                        (1 = 100.0%)
1  ... 

Histogram: ContentSettings.RegularProfile.Exceptions.serial-chooser-data recorded 1 samples, mean = 0.0 (flags = 0x41)
0  -O                                                                        (1 = 100.0%)
1  ... 

Histogram: ContentSettings.RegularProfile.Exceptions.serial-guard recorded 1 samples, mean = 0.0 (flags = 0x41)
0  -O                                                                        (1 = 100.0%)
1  ... 

Histogram: ContentSettings.RegularProfile.Exceptions.site-engagement recorded 1 samples, mean = 0.0 (flags = 0x41)
0  -O                                                                        (1 = 100.0%)
1  ... 

Histogram: ContentSettings.RegularProfile.Exceptions.sound recorded 1 samples, mean = 0.0 (flags = 0x41)
0  -O                                                                        (1 = 100.0%)
1  ... 

Histogram: ContentSettings.RegularProfile.Exceptions.speaker-selection recorded 1 samples, mean = 0.0 (flags = 0x41)
0  -O                                                                        (1 = 100.0%)
1  ... 

Histogram: ContentSettings.RegularProfile.Exceptions.ssl-cert-decisions recorded 1 samples, mean = 0.0 (flags = 0x41)
0  -O                                                                        (1 = 100.0%)
1  ... 

Histogram: ContentSettings.RegularProfile.Exceptions.storage-access recorded 1 samples, mean = 0.0 (flags = 0x41)
0  -O                                                                        (1 = 100.0%)
1  ... 

Histogram: ContentSettings.RegularProfile.Exceptions.storage-access-header-origin-trial recorded 1 samples, mean = 0.0 (flags = 0x41)
0  -O                                                                        (1 = 100.0%)
1  ... 

Histogram: ContentSettings.RegularProfile.Exceptions.storage-access.Allow recorded 1 samples, mean = 0.0 (flags = 0x41)
0  -O                                                                        (1 = 100.0%)
1  ... 

Histogram: ContentSettings.RegularProfile.Exceptions.storage-access.Ask recorded 1 samples, mean = 0.0 (flags = 0x41)
0  -O                                                                        (1 = 100.0%)
1  ... 

Histogram: ContentSettings.RegularProfile.Exceptions.storage-access.Block recorded 1 samples, mean = 0.0 (flags = 0x41)
0  -O                                                                        (1 = 100.0%)
1  ... 

Histogram: ContentSettings.RegularProfile.Exceptions.storage-access.MaxRequester recorded 1 samples, mean = 0.0 (flags = 0x41)
0  -O                                                                        (1 = 100.0%)
1  ... 

Histogram: ContentSettings.RegularProfile.Exceptions.storage-access.MaxTopLevel recorded 1 samples, mean = 0.0 (flags = 0x41)
0  -O                                                                        (1 = 100.0%)
1  ... 

Histogram: ContentSettings.RegularProfile.Exceptions.subresource-filter recorded 1 samples, mean = 0.0 (flags = 0x41)
0  -O                                                                        (1 = 100.0%)
1  ... 

Histogram: ContentSettings.RegularProfile.Exceptions.subresource-filter-data recorded 1 samples, mean = 0.0 (flags = 0x41)
0  -O                                                                        (1 = 100.0%)
1  ... 

Histogram: ContentSettings.RegularProfile.Exceptions.subresource-filter.Allow recorded 1 samples, mean = 0.0 (flags = 0x41)
0  -O                                                                        (1 = 100.0%)
1  ... 

Histogram: ContentSettings.RegularProfile.Exceptions.subresource-filter.Block recorded 1 samples, mean = 0.0 (flags = 0x41)
0  -O                                                                        (1 = 100.0%)
1  ... 

Histogram: ContentSettings.RegularProfile.Exceptions.third-party-storage-partitioning recorded 1 samples, mean = 0.0 (flags = 0x41)
0  -O                                                                        (1 = 100.0%)
1  ... 

Histogram: ContentSettings.RegularProfile.Exceptions.top-level-3pcd-origin-trial recorded 1 samples, mean = 0.0 (flags = 0x41)
0  -O                                                                        (1 = 100.0%)
1  ... 

Histogram: ContentSettings.RegularProfile.Exceptions.top-level-3pcd-support recorded 1 samples, mean = 0.0 (flags = 0x41)
0  -O                                                                        (1 = 100.0%)
1  ... 

Histogram: ContentSettings.RegularProfile.Exceptions.top-level-storage-access recorded 1 samples, mean = 0.0 (flags = 0x41)
0  -O                                                                        (1 = 100.0%)
1  ... 

Histogram: ContentSettings.RegularProfile.Exceptions.tracking-protection recorded 1 samples, mean = 0.0 (flags = 0x41)
0  -O                                                                        (1 = 100.0%)
1  ... 

Histogram: ContentSettings.RegularProfile.Exceptions.tracking-protection.Allow recorded 1 samples, mean = 0.0 (flags = 0x41)
0  -O                                                                        (1 = 100.0%)
1  ... 

Histogram: ContentSettings.RegularProfile.Exceptions.tracking-protection.Block recorded 1 samples, mean = 0.0 (flags = 0x41)
0  -O                                                                        (1 = 100.0%)
1  ... 

Histogram: ContentSettings.RegularProfile.Exceptions.unused-site-permissions recorded 1 samples, mean = 0.0 (flags = 0x41)
0  -O                                                                        (1 = 100.0%)
1  ... 

Histogram: ContentSettings.RegularProfile.Exceptions.usb-chooser-data recorded 1 samples, mean = 0.0 (flags = 0x41)
0  -O                                                                        (1 = 100.0%)
1  ... 

Histogram: ContentSettings.RegularProfile.Exceptions.usb-guard recorded 1 samples, mean = 0.0 (flags = 0x41)
0  -O                                                                        (1 = 100.0%)
1  ... 

Histogram: ContentSettings.RegularProfile.Exceptions.vr recorded 1 samples, mean = 0.0 (flags = 0x41)
0  -O                                                                        (1 = 100.0%)
1  ... 

Histogram: ContentSettings.RegularProfile.Exceptions.webid-api recorded 1 samples, mean = 0.0 (flags = 0x41)
0  -O                                                                        (1 = 100.0%)
1  ... 

Histogram: ContentSettings.RegularProfile.Exceptions.webid-auto-reauthn recorded 1 samples, mean = 0.0 (flags = 0x41)
0  -O                                                                        (1 = 100.0%)
1  ... 

Histogram: ContentSettings.RegularProfile.Exceptions.window-placement recorded 1 samples, mean = 0.0 (flags = 0x41)
0  -O                                                                        (1 = 100.0%)
1  ... 

Histogram: Cookie.ClockSkew.AddMinutes recorded 3 samples, mean = 0.0 (flags = 0x41)
0  ---O                                                                      (3 = 100.0%)
1  ... 

Histogram: Cookie.ClockSkew.AddMinutes12To24Hours recorded 3 samples, mean = 0.0 (flags = 0x41)
0  ---O                                                                      (3 = 100.0%)
720... 

Histogram: Cookie.ClockSkew.ExpiredWithoutSkew recorded 3 samples, mean = 0.0 (flags = 0x41)
0  ---O                                                                      (3 = 100.0%)
1  ... 

Histogram: Cookie.CookiePrefix recorded 4 samples, mean = 0.0 (flags = 0x41)
0  ----O                                                                     (4 = 100.0%)
1  ... 

Histogram: Cookie.CookieSchemeRequestScheme recorded 44 samples, mean = 2.0 (flags = 0x41)
0  ... 
2  --------------------------------------------O                             (44 = 100.0%) {0.0%}
3  ... 

Histogram: Cookie.CookieSourceScheme recorded 4 samples, mean = 0.0 (flags = 0x41)
0  ----O                                                                     (4 = 100.0%)
1  ... 

Histogram: Cookie.CookieSourceSchemeName recorded 4 samples, mean = 14.0 (flags = 0x41)
0   ... 
14  ----O                                                                     (4 = 100.0%) {0.0%}
15  ... 

Histogram: Cookie.CrossSiteRedirectType.Read recorded 87 samples, mean = 1.0 (flags = 0x41)
0  O                                                                         (0 = 0.0%)
1  ------------------------------------------------------------------------O (87 = 100.0%) {0.0%}
2  ... 

Histogram: Cookie.CrossSiteRedirectType.Write recorded 4 samples, mean = 1.0 (flags = 0x41)
0  O                                                                         (0 = 0.0%)
1  ----O                                                                     (4 = 100.0%) {0.0%}
2  ... 

Histogram: Cookie.DomainHasNonASCII recorded 4 samples, mean = 0.0 (flags = 0x41)
0  ----O                                                                     (4 = 100.0%)
1  ... 

Histogram: Cookie.DomainSet recorded 4 samples, mean = 1.0 (flags = 0x41)
0  O                                                                         (0 = 0.0%)
1  ----O                                                                     (4 = 100.0%) {0.0%}
2  O                                                                         (0 = 0.0%) {100.0%}

Histogram: Cookie.DoubleUnderscorePrefixedName recorded 4 samples, mean = 0.5 (flags = 0x41)
0  --O                                                                       (2 = 50.0%)
1  --O                                                                       (2 = 50.0%) {50.0%}
2  O                                                                         (0 = 0.0%) {100.0%}

Histogram: Cookie.ExpirationDuration400DaysLTE recorded 3 samples, mean = 121.7 (flags = 0x41)
0    --O                                                                       (2 = 66.7%)
1    ... 
364  -O                                                                        (1 = 33.3%) {66.7%}
400  O                                                                         (0 = 0.0%) {100.0%}

Histogram: Cookie.ExpirationDurationMinutesSecure recorded 3 samples, mean = 175220.0 (flags = 0x41)
0       ... 
26      --O                                                                       (2 = 66.7%) {0.0%}
36      ... 
429766  -O                                                                        (1 = 33.3%) {66.7%}
587706  ... 

Histogram: Cookie.FirstPartyPartitioned.HasCrossSiteAncestor recorded 4 samples, mean = 0.0 (flags = 0x41)
0  ----O                                                                     (4 = 100.0%)
1  ... 

Histogram: Cookie.FirstPartySets.Browser.DelayedQueriesCount recorded 1 samples, mean = 2.0 (flags = 0x41)
0  ... 
2  -O                                                                        (1 = 100.0%) {0.0%}
3  ... 

Histogram: Cookie.FirstPartySets.Browser.MostDelayedQueryDelta recorded 1 samples, mean = 65.0 (flags = 0x41)
0   ... 
57  -O                                                                        (1 = 100.0%) {0.0%}
68  ... 

Histogram: Cookie.FirstPartySets.ComponentSetsNonfatalErrors recorded 1 samples, mean = 0.0 (flags = 0x41)
0  -O                                                                        (1 = 100.0%)
1  ... 

Histogram: Cookie.FirstPartySets.ComponentSetsParsedSuccessfully recorded 1 samples, mean = 0.0 (flags = 0x41)
0  -O                                                                        (1 = 100.0%)
1  ... 

Histogram: Cookie.FirstPartySets.ContextDelayedQueriesCount recorded 1 samples, mean = 0.0 (flags = 0x41)
0  -O                                                                        (1 = 100.0%)
1  ... 

Histogram: Cookie.FirstPartySets.ContextMostDelayedQueryDelta recorded 1 samples, mean = 0.0 (flags = 0x41)
0  -O                                                                        (1 = 100.0%)
1  ... 

Histogram: Cookie.FirstPartySets.EnqueueingDelay.ContextConfig2 recorded 1 samples, mean = 31.0 (flags = 0x41)
0   ... 
29  -O                                                                        (1 = 100.0%) {0.0%}
34  ... 

Histogram: Cookie.FirstPartySets.InitializationDuration.ContextReadyToServeQueries2 recorded 1 samples, mean = 3075.0 (flags = 0x41)
0     ... 
2990  -O                                                                        (1 = 100.0%) {0.0%}
3553  ... 

Histogram: Cookie.FirstPartySets.InitializationDuration.ReadCommandLineSet2 recorded 1 samples, mean = 65.0 (flags = 0x41)
0   ... 
57  -O                                                                        (1 = 100.0%) {0.0%}
68  ... 

Histogram: Cookie.FirstPartySets.InitializationDuration.ReadComponentSets2 recorded 1 samples, mean = 0.0 (flags = 0x41)
0  -O                                                                        (1 = 100.0%)
1  ... 

Histogram: Cookie.FirstPartySets.InitializationDuration.ReadyToServeQueries2 recorded 1 samples, mean = 1.0 (flags = 0x41)
0  O                                                                         (0 = 0.0%)
1  -O                                                                        (1 = 100.0%) {0.0%}
2  ... 

Histogram: Cookie.FirstPartySets.Network.DelayedQueriesCount recorded 1 samples, mean = 0.0 (flags = 0x41)
0  -O                                                                        (1 = 100.0%)
1  ... 

Histogram: Cookie.FirstPartySets.Network.MostDelayedQueryDelta recorded 1 samples, mean = 0.0 (flags = 0x41)
0  -O                                                                        (1 = 100.0%)
1  ... 

Histogram: Cookie.FirstPartySets.ProcessedEntireComponent recorded 1 samples, mean = 1.0 (flags = 0x41)
0  O                                                                         (0 = 0.0%)
1  -O                                                                        (1 = 100.0%) {0.0%}
2  O                                                                         (0 = 0.0%) {100.0%}

Histogram: Cookie.FromStorageWithValidLength recorded 95 samples, mean = 1.0 (flags = 0x41)
0  O                                                                         (0 = 0.0%)
1  ------------------------------------------------------------------------O (95 = 100.0%) {0.0%}
2  O                                                                         (0 = 0.0%) {100.0%}

Histogram: Cookie.HasNonASCII.Name recorded 4 samples, mean = 0.0 (flags = 0x41)
0  ----O                                                                     (4 = 100.0%)
1  ... 

Histogram: Cookie.HasNonASCII.Value recorded 4 samples, mean = 0.0 (flags = 0x41)
0  ----O                                                                     (4 = 100.0%)
1  ... 

Histogram: Cookie.IncludedRequestEffectiveSameSite recorded 87 samples, mean = 0.0 (flags = 0x41)
0  ------------------------------------------------------------------------O (87 = 100.0%)
1  ... 

Histogram: Cookie.IncludedResponseEffectiveSameSite recorded 4 samples, mean = 0.0 (flags = 0x41)
0  ----O                                                                     (4 = 100.0%)
1  ... 

Histogram: Cookie.IsPartitionedValid recorded 1 samples, mean = 1.0 (flags = 0x41)
0  O                                                                         (0 = 0.0%)
1  -O                                                                        (1 = 100.0%) {0.0%}
2  O                                                                         (0 = 0.0%) {100.0%}

Histogram: Cookie.NameOrValueHtab recorded 4 samples, mean = 0.0 (flags = 0x41)
0  ----O                                                                     (4 = 100.0%)
1  ... 

Histogram: Cookie.OnCookiesAccessed.BatchSize recorded 40 samples, mean = 1.0 (flags = 0x41)
0  O                                                                         (0 = 0.0%)
1  ---------------------------------------O                                  (39 = 97.5%) {0.0%}
2  -O                                                                        (1 = 2.5%) {97.5%}
3  ... 

Histogram: Cookie.OnCookiesAccessed.TotalAccesses recorded 40 samples, mean = 1.1 (flags = 0x41)
0  O                                                                         (0 = 0.0%)
1  -----------------------------------O                                      (35 = 87.5%) {0.0%}
2  -----O                                                                    (5 = 12.5%) {87.5%}
3  ... 

Histogram: Cookie.PartitionedCookiesInRequest recorded 40 samples, mean = 0.1 (flags = 0x41)
0  ------------------------------------O                                     (36 = 90.0%)
1  ----O                                                                     (4 = 10.0%) {90.0%}
2  ... 

Histogram: Cookie.Port.Read.RemoteHost recorded 87 samples, mean = 7.0 (flags = 0x41)
0  ... 
7  ------------------------------------------------------------------------O (87 = 100.0%) {0.0%}
8  ... 

Histogram: Cookie.Port.ReadDiffersFromSet.DomainSet recorded 87 samples, mean = 4.0 (flags = 0x41)
0  ... 
4  ------------------------------------------------------------------------O (87 = 100.0%) {0.0%}
5  O                                                                         (0 = 0.0%) {100.0%}

Histogram: Cookie.Port.ReadDiffersFromSet.RemoteHost recorded 87 samples, mean = 4.0 (flags = 0x41)
0  ... 
4  ------------------------------------------------------------------------O (87 = 100.0%) {0.0%}
5  O                                                                         (0 = 0.0%) {100.0%}

Histogram: Cookie.Port.Set.RemoteHost recorded 4 samples, mean = 7.0 (flags = 0x41)
0  ... 
7  ----O                                                                     (4 = 100.0%) {0.0%}
8  ... 

Histogram: Cookie.RequestSameSiteContext recorded 88 samples, mean = 2.9 (flags = 0x41)
0  --O                                                                       (2 = 2.3%)
1  ... 
3  ------------------------------------------------------------------------O (86 = 97.7%) {2.3%}
4  O                                                                         (0 = 0.0%) {100.0%}

Histogram: Cookie.SameSiteAttributeValue recorded 4 samples, mean = 5.0 (flags = 0x41)
0  ... 
5  ----O                                                                     (4 = 100.0%) {0.0%}
6  ... 

Histogram: Cookie.SameSiteNoneSizeBytes recorded 4 samples, mean = 176.0 (flags = 0x41)
0    ... 
40   -O                                                                        (1 = 25.0%) {0.0%}
48   ... 
160  --O                                                                       (2 = 50.0%) {25.0%}
190  ... 
268  -O                                                                        (1 = 25.0%) {75.0%}
318  ... 

Histogram: Cookie.SameSiteNoneSizeBytes.Partitioned recorded 1 samples, mean = 310.0 (flags = 0x41)
0    ... 
268  -O                                                                        (1 = 100.0%) {0.0%}
318  ... 

Histogram: Cookie.SameSiteNoneSizeBytes.Unpartitioned recorded 3 samples, mean = 131.3 (flags = 0x41)
0    ... 
40   -O                                                                        (1 = 33.3%) {0.0%}
48   ... 
160  --O                                                                       (2 = 66.7%) {33.3%}
190  ... 

Histogram: Cookie.SourceType recorded 4 samples, mean = 1.0 (flags = 0x41)
0  O                                                                         (0 = 0.0%)
1  ----O                                                                     (4 = 100.0%) {0.0%}
2  ... 

Histogram: Cookie.TimeBlockedOnLoad recorded 2 samples, mean = 773.5 (flags = 0x41)
0     ... 
7     -O                                                                        (1 = 50.0%) {0.0%}
9     ... 
1255  -O                                                                        (1 = 50.0%) {50.0%}
1556  ... 

Histogram: Cookie.TimeInitializeDB recorded 2 samples, mean = 6.0 (flags = 0x41)
0  ... 
5  -O                                                                        (1 = 50.0%) {0.0%}
6  O                                                                         (0 = 0.0%) {50.0%}
7  -O                                                                        (1 = 50.0%) {50.0%}
9  ... 

Histogram: Cookie.TimeOpsBlockedDueToGlobalOp recorded 2 samples, mean = 3.5 (flags = 0x41)
0  -O                                                                        (1 = 50.0%)
1  ... 
7  -O                                                                        (1 = 50.0%) {50.0%}
9  ... 

Histogram: Cookie.Type2 recorded 4 samples, mean = 11.5 (flags = 0x41)
0   ... 
4   -O                                                                        (1 = 25.0%) {0.0%}
5   ... 
14  ---O                                                                      (3 = 75.0%) {25.0%}
15  ... 

Histogram: Crypto.TPMDuration.MessageSigningECDSA recorded 1 samples, mean = 619.0 (flags = 0x41)
0    ... 
574  -O                                                                        (1 = 100.0%) {0.0%}
729  ... 

Histogram: Crypto.TPMDuration.NewKeyCreationECDSA recorded 1 samples, mean = 1569.0 (flags = 0x41)
0     ... 
1496  -O                                                                        (1 = 100.0%) {0.0%}
1901  ... 

Histogram: Crypto.TPMDuration.Virtual.MessageSigningECDSA recorded 1 samples, mean = 1.0 (flags = 0x41)
0  O                                                                         (0 = 0.0%)
1  -O                                                                        (1 = 100.0%) {0.0%}
2  ... 

Histogram: Crypto.TPMDuration.Virtual.NewKeyCreationECDSA recorded 1 samples, mean = 63.0 (flags = 0x41)
0   ... 
52  -O                                                                        (1 = 100.0%) {0.0%}
66  ... 

Histogram: Crypto.TPMDuration.Virtual.WrappedKeyCreationECDSA recorded 1 samples, mean = 39.0 (flags = 0x41)
0   ... 
32  -O                                                                        (1 = 100.0%) {0.0%}
41  ... 

Histogram: Crypto.TPMDuration.WrappedKeyCreationECDSA recorded 1 samples, mean = 574.0 (flags = 0x41)
0    ... 
574  -O                                                                        (1 = 100.0%) {0.0%}
729  ... 

Histogram: Crypto.TPMOperation.MessageSigningECDSA recorded 1 samples, mean = 1.0 (flags = 0x41)
0  O                                                                         (0 = 0.0%)
1  -O                                                                        (1 = 100.0%) {0.0%}
2  O                                                                         (0 = 0.0%) {100.0%}

Histogram: Crypto.TPMOperation.MessageVerifyECDSA recorded 1 samples, mean = 1.0 (flags = 0x41)
0  O                                                                         (0 = 0.0%)
1  -O                                                                        (1 = 100.0%) {0.0%}
2  O                                                                         (0 = 0.0%) {100.0%}

Histogram: Crypto.TPMOperation.NewKeyCreationECDSA recorded 1 samples, mean = 1.0 (flags = 0x41)
0  O                                                                         (0 = 0.0%)
1  -O                                                                        (1 = 100.0%) {0.0%}
2  O                                                                         (0 = 0.0%) {100.0%}

Histogram: Crypto.TPMOperation.Virtual.MessageSigningECDSA recorded 1 samples, mean = 1.0 (flags = 0x41)
0  O                                                                         (0 = 0.0%)
1  -O                                                                        (1 = 100.0%) {0.0%}
2  O                                                                         (0 = 0.0%) {100.0%}

Histogram: Crypto.TPMOperation.Virtual.MessageVerifyECDSA recorded 1 samples, mean = 1.0 (flags = 0x41)
0  O                                                                         (0 = 0.0%)
1  -O                                                                        (1 = 100.0%) {0.0%}
2  O                                                                         (0 = 0.0%) {100.0%}

Histogram: Crypto.TPMOperation.Virtual.NewKeyCreationECDSA recorded 1 samples, mean = 1.0 (flags = 0x41)
0  O                                                                         (0 = 0.0%)
1  -O                                                                        (1 = 100.0%) {0.0%}
2  O                                                                         (0 = 0.0%) {100.0%}

Histogram: Crypto.TPMOperation.Virtual.WrappedKeyCreationECDSA recorded 1 samples, mean = 1.0 (flags = 0x41)
0  O                                                                         (0 = 0.0%)
1  -O                                                                        (1 = 100.0%) {0.0%}
2  O                                                                         (0 = 0.0%) {100.0%}

Histogram: Crypto.TPMOperation.WrappedKeyCreationECDSA recorded 1 samples, mean = 1.0 (flags = 0x41)
0  O                                                                         (0 = 0.0%)
1  -O                                                                        (1 = 100.0%) {0.0%}
2  O                                                                         (0 = 0.0%) {100.0%}

Histogram: Crypto.TPMSupport2 recorded 1 samples, mean = 2.0 (flags = 0x41)
0  ... 
2  -O                                                                        (1 = 100.0%) {0.0%}
3  O                                                                         (0 = 0.0%) {100.0%}

Histogram: Crypto.TPMSupportType recorded 1 samples, mean = 3.0 (flags = 0x41)
0  ... 
3  -O                                                                        (1 = 100.0%) {0.0%}
4  O                                                                         (0 = 0.0%) {100.0%}

Histogram: Crypto.VirtualKeySupport recorded 1 samples, mean = 2.0 (flags = 0x41)
0  ... 
2  -O                                                                        (1 = 100.0%) {0.0%}
3  O                                                                         (0 = 0.0%) {100.0%}

Histogram: DOMStorage.CommitMeasuredDelay recorded 4 samples, mean = 3551.8 (flags = 0x41)
0     ... 
3     -O                                                                        (1 = 25.0%) {0.0%}
4     ... 
3681  -O                                                                        (1 = 25.0%) {25.0%}
4249  O                                                                         (0 = 0.0%) {50.0%}
4904  --O                                                                       (2 = 50.0%) {50.0%}
5660  ... 

Histogram: DOMStorage.CommitSizeBytes recorded 2 samples, mean = 360.5 (flags = 0x41)
0    ... 
293  -O                                                                        (1 = 50.0%) {0.0%}
330  O                                                                         (0 = 0.0%) {50.0%}
372  -O                                                                        (1 = 50.0%) {50.0%}
419  ... 

Histogram: DataUse.BytesReceived3.Delegate recorded 57 samples, mean = 23982.9 (flags = 0x41)
0       ... 
138     -O                                                                        (1 = 1.8%) {0.0%}
178     ... 
383     --O                                                                       (2 = 3.5%) {1.8%}
494     -----O                                                                    (5 = 8.8%) {5.3%}
637     -O                                                                        (1 = 1.8%) {14.0%}
821     -----O                                                                    (5 = 8.8%) {15.8%}
1059    ----O                                                                     (4 = 7.0%) {24.6%}
1366    ----O                                                                     (4 = 7.0%) {31.6%}
1761    O                                                                         (0 = 0.0%) {38.6%}
2271    -O                                                                        (1 = 1.8%) {38.6%}
2928    ------O                                                                   (6 = 10.5%) {40.4%}
3776    ---O                                                                      (3 = 5.3%) {50.9%}
4869    -O                                                                        (1 = 1.8%) {56.1%}
6279    -O                                                                        (1 = 1.8%) {57.9%}
8097    --O                                                                       (2 = 3.5%) {59.6%}
10441   --O                                                                       (2 = 3.5%) {63.2%}
13464   O                                                                         (0 = 0.0%) {66.7%}
17362   ---O                                                                      (3 = 5.3%) {66.7%}
22388   --O                                                                       (2 = 3.5%) {71.9%}
28869   --O                                                                       (2 = 3.5%) {75.4%}
37226   --O                                                                       (2 = 3.5%) {78.9%}
48002   --O                                                                       (2 = 3.5%) {82.5%}
61898   O                                                                         (0 = 0.0%) {86.0%}
79817   ---O                                                                      (3 = 5.3%) {86.0%}
102923  ---O                                                                      (3 = 5.3%) {91.2%}
132718  --O                                                                       (2 = 3.5%) {96.5%}
171138  ... 

Histogram: DataUse.BytesSent3.Delegate recorded 57 samples, mean = 512.1 (flags = 0x41)
0      ... 
37     -O                                                                        (1 = 1.8%) {0.0%}
49     -O                                                                        (1 = 1.8%) {1.8%}
65     --------------------O                                                     (20 = 35.1%) {3.5%}
86     -------------O                                                            (13 = 22.8%) {38.6%}
113    -O                                                                        (1 = 1.8%) {61.4%}
149    --O                                                                       (2 = 3.5%) {63.2%}
196    --O                                                                       (2 = 3.5%) {66.7%}
258    -----O                                                                    (5 = 8.8%) {70.2%}
340    --O                                                                       (2 = 3.5%) {78.9%}
448    ------O                                                                   (6 = 10.5%) {82.5%}
590    -O                                                                        (1 = 1.8%) {93.0%}
777    -O                                                                        (1 = 1.8%) {94.7%}
1023   O                                                                         (0 = 0.0%) {96.5%}
1347   -O                                                                        (1 = 1.8%) {96.5%}
1774   ... 
16063  -O                                                                        (1 = 1.8%) {98.2%}
21156  ... 

Histogram: DefaultBrowser.State recorded 1 samples, mean = 0.0 (flags = 0x41)
0  -O                                                                        (1 = 100.0%)
1  ... 

Histogram: DiskCache.0.Error recorded 2 samples, mean = 7.5 (flags = 0x41)
0   -O                                                                        (1 = 50.0%)
1   ... 
15  -O                                                                        (1 = 50.0%) {50.0%}
16  ... 

Histogram: DiskCache.0.TotalIOTimeRead recorded 1 samples, mean = 0.0 (flags = 0x41)
0  -O                                                                        (1 = 100.0%)
1  ... 

Histogram: DiskCache.0.TotalIOTimeWrite recorded 180 samples, mean = 0.1 (flags = 0x41)
0  ------------------------------------------------------------------------O (159 = 88.3%)
1  --------O                                                                 (18 = 10.0%) {88.3%}
2  -O                                                                        (3 = 1.7%) {98.3%}
3  ... 

Histogram: Download.Database.IsAvailable recorded 1 samples, mean = 1.0 (flags = 0x41)
0  O                                                                         (0 = 0.0%)
1  -O                                                                        (1 = 100.0%) {0.0%}
2  O                                                                         (0 = 0.0%) {100.0%}

Histogram: Download.Service.Db.Operation.Success recorded 1 samples, mean = 0.0 (flags = 0x41)
0  -O                                                                        (1 = 100.0%)
1  ... 

Histogram: Download.Service.Db.Records recorded 1 samples, mean = 0.0 (flags = 0x41)
0  -O                                                                        (1 = 100.0%)
1  ... 

Histogram: Download.Service.Db.Records.Active recorded 1 samples, mean = 0.0 (flags = 0x41)
0  -O                                                                        (1 = 100.0%)
1  ... 

Histogram: Download.Service.Db.Records.Available recorded 1 samples, mean = 0.0 (flags = 0x41)
0  -O                                                                        (1 = 100.0%)
1  ... 

Histogram: Download.Service.Db.Records.Complete recorded 1 samples, mean = 0.0 (flags = 0x41)
0  -O                                                                        (1 = 100.0%)
1  ... 

Histogram: Download.Service.Db.Records.New recorded 1 samples, mean = 0.0 (flags = 0x41)
0  -O                                                                        (1 = 100.0%)
1  ... 

Histogram: Download.Service.Db.Records.Paused recorded 1 samples, mean = 0.0 (flags = 0x41)
0  -O                                                                        (1 = 100.0%)
1  ... 

Histogram: Download.Service.Files.CleanUp.External recorded 3 samples, mean = 0.0 (flags = 0x41)
0  ---O                                                                      (3 = 100.0%)
1  ... 

Histogram: Download.Service.Files.CleanUp.External.Orphaned recorded 1 samples, mean = 0.0 (flags = 0x41)
0  -O                                                                        (1 = 100.0%)
1  ... 

Histogram: Download.Service.Files.CleanUp.External.Timeout recorded 1 samples, mean = 0.0 (flags = 0x41)
0  -O                                                                        (1 = 100.0%)
1  ... 

Histogram: Download.Service.Files.CleanUp.External.Unknown recorded 1 samples, mean = 0.0 (flags = 0x41)
0  -O                                                                        (1 = 100.0%)
1  ... 

Histogram: Download.Service.Files.CleanUp.Failure recorded 3 samples, mean = 0.0 (flags = 0x41)
0  ---O                                                                      (3 = 100.0%)
1  ... 

Histogram: Download.Service.Files.CleanUp.Failure.Orphaned recorded 1 samples, mean = 0.0 (flags = 0x41)
0  -O                                                                        (1 = 100.0%)
1  ... 

Histogram: Download.Service.Files.CleanUp.Failure.Timeout recorded 1 samples, mean = 0.0 (flags = 0x41)
0  -O                                                                        (1 = 100.0%)
1  ... 

Histogram: Download.Service.Files.CleanUp.Failure.Unknown recorded 1 samples, mean = 0.0 (flags = 0x41)
0  -O                                                                        (1 = 100.0%)
1  ... 

Histogram: Download.Service.Files.CleanUp.Success recorded 3 samples, mean = 0.0 (flags = 0x41)
0  ---O                                                                      (3 = 100.0%)
1  ... 

Histogram: Download.Service.Files.CleanUp.Success.Orphaned recorded 1 samples, mean = 0.0 (flags = 0x41)
0  -O                                                                        (1 = 100.0%)
1  ... 

Histogram: Download.Service.Files.CleanUp.Success.Timeout recorded 1 samples, mean = 0.0 (flags = 0x41)
0  -O                                                                        (1 = 100.0%)
1  ... 

Histogram: Download.Service.Files.CleanUp.Success.Unknown recorded 1 samples, mean = 0.0 (flags = 0x41)
0  -O                                                                        (1 = 100.0%)
1  ... 

Histogram: Download.Service.StartUpStatus.Initialization recorded 1 samples, mean = 0.0 (flags = 0x41)
0  -O                                                                        (1 = 100.0%)
1  ... 

Histogram: Enterprise.TimeToFirstPolicyLoad.Profile.Unmanaged recorded 1 samples, mean = 0.0 (flags = 0x41)
0  -O                                                                        (1 = 100.0%)
1  ... 

Histogram: EnterpriseCheck.AzureADJoinStatusCheckTime recorded 1 samples, mean = 13.0 (flags = 0x41)
0   ... 
12  -O                                                                        (1 = 100.0%) {0.0%}
14  ... 

Histogram: Event.GestureCreated recorded 3 samples, mean = 12.0 (flags = 0x41)
0   ... 
12  ---O                                                                      (3 = 100.0%) {0.0%}
13  ... 

Histogram: Extension.Toolbar.BrowserActionsCount2 recorded 1 samples, mean = 0.0 (flags = 0x41)
0  -O                                                                        (1 = 100.0%)
1  ... 

Histogram: ExtensionToolbarModel.BrowserActionsCount recorded 1 samples, mean = 0.0 (flags = 0x41)
0  -O                                                                        (1 = 100.0%)
1  ... 

Histogram: Extensions.AppLocation2 recorded 1 samples, mean = 5.0 (flags = 0x41)
0  ... 
5  -O                                                                        (1 = 100.0%) {0.0%}
6  ... 

Histogram: Extensions.CorruptExtensionTotalDisables recorded 1 samples, mean = 0.0 (flags = 0x41)
0  -O                                                                        (1 = 100.0%)
1  ... 

Histogram: Extensions.CorruptExtensionTotalDisables2 recorded 1 samples, mean = 0.0 (flags = 0x41)
0  -O                                                                        (1 = 100.0%)
1  ... 

Histogram: Extensions.Database.Open.Rules recorded 1 samples, mean = 0.0 (flags = 0x41)
0  -O                                                                        (1 = 100.0%)
1  ... 

Histogram: Extensions.Database.Open.Scripts recorded 1 samples, mean = 0.0 (flags = 0x41)
0  -O                                                                        (1 = 100.0%)
1  ... 

Histogram: Extensions.Database.Open.State recorded 1 samples, mean = 0.0 (flags = 0x41)
0  -O                                                                        (1 = 100.0%)
1  ... 

Histogram: Extensions.DeveloperModeEnabled recorded 2 samples, mean = 0.0 (flags = 0x41)
0  --O                                                                       (2 = 100.0%)
1  ... 

Histogram: Extensions.DidCreateScriptContext_Unspecified recorded 1 samples, mean = 2.0 (flags = 0x41)
0  ... 
2  -O                                                                        (1 = 100.0%) {0.0%}
3  ... 

Histogram: Extensions.DidCreateScriptContext_WebPage recorded 3 samples, mean = 0.0 (flags = 0x41)
0  ---O                                                                      (3 = 100.0%)
1  ... 

Histogram: Extensions.Disabled recorded 1 samples, mean = 0.0 (flags = 0x41)
0  -O                                                                        (1 = 100.0%)
1  ... 

Histogram: Extensions.Disabled2 recorded 1 samples, mean = 0.0 (flags = 0x41)
0  -O                                                                        (1 = 100.0%)
1  ... 

Histogram: Extensions.DisabledForPermissions recorded 1 samples, mean = 0.0 (flags = 0x41)
0  -O                                                                        (1 = 100.0%)
1  ... 

Histogram: Extensions.DisabledForPermissions2 recorded 1 samples, mean = 0.0 (flags = 0x41)
0  -O                                                                        (1 = 100.0%)
1  ... 

Histogram: Extensions.EventlessEventPages2 recorded 1 samples, mean = 0.0 (flags = 0x41)
0  -O                                                                        (1 = 100.0%)
1  ... 

Histogram: Extensions.ExtensionLocation recorded 1 samples, mean = 5.0 (flags = 0x41)
0  ... 
5  -O                                                                        (1 = 100.0%) {0.0%}
6  ... 

Histogram: Extensions.ExtensionLocation2 recorded 1 samples, mean = 5.0 (flags = 0x41)
0  ... 
5  -O                                                                        (1 = 100.0%) {0.0%}
6  ... 

Histogram: Extensions.ExtensionsWithPageActions recorded 1 samples, mean = 0.0 (flags = 0x41)
0  -O                                                                        (1 = 100.0%)
1  ... 

Histogram: Extensions.HomepageOverrides recorded 1 samples, mean = 0.0 (flags = 0x41)
0  -O                                                                        (1 = 100.0%)
1  ... 

Histogram: Extensions.HomepageOverrides2 recorded 1 samples, mean = 0.0 (flags = 0x41)
0  -O                                                                        (1 = 100.0%)
1  ... 

Histogram: Extensions.InjectEnd_ScriptCount recorded 3 samples, mean = 0.0 (flags = 0x41)
0  ---O                                                                      (3 = 100.0%)
1  ... 

Histogram: Extensions.InjectIdle_ScriptCount recorded 3 samples, mean = 0.0 (flags = 0x41)
0  ---O                                                                      (3 = 100.0%)
1  ... 

Histogram: Extensions.InjectStart_CssCount recorded 5 samples, mean = 0.0 (flags = 0x41)
0  -----O                                                                    (5 = 100.0%)
1  ... 

Histogram: Extensions.InjectStart_ScriptCount recorded 5 samples, mean = 0.0 (flags = 0x41)
0  -----O                                                                    (5 = 100.0%)
1  ... 

Histogram: Extensions.LoadAll recorded 1 samples, mean = 2.0 (flags = 0x41)
0  ... 
2  -O                                                                        (1 = 100.0%) {0.0%}
3  ... 

Histogram: Extensions.LoadAll2 recorded 1 samples, mean = 2.0 (flags = 0x41)
0  ... 
2  -O                                                                        (1 = 100.0%) {0.0%}
3  ... 

Histogram: Extensions.LoadAllComponentTime recorded 1 samples, mean = 3.0 (flags = 0x41)
0  ... 
3  -O                                                                        (1 = 100.0%) {0.0%}
4  ... 

Histogram: Extensions.LoadAllComponentTime.User recorded 1 samples, mean = 3.0 (flags = 0x41)
0  ... 
3  -O                                                                        (1 = 100.0%) {0.0%}
4  ... 

Histogram: Extensions.LoadAllTime2 recorded 1 samples, mean = 0.0 (flags = 0x41)
0  -O                                                                        (1 = 100.0%)
1  ... 

Histogram: Extensions.LoadAllTime2.User recorded 1 samples, mean = 0.0 (flags = 0x41)
0  -O                                                                        (1 = 100.0%)
1  ... 

Histogram: Extensions.LoadApp recorded 1 samples, mean = 0.0 (flags = 0x41)
0  -O                                                                        (1 = 100.0%)
1  ... 

Histogram: Extensions.LoadApp2 recorded 1 samples, mean = 0.0 (flags = 0x41)
0  -O                                                                        (1 = 100.0%)
1  ... 

Histogram: Extensions.LoadAppExternal recorded 1 samples, mean = 0.0 (flags = 0x41)
0  -O                                                                        (1 = 100.0%)
1  ... 

Histogram: Extensions.LoadAppExternal2 recorded 1 samples, mean = 0.0 (flags = 0x41)
0  -O                                                                        (1 = 100.0%)
1  ... 

Histogram: Extensions.LoadAppUser recorded 1 samples, mean = 0.0 (flags = 0x41)
0  -O                                                                        (1 = 100.0%)
1  ... 

Histogram: Extensions.LoadAppUser2 recorded 1 samples, mean = 0.0 (flags = 0x41)
0  -O                                                                        (1 = 100.0%)
1  ... 

Histogram: Extensions.LoadBrowserAction recorded 1 samples, mean = 0.0 (flags = 0x41)
0  -O                                                                        (1 = 100.0%)
1  ... 

Histogram: Extensions.LoadBrowserAction2 recorded 1 samples, mean = 0.0 (flags = 0x41)
0  -O                                                                        (1 = 100.0%)
1  ... 

Histogram: Extensions.LoadExtension recorded 1 samples, mean = 0.0 (flags = 0x41)
0  -O                                                                        (1 = 100.0%)
1  ... 

Histogram: Extensions.LoadExtension2 recorded 1 samples, mean = 0.0 (flags = 0x41)
0  -O                                                                        (1 = 100.0%)
1  ... 

Histogram: Extensions.LoadExtensionExternal recorded 1 samples, mean = 0.0 (flags = 0x41)
0  -O                                                                        (1 = 100.0%)
1  ... 

Histogram: Extensions.LoadExtensionExternal2 recorded 1 samples, mean = 0.0 (flags = 0x41)
0  -O                                                                        (1 = 100.0%)
1  ... 

Histogram: Extensions.LoadExtensionUser2 recorded 1 samples, mean = 0.0 (flags = 0x41)
0  -O                                                                        (1 = 100.0%)
1  ... 

Histogram: Extensions.LoadHostedApp recorded 1 samples, mean = 0.0 (flags = 0x41)
0  -O                                                                        (1 = 100.0%)
1  ... 

Histogram: Extensions.LoadHostedApp2 recorded 1 samples, mean = 0.0 (flags = 0x41)
0  -O                                                                        (1 = 100.0%)
1  ... 

Histogram: Extensions.LoadNoExtensionAction recorded 1 samples, mean = 0.0 (flags = 0x41)
0  -O                                                                        (1 = 100.0%)
1  ... 

Histogram: Extensions.LoadNoExtensionAction2 recorded 1 samples, mean = 0.0 (flags = 0x41)
0  -O                                                                        (1 = 100.0%)
1  ... 

Histogram: Extensions.LoadOffStoreItems recorded 1 samples, mean = 0.0 (flags = 0x41)
0  -O                                                                        (1 = 100.0%)
1  ... 

Histogram: Extensions.LoadOffStoreItems2 recorded 1 samples, mean = 0.0 (flags = 0x41)
0  -O                                                                        (1 = 100.0%)
1  ... 

Histogram: Extensions.LoadPackagedApp recorded 1 samples, mean = 0.0 (flags = 0x41)
0  -O                                                                        (1 = 100.0%)
1  ... 

Histogram: Extensions.LoadPackagedApp2 recorded 1 samples, mean = 0.0 (flags = 0x41)
0  -O                                                                        (1 = 100.0%)
1  ... 

Histogram: Extensions.LoadPlatformApp recorded 1 samples, mean = 0.0 (flags = 0x41)
0  -O                                                                        (1 = 100.0%)
1  ... 

Histogram: Extensions.LoadPlatformApp2 recorded 1 samples, mean = 0.0 (flags = 0x41)
0  -O                                                                        (1 = 100.0%)
1  ... 

Histogram: Extensions.LoadTheme recorded 1 samples, mean = 0.0 (flags = 0x41)
0  -O                                                                        (1 = 100.0%)
1  ... 

Histogram: Extensions.LoadTheme2 recorded 1 samples, mean = 0.0 (flags = 0x41)
0  -O                                                                        (1 = 100.0%)
1  ... 

Histogram: Extensions.LoadUserScript recorded 1 samples, mean = 0.0 (flags = 0x41)
0  -O                                                                        (1 = 100.0%)
1  ... 

Histogram: Extensions.LoadUserScript2 recorded 1 samples, mean = 0.0 (flags = 0x41)
0  -O                                                                        (1 = 100.0%)
1  ... 

Histogram: Extensions.Management_Refresh recorded 1 samples, mean = 0.0 (flags = 0x41)
0  -O                                                                        (1 = 100.0%)
1  ... 

Histogram: Extensions.ManifestVersion2Count.Component recorded 1 samples, mean = 1.0 (flags = 0x41)
0  O                                                                         (0 = 0.0%)
1  -O                                                                        (1 = 100.0%) {0.0%}
2  ... 

Histogram: Extensions.ManifestVersion2Count.External recorded 1 samples, mean = 0.0 (flags = 0x41)
0  -O                                                                        (1 = 100.0%)
1  ... 

Histogram: Extensions.ManifestVersion2Count.Internal recorded 1 samples, mean = 0.0 (flags = 0x41)
0  -O                                                                        (1 = 100.0%)
1  ... 

Histogram: Extensions.ManifestVersion2Count.Policy recorded 1 samples, mean = 0.0 (flags = 0x41)
0  -O                                                                        (1 = 100.0%)
1  ... 

Histogram: Extensions.ManifestVersion2Count.Unpacked recorded 1 samples, mean = 0.0 (flags = 0x41)
0  -O                                                                        (1 = 100.0%)
1  ... 

Histogram: Extensions.ManifestVersion3Count.Component recorded 1 samples, mean = 0.0 (flags = 0x41)
0  -O                                                                        (1 = 100.0%)
1  ... 

Histogram: Extensions.ManifestVersion3Count.External recorded 1 samples, mean = 0.0 (flags = 0x41)
0  -O                                                                        (1 = 100.0%)
1  ... 

Histogram: Extensions.ManifestVersion3Count.Internal recorded 1 samples, mean = 0.0 (flags = 0x41)
0  -O                                                                        (1 = 100.0%)
1  ... 

Histogram: Extensions.ManifestVersion3Count.Policy recorded 1 samples, mean = 0.0 (flags = 0x41)
0  -O                                                                        (1 = 100.0%)
1  ... 

Histogram: Extensions.ManifestVersion3Count.Unpacked recorded 1 samples, mean = 0.0 (flags = 0x41)
0  -O                                                                        (1 = 100.0%)
1  ... 

Histogram: Extensions.ManifestVersionByLocation.Component recorded 1 samples, mean = 2.0 (flags = 0x41)
0  ... 
2  -O                                                                        (1 = 100.0%) {0.0%}
3  ... 

Histogram: Extensions.ManifestVersionPopulationSplit.Component recorded 1 samples, mean = 1.0 (flags = 0x41)
0  O                                                                         (0 = 0.0%)
1  -O                                                                        (1 = 100.0%) {0.0%}
2  ... 

Histogram: Extensions.ManifestVersionPopulationSplit.External recorded 1 samples, mean = 0.0 (flags = 0x41)
0  -O                                                                        (1 = 100.0%)
1  ... 

Histogram: Extensions.ManifestVersionPopulationSplit.Internal recorded 1 samples, mean = 0.0 (flags = 0x41)
0  -O                                                                        (1 = 100.0%)
1  ... 

Histogram: Extensions.ManifestVersionPopulationSplit.InternalAndExternal recorded 1 samples, mean = 0.0 (flags = 0x41)
0  -O                                                                        (1 = 100.0%)
1  ... 

Histogram: Extensions.ManifestVersionPopulationSplit.Unpacked recorded 1 samples, mean = 0.0 (flags = 0x41)
0  -O                                                                        (1 = 100.0%)
1  ... 

Histogram: Extensions.NewTabPageOverrides recorded 1 samples, mean = 0.0 (flags = 0x41)
0  -O                                                                        (1 = 100.0%)
1  ... 

Histogram: Extensions.NewTabPageOverrides2 recorded 1 samples, mean = 0.0 (flags = 0x41)
0  -O                                                                        (1 = 100.0%)
1  ... 

Histogram: Extensions.NonWebStoreNewTabPageOverrides recorded 1 samples, mean = 0.0 (flags = 0x41)
0  -O                                                                        (1 = 100.0%)
1  ... 

Histogram: Extensions.NonWebStoreNewTabPageOverrides2 recorded 1 samples, mean = 0.0 (flags = 0x41)
0  -O                                                                        (1 = 100.0%)
1  ... 

Histogram: Extensions.NonWebstoreLocation recorded 2 samples, mean = 5.0 (flags = 0x41)
0  ... 
5  --O                                                                       (2 = 100.0%) {0.0%}
6  ... 

Histogram: Extensions.NonWebstoreLocation2 recorded 2 samples, mean = 5.0 (flags = 0x41)
0  ... 
5  --O                                                                       (2 = 100.0%) {0.0%}
6  ... 

Histogram: Extensions.NonWebstoreLocationWithDeveloperModeOff.Enabled3 recorded 2 samples, mean = 5.0 (flags = 0x41)
0  ... 
5  --O                                                                       (2 = 100.0%) {0.0%}
6  ... 

Histogram: Extensions.NotAllowlistedDisabled recorded 1 samples, mean = 0.0 (flags = 0x41)
0  -O                                                                        (1 = 100.0%)
1  ... 

Histogram: Extensions.NotAllowlistedDisabled2 recorded 1 samples, mean = 0.0 (flags = 0x41)
0  -O                                                                        (1 = 100.0%)
1  ... 

Histogram: Extensions.NotAllowlistedEnabled recorded 1 samples, mean = 0.0 (flags = 0x41)
0  -O                                                                        (1 = 100.0%)
1  ... 

Histogram: Extensions.NotAllowlistedEnabled2 recorded 1 samples, mean = 0.0 (flags = 0x41)
0  -O                                                                        (1 = 100.0%)
1  ... 

Histogram: Extensions.ProcessManagerStartupHostsTime2 recorded 1 samples, mean = 0.0 (flags = 0x41)
0  -O                                                                        (1 = 100.0%)
1  ... 

Histogram: Extensions.SearchEngineOverrides recorded 1 samples, mean = 0.0 (flags = 0x41)
0  -O                                                                        (1 = 100.0%)
1  ... 

Histogram: Extensions.SearchEngineOverrides2 recorded 1 samples, mean = 0.0 (flags = 0x41)
0  -O                                                                        (1 = 100.0%)
1  ... 

Histogram: Extensions.StartupPagesOverrides recorded 1 samples, mean = 0.0 (flags = 0x41)
0  -O                                                                        (1 = 100.0%)
1  ... 

Histogram: Extensions.StartupPagesOverrides2 recorded 1 samples, mean = 0.0 (flags = 0x41)
0  -O                                                                        (1 = 100.0%)
1  ... 

Histogram: Extensions.WebRequestBlockingCount recorded 1 samples, mean = 0.0 (flags = 0x41)
0  -O                                                                        (1 = 100.0%)
1  ... 

Histogram: Extensions.WebRequestBlockingCount2 recorded 1 samples, mean = 0.0 (flags = 0x41)
0  -O                                                                        (1 = 100.0%)
1  ... 

Histogram: Extensions.WebRequestCount recorded 1 samples, mean = 0.0 (flags = 0x41)
0  -O                                                                        (1 = 100.0%)
1  ... 

Histogram: Extensions.WebRequestCount2 recorded 1 samples, mean = 0.0 (flags = 0x41)
0  -O                                                                        (1 = 100.0%)
1  ... 

Histogram: FetchKeepAlive.Renderer.Total.ReceivedResponse recorded 1 samples, mean = 1.0 (flags = 0x41)
0  O                                                                         (0 = 0.0%)
1  -O                                                                        (1 = 100.0%) {0.0%}
2  O                                                                         (0 = 0.0%) {100.0%}

Histogram: FetchKeepAlive.Renderer.Total.Started recorded 1 samples, mean = 1.0 (flags = 0x41)
0  O                                                                         (0 = 0.0%)
1  -O                                                                        (1 = 100.0%) {0.0%}
2  O                                                                         (0 = 0.0%) {100.0%}

Histogram: FetchKeepAlive.Requests2.Network recorded 2 samples, mean = 0.5 (flags = 0x41)
0  -O                                                                        (1 = 50.0%)
1  -O                                                                        (1 = 50.0%) {50.0%}
2  O                                                                         (0 = 0.0%) {100.0%}

Histogram: FetchKeepAlive.Requests2.SentToService.Renderer recorded 1 samples, mean = 2.0 (flags = 0x41)
0  ... 
2  -O                                                                        (1 = 100.0%) {0.0%}
3  ... 

Histogram: FetchKeepAlive.Requests2.Started.IsContextDetached.Renderer recorded 1 samples, mean = 0.0 (flags = 0x41)
0  -O                                                                        (1 = 100.0%)
1  ... 

Histogram: FetchKeepAlive.Requests2.Started.Renderer recorded 1 samples, mean = 1.0 (flags = 0x41)
0  O                                                                         (0 = 0.0%)
1  -O                                                                        (1 = 100.0%) {0.0%}
2  ... 

Histogram: FetchKeepAlive.Requests2.Succeeded.IsContextDetached.Renderer recorded 1 samples, mean = 0.0 (flags = 0x41)
0  -O                                                                        (1 = 100.0%)
1  ... 

Histogram: FetchKeepAlive.Requests2.Succeeded.Renderer recorded 1 samples, mean = 1.0 (flags = 0x41)
0  O                                                                         (0 = 0.0%)
1  -O                                                                        (1 = 100.0%) {0.0%}
2  ... 

Histogram: FetchKeepAlive.Requests2.Total.Renderer recorded 1 samples, mean = 1.0 (flags = 0x41)
0  O                                                                         (0 = 0.0%)
1  -O                                                                        (1 = 100.0%) {0.0%}
2  ... 

Histogram: FirstPartySets.Database.InitStatus recorded 1 samples, mean = 1.0 (flags = 0x41)
0  O                                                                         (0 = 0.0%)
1  -O                                                                        (1 = 100.0%) {0.0%}
2  ... 

Histogram: FirstPartySets.Database.TransactionFailed recorded 7 samples, mean = 0.0 (flags = 0x41)
0  -------O                                                                  (7 = 100.0%)
1  ... 

Histogram: FirstPartySets.Initialization.ClearSiteDataOutcome recorded 1 samples, mean = 1.0 (flags = 0x41)
0  O                                                                         (0 = 0.0%)
1  -O                                                                        (1 = 100.0%) {0.0%}
2  O                                                                         (0 = 0.0%) {100.0%}

Histogram: FirstPartySets.Initialization.SitesToClear.Count recorded 1 samples, mean = 0.0 (flags = 0x41)
0  -O                                                                        (1 = 100.0%)
1  ... 

Histogram: FirstRun.Sentinel.Created recorded 1 samples, mean = 0.0 (flags = 0x41)
0  -O                                                                        (1 = 100.0%)
1  ... 

Histogram: GPU.ANGLE.D3DShaderBlobSizeKB recorded 4 samples, mean = 0.5 (flags = 0x41)
0  ----O                                                                     (4 = 100.0%)
1000... 

Histogram: GPU.ANGLE.D3DShaderCompilationTimeUs recorded 4 samples, mean = 10199.0 (flags = 0x41)
0      ... 
3077   -O                                                                        (1 = 25.0%) {0.0%}
4053   -O                                                                        (1 = 25.0%) {25.0%}
5338   ... 
12196  -O                                                                        (1 = 25.0%) {50.0%}
16063  -O                                                                        (1 = 25.0%) {75.0%}
21156  ... 

Histogram: GPU.BlocklistFeatureTestResults.Accelerated2dCanvas recorded 1 samples, mean = 0.0 (flags = 0x41)
0  -O                                                                        (1 = 100.0%)
1  ... 

Histogram: GPU.BlocklistFeatureTestResults.GpuCompositing recorded 1 samples, mean = 0.0 (flags = 0x41)
0  -O                                                                        (1 = 100.0%)
1  ... 

Histogram: GPU.BlocklistFeatureTestResults.GpuRasterization recorded 1 samples, mean = 0.0 (flags = 0x41)
0  -O                                                                        (1 = 100.0%)
1  ... 

Histogram: GPU.BlocklistFeatureTestResults.Webgl recorded 1 samples, mean = 0.0 (flags = 0x41)
0  -O                                                                        (1 = 100.0%)
1  ... 

Histogram: GPU.BlocklistFeatureTestResults.Webgl2 recorded 1 samples, mean = 0.0 (flags = 0x41)
0  -O                                                                        (1 = 100.0%)
1  ... 

Histogram: GPU.BlocklistFeatureTestResults.Webgpu recorded 1 samples, mean = 2.0 (flags = 0x41)
0  ... 
2  -O                                                                        (1 = 100.0%) {0.0%}
3  ... 

Histogram: GPU.BlocklistTestResultsPerEntry recorded 1 samples, mean = 0.0 (flags = 0x41)
0  -O                                                                        (1 = 100.0%)
1  ... 

Histogram: GPU.CanvasOopRaster.OopRasterAndGpuAcceleration recorded 1 samples, mean = 0.0 (flags = 0x41)
0  -O                                                                        (1 = 100.0%)
1  ... 

Histogram: GPU.D3D12FeatureLevel recorded 1 samples, mean = 2.0 (flags = 0x41)
0  ... 
2  -O                                                                        (1 = 100.0%) {0.0%}
3  ... 

Histogram: GPU.D3D12HighestShaderModel2 recorded 1 samples, mean = 9.0 (flags = 0x41)
0  ... 
9  -O                                                                        (1 = 100.0%) {0.0%}
10 O                                                                         (0 = 0.0%) {100.0%}

Histogram: GPU.DriverBugTestResultsPerEntry recorded 12 samples (flags = 0x41)
0    -O                                                                        (1 = 8.3%)
17   -O                                                                        (1 = 8.3%)
206  -O                                                                        (1 = 8.3%)
256  -O                                                                        (1 = 8.3%)
309  -O                                                                        (1 = 8.3%)
315  -O                                                                        (1 = 8.3%)
394  -O                                                                        (1 = 8.3%)
414  -O                                                                        (1 = 8.3%)
417  -O                                                                        (1 = 8.3%)
426  -O                                                                        (1 = 8.3%)
430  -O                                                                        (1 = 8.3%)
433  -O                                                                        (1 = 8.3%)

Histogram: GPU.EstablishGpuChannelSyncTime recorded 2 samples, mean = 856.5 (flags = 0x41)
0     ... 
48    -O                                                                        (1 = 50.0%) {0.0%}
57    ... 
1500  -O                                                                        (1 = 50.0%) {50.0%}
1782  ... 

Histogram: GPU.EstablishGpuChannelSyncTime.FirstRun recorded 2 samples, mean = 856.5 (flags = 0x41)
0     ... 
48    -O                                                                        (1 = 50.0%) {0.0%}
57    ... 
1500  -O                                                                        (1 = 50.0%) {50.0%}
1782  ... 

Histogram: GPU.GPUProcessLaunchTime recorded 2 samples, mean = 3871.5 (flags = 0x41)
0     ... 
57    -O                                                                        (1 = 50.0%) {0.0%}
68    ... 
7083  -O                                                                        (1 = 50.0%) {50.0%}
8416  ... 

Histogram: GPU.GPUProcessTerminationStatus2 recorded 1 samples, mean = 4.0 (flags = 0x41)
0  ... 
4  -O                                                                        (1 = 100.0%) {0.0%}
5  ... 

Histogram: GPU.HardwareAccelerationModeEnabled recorded 1 samples, mean = 1.0 (flags = 0x41)
0  O                                                                         (0 = 0.0%)
1  -O                                                                        (1 = 100.0%) {0.0%}
2  O                                                                         (0 = 0.0%) {100.0%}

Histogram: GPU.Output.HDR recorded 1 samples, mean = 0.0 (flags = 0x41)
0  -O                                                                        (1 = 100.0%)
1  ... 

Histogram: GPU.ProcessLifetimeEvents.HardwareAccelerated recorded 1 samples, mean = 0.0 (flags = 0x41)
0  -O                                                                        (1 = 100.0%)
1  ... 

Histogram: GPU.RasterDecoder.TimeToFlush recorded 3 samples, mean = 711.3 (flags = 0x41)
0     ... 
320   -O                                                                        (1 = 33.3%) {0.0%}
364   ... 
610   -O                                                                        (1 = 33.3%) {33.3%}
695   ... 
1026  -O                                                                        (1 = 33.3%) {66.7%}
1168  ... 

Histogram: GPU.SharedImage.BackingType recorded 5 samples, mean = 8.0 (flags = 0x41)
0   ... 
2   --O                                                                       (2 = 40.0%) {0.0%}
3   ... 
12  ---O                                                                      (3 = 60.0%) {40.0%}
13  ... 

Histogram: GPU.SharedImage.ContentConsumed recorded 15 samples, mean = 0.5 (flags = 0x41)
0  --------O                                                                 (8 = 53.3%)
1  -------O                                                                  (7 = 46.7%) {53.3%}
2  O                                                                         (0 = 0.0%) {100.0%}

Histogram: GPU.SkiaBackendType recorded 1 samples, mean = 2.0 (flags = 0x41)
0  ... 
2  -O                                                                        (1 = 100.0%) {0.0%}
3  ... 

Histogram: GPU.SupportsDX12 recorded 1 samples, mean = 1.0 (flags = 0x41)
0  O                                                                         (0 = 0.0%)
1  -O                                                                        (1 = 100.0%) {0.0%}
2  O                                                                         (0 = 0.0%) {100.0%}

Histogram: GPU.WatchdogThread.Event recorded 1 samples, mean = 0.0 (flags = 0x41)
0  -O                                                                        (1 = 100.0%)
1  ... 

Histogram: GPU.WatchdogThread.Event.main recorded 1 samples, mean = 0.0 (flags = 0x41)
0  -O                                                                        (1 = 100.0%)
1  ... 

Histogram: GPU.WatchdogThread.Timeout recorded 3 samples, mean = 0.0 (flags = 0x41)
0  ---O                                                                      (3 = 100.0%)
1  ... 

Histogram: GPU.WatchdogThread.Timeout.Normal recorded 3 samples, mean = 0.0 (flags = 0x41)
0  ---O                                                                      (3 = 100.0%)
1  ... 

Histogram: GPU.WatchdogThread.Timeout.Normal.main recorded 3 samples, mean = 0.0 (flags = 0x41)
0  ---O                                                                      (3 = 100.0%)
1  ... 

Histogram: GPU.WatchdogThread.Timeout.main recorded 3 samples, mean = 0.0 (flags = 0x41)
0  ---O                                                                      (3 = 100.0%)
1  ... 

Histogram: Gaia.AuthFetcher.ListAccounts.NetErrorCodes recorded 1 samples (flags = 0x41)
0  -O                                                                        (1 = 100.0%)

Histogram: Gpu.FenceHandle.CloneCountsPerSubmit recorded 6 samples, mean = 0.0 (flags = 0x41)
0  ------O                                                                   (6 = 100.0%)
1  ... 

Histogram: Gpu.GrCompileShaderUs recorded 4 samples, mean = 2843.5 (flags = 0x41)
0     ... 
448   -O                                                                        (1 = 25.0%) {0.0%}
590   O                                                                         (0 = 0.0%) {25.0%}
777   -O                                                                        (1 = 25.0%) {25.0%}
1023  -O                                                                        (1 = 25.0%) {50.0%}
1347  ... 
7031  -O                                                                        (1 = 25.0%) {75.0%}
9260  ... 

Histogram: Gpu.GrLinkProgramUs recorded 2 samples, mean = 12616.5 (flags = 0x41)
0      ... 
5338   -O                                                                        (1 = 50.0%) {0.0%}
7031   ... 
16063  -O                                                                        (1 = 50.0%) {50.0%}
21156  ... 

Histogram: Gpu.PassthroughProgramCacheLoadHitInCache recorded 2 samples, mean = 0.0 (flags = 0x41)
0  --O                                                                       (2 = 100.0%)
1  ... 

Histogram: Gpu.Rasterization.Raster.MSAASampleCountLog2 recorded 3 samples, mean = 0.0 (flags = 0x41)
0  ---O                                                                      (3 = 100.0%)
1  ... 

Histogram: HangWatcher.IsThreadHung.BrowserProcess.IOThread.Normal recorded 14 samples, mean = 0.0 (flags = 0x41)
0  --------------O                                                           (14 = 100.0%)
1  ... 

Histogram: HangWatcher.IsThreadHung.BrowserProcess.UIThread.Normal recorded 14 samples, mean = 0.0 (flags = 0x41)
0  --------------O                                                           (14 = 100.0%)
1  ... 

Histogram: HangWatcher.IsThreadHung.RendererProcess.IOThread recorded 13 samples, mean = 0.0 (flags = 0x41)
0  -------------O                                                            (13 = 100.0%)
1  ... 

Histogram: HangWatcher.IsThreadHung.RendererProcess.IOThread.BestEffort recorded 14 samples, mean = 0.0 (flags = 0x41)
0  --------------O                                                           (14 = 100.0%)
1  ... 

Histogram: HangWatcher.IsThreadHung.RendererProcess.MainThread recorded 13 samples, mean = 0.0 (flags = 0x41)
0  -------------O                                                            (13 = 100.0%)
1  ... 

Histogram: HangWatcher.IsThreadHung.RendererProcess.MainThread.BestEffort recorded 14 samples, mean = 0.0 (flags = 0x41)
0  --------------O                                                           (14 = 100.0%)
1  ... 

Histogram: HangWatcher.IsThreadHung.UtilityProcess.IOThread recorded 28 samples, mean = 0.0 (flags = 0x41)
0  ----------------------------O                                             (28 = 100.0%)
1  ... 

Histogram: HangWatcher.IsThreadHung.UtilityProcess.MainThread recorded 28 samples, mean = 0.0 (flags = 0x41)
0  ----------------------------O                                             (28 = 100.0%)
1  ... 

Histogram: HangWatcher.SleepDrift.BrowserProcess recorded 69 samples, mean = 7.0 (flags = 0x41)
0   --------------O                                                           (14 = 20.3%)
1   ----O                                                                     (4 = 5.8%) {20.3%}
2   -----O                                                                    (5 = 7.2%) {26.1%}
3   O                                                                         (0 = 0.0%) {33.3%}
4   ----O                                                                     (4 = 5.8%) {33.3%}
5   --O                                                                       (2 = 2.9%) {39.1%}
6   ---O                                                                      (3 = 4.3%) {42.0%}
7   ---O                                                                      (3 = 4.3%) {46.4%}
8   -------O                                                                  (7 = 10.1%) {50.7%}
10  ---------O                                                                (9 = 13.0%) {60.9%}
12  ----------O                                                               (10 = 14.5%) {73.9%}
14  ------O                                                                   (6 = 8.7%) {88.4%}
17  -O                                                                        (1 = 1.4%) {97.1%}
20  -O                                                                        (1 = 1.4%) {98.6%}
24  ... 

Histogram: Hardware.Display.Count.OnStartup recorded 1 samples, mean = 1.0 (flags = 0x41)
0  O                                                                         (0 = 0.0%)
1  -O                                                                        (1 = 100.0%) {0.0%}
2  ... 

Histogram: Hardware.Display.SupportsHDR recorded 2 samples, mean = 0.0 (flags = 0x41)
0  --O                                                                       (2 = 100.0%)
1  ... 

Histogram: HeapProfiling.InProcess.Enabled recorded 1 samples, mean = 0.0 (flags = 0x41)
0  -O                                                                        (1 = 100.0%)
1  ... 

Histogram: HeapProfiling.InProcess.Enabled.Browser recorded 1 samples, mean = 0.0 (flags = 0x41)
0  -O                                                                        (1 = 100.0%)
1  ... 

Histogram: Histogram.TooManyBuckets.1000 recorded 4 samples (flags = 0x41)
-2140283801 --O                                                                       (2 = 50.0%)
1721222685  --O                                                                       (2 = 50.0%)

Histogram: History.Backend.TransactionCommitSuccess recorded 3 samples, mean = 1.0 (flags = 0x41)
0  O                                                                         (0 = 0.0%)
1  ---O                                                                      (3 = 100.0%) {0.0%}
2  O                                                                         (0 = 0.0%) {100.0%}

Histogram: History.ClearBrowsingData.TaskQueueAtShutdown recorded 1 samples, mean = 0.0 (flags = 0x41)
0  -O                                                                        (1 = 100.0%)
1  ... 

Histogram: History.Clusters.ContextClusterer.VisitProcessingLatency.UrlVisited recorded 4 samples, mean = 0.0 (flags = 0x41)
0  ----O                                                                     (4 = 100.0%)
1  ... 

Histogram: History.Clusters.JourneysEligibleAndEnabledAtSessionStart recorded 1 samples, mean = 1.0 (flags = 0x41)
0  O                                                                         (0 = 0.0%)
1  -O                                                                        (1 = 100.0%) {0.0%}
2  O                                                                         (0 = 0.0%) {100.0%}

Histogram: History.Clusters.KeywordCache.LoadCachesFromPrefs.Latency recorded 1 samples, mean = 0.0 (flags = 0x41)
0  -O                                                                        (1 = 100.0%)
1  ... 

Histogram: History.DomainCount1Day_V2 recorded 7 samples, mean = 0.0 (flags = 0x41)
0  -------O                                                                  (7 = 100.0%)
1  ... 

Histogram: History.DomainCount1Day_V3 recorded 7 samples, mean = 0.0 (flags = 0x41)
0  -------O                                                                  (7 = 100.0%)
1  ... 

Histogram: History.DomainCount28Day_V2 recorded 7 samples, mean = 0.0 (flags = 0x41)
0  -------O                                                                  (7 = 100.0%)
1  ... 

Histogram: History.DomainCount28Day_V3 recorded 7 samples, mean = 0.0 (flags = 0x41)
0  -------O                                                                  (7 = 100.0%)
1  ... 

Histogram: History.DomainCount7Day_V2 recorded 7 samples, mean = 0.0 (flags = 0x41)
0  -------O                                                                  (7 = 100.0%)
1  ... 

Histogram: History.DomainCount7Day_V3 recorded 7 samples, mean = 0.0 (flags = 0x41)
0  -------O                                                                  (7 = 100.0%)
1  ... 

Histogram: History.InMemoryDBItemCount recorded 1 samples, mean = 0.0 (flags = 0x41)
0  -O                                                                        (1 = 100.0%)
1  ... 

Histogram: History.TopSites.QueryFromHistoryTime recorded 1 samples, mean = 331.0 (flags = 0x41)
0    ... 
318  -O                                                                        (1 = 100.0%) {0.0%}
378  ... 

Histogram: History.VisitedLinks.HashTableLengthOnReaderInit recorded 5 samples, mean = 16381.0 (flags = 0x41)
0      ... 
14319  -----O                                                                    (5 = 100.0%) {0.0%}
19866  ... 

Histogram: History.VisitedLinks.HashTableSizeOnTableCreate recorded 2 samples, mean = 0.0 (flags = 0x41)
0  --O                                                                       (2 = 100.0%)
1  ... 

Histogram: History.VisitedLinks.HashTableUsageOnLinkAdded recorded 4 samples, mean = 1.5 (flags = 0x41)
0  -O                                                                        (1 = 25.0%)
1  -O                                                                        (1 = 25.0%) {25.0%}
2  -O                                                                        (1 = 25.0%) {50.0%}
3  -O                                                                        (1 = 25.0%) {75.0%}
4  ... 

Histogram: History.VisitedLinks.TryToAddFingerprint recorded 6 samples, mean = 0.3 (flags = 0x41)
0  ----O                                                                     (4 = 66.7%)
1  --O                                                                       (2 = 33.3%) {66.7%}
2  ... 

Histogram: History.VisitedLinks.VisitLoggedFromMainFrame recorded 3 samples, mean = 1.0 (flags = 0x41)
0  O                                                                         (0 = 0.0%)
1  ---O                                                                      (3 = 100.0%) {0.0%}
2  O                                                                         (0 = 0.0%) {100.0%}

Histogram: History.VisitedLinks.VisitLoggedFromTransition recorded 3 samples, mean = 1.7 (flags = 0x41)
0  O                                                                         (0 = 0.0%)
1  -O                                                                        (1 = 33.3%) {0.0%}
2  --O                                                                       (2 = 66.7%) {33.3%}
3  ... 

Histogram: HttpCache.AccessToDone2 recorded 50 samples, mean = 117.6 (flags = 0x41)
0    ... 
22   -O                                                                        (1 = 2.0%) {0.0%}
24   ... 
28   --O                                                                       (2 = 4.0%) {2.0%}
31   ... 
37   --O                                                                       (2 = 4.0%) {6.0%}
41   ... 
49   --O                                                                       (2 = 4.0%) {10.0%}
54   --O                                                                       (2 = 4.0%) {14.0%}
59   -O                                                                        (1 = 2.0%) {18.0%}
65   -O                                                                        (1 = 2.0%) {20.0%}
71   ------O                                                                   (6 = 12.0%) {22.0%}
78   ----O                                                                     (4 = 8.0%) {34.0%}
85   ----O                                                                     (4 = 8.0%) {42.0%}
93   --O                                                                       (2 = 4.0%) {50.0%}
102  ----O                                                                     (4 = 8.0%) {54.0%}
112  -----O                                                                    (5 = 10.0%) {62.0%}
123  -O                                                                        (1 = 2.0%) {72.0%}
135  -O                                                                        (1 = 2.0%) {74.0%}
148  -O                                                                        (1 = 2.0%) {76.0%}
162  O                                                                         (0 = 0.0%) {78.0%}
177  -O                                                                        (1 = 2.0%) {78.0%}
194  -O                                                                        (1 = 2.0%) {80.0%}
212  -O                                                                        (1 = 2.0%) {82.0%}
232  ----O                                                                     (4 = 8.0%) {84.0%}
254  ----O                                                                     (4 = 8.0%) {92.0%}
278  ... 

Histogram: HttpCache.AccessToDone2.SentRequest recorded 50 samples, mean = 117.6 (flags = 0x41)
0    ... 
22   -O                                                                        (1 = 2.0%) {0.0%}
24   ... 
28   --O                                                                       (2 = 4.0%) {2.0%}
31   ... 
37   --O                                                                       (2 = 4.0%) {6.0%}
41   ... 
49   --O                                                                       (2 = 4.0%) {10.0%}
54   --O                                                                       (2 = 4.0%) {14.0%}
59   -O                                                                        (1 = 2.0%) {18.0%}
65   -O                                                                        (1 = 2.0%) {20.0%}
71   ------O                                                                   (6 = 12.0%) {22.0%}
78   ----O                                                                     (4 = 8.0%) {34.0%}
85   ----O                                                                     (4 = 8.0%) {42.0%}
93   --O                                                                       (2 = 4.0%) {50.0%}
102  ----O                                                                     (4 = 8.0%) {54.0%}
112  -----O                                                                    (5 = 10.0%) {62.0%}
123  -O                                                                        (1 = 2.0%) {72.0%}
135  -O                                                                        (1 = 2.0%) {74.0%}
148  -O                                                                        (1 = 2.0%) {76.0%}
162  O                                                                         (0 = 0.0%) {78.0%}
177  -O                                                                        (1 = 2.0%) {78.0%}
194  -O                                                                        (1 = 2.0%) {80.0%}
212  -O                                                                        (1 = 2.0%) {82.0%}
232  ----O                                                                     (4 = 8.0%) {84.0%}
254  ----O                                                                     (4 = 8.0%) {92.0%}
278  ... 

Histogram: HttpCache.AddTransactionToEntry recorded 50 samples, mean = 0.0 (flags = 0x41)
0  --------------------------------------------------O                       (50 = 100.0%)
1  ... 

Histogram: HttpCache.BeforeSend recorded 50 samples, mean = 0.5 (flags = 0x41)
0  ------------------------------------O                                     (36 = 72.0%)
1  -----O                                                                    (5 = 10.0%) {72.0%}
2  ---------O                                                                (9 = 18.0%) {82.0%}
3  ... 

Histogram: HttpCache.BeforeSend.CantConditionalize recorded 1 samples, mean = 0.0 (flags = 0x41)
0  -O                                                                        (1 = 100.0%)
1  ... 

Histogram: HttpCache.BeforeSend.NotCached recorded 49 samples, mean = 0.5 (flags = 0x41)
0  -----------------------------------O                                      (35 = 71.4%)
1  -----O                                                                    (5 = 10.2%) {71.4%}
2  ---------O                                                                (9 = 18.4%) {81.6%}
3  ... 

Histogram: HttpCache.CreateDiskEntry recorded 49 samples, mean = 0.5 (flags = 0x41)
0  -----------------------------------O                                      (35 = 71.4%)
1  -----O                                                                    (5 = 10.2%) {71.4%}
2  ---------O                                                                (9 = 18.4%) {81.6%}
3  ... 

Histogram: HttpCache.HardReset recorded 1 samples, mean = 0.0 (flags = 0x40)
0  -O                                                                        (1 = 100.0%)
1  ... 

Histogram: HttpCache.IsNoStore recorded 50 samples, mean = 0.1 (flags = 0x41)
0  ----------------------------------------------O                           (46 = 92.0%)
1  ----O                                                                     (4 = 8.0%) {92.0%}
2  O                                                                         (0 = 0.0%) {100.0%}

Histogram: HttpCache.IsNoStore.MainFrameHTML recorded 1 samples, mean = 1.0 (flags = 0x41)
0  O                                                                         (0 = 0.0%)
1  -O                                                                        (1 = 100.0%) {0.0%}
2  O                                                                         (0 = 0.0%) {100.0%}

Histogram: HttpCache.MaxFileSizeOnInit recorded 1 samples, mean = 40960.0 (flags = 0x41)
0      ... 
37526  -O                                                                        (1 = 100.0%) {0.0%}
42713  ... 

Histogram: HttpCache.OpenDiskEntry recorded 1 samples, mean = 0.0 (flags = 0x41)
0  -O                                                                        (1 = 100.0%)
1  ... 

Histogram: HttpCache.Pattern recorded 50 samples, mean = 2.1 (flags = 0x41)
0  ... 
2  -------------------------------------------------O                        (49 = 98.0%) {0.0%}
3  ... 
6  -O                                                                        (1 = 2.0%) {98.0%}
7  O                                                                         (0 = 0.0%) {100.0%}

Histogram: HttpCache.Pattern.CSS recorded 8 samples, mean = 2.0 (flags = 0x41)
0  ... 
2  --------O                                                                 (8 = 100.0%) {0.0%}
3  ... 

Histogram: HttpCache.Pattern.CSSThirdParty recorded 8 samples, mean = 2.0 (flags = 0x41)
0  ... 
2  --------O                                                                 (8 = 100.0%) {0.0%}
3  ... 

Histogram: HttpCache.Pattern.Font recorded 5 samples, mean = 2.0 (flags = 0x41)
0  ... 
2  -----O                                                                    (5 = 100.0%) {0.0%}
3  ... 

Histogram: HttpCache.Pattern.FontThirdParty recorded 5 samples, mean = 2.0 (flags = 0x41)
0  ... 
2  -----O                                                                    (5 = 100.0%) {0.0%}
3  ... 

Histogram: HttpCache.Pattern.Image recorded 1 samples, mean = 2.0 (flags = 0x41)
0  ... 
2  -O                                                                        (1 = 100.0%) {0.0%}
3  ... 

Histogram: HttpCache.Pattern.JavaScript recorded 26 samples, mean = 2.0 (flags = 0x41)
0  ... 
2  --------------------------O                                               (26 = 100.0%) {0.0%}
3  ... 

Histogram: HttpCache.Pattern.JavaScriptThirdParty recorded 25 samples, mean = 2.0 (flags = 0x41)
0  ... 
2  -------------------------O                                                (25 = 100.0%) {0.0%}
3  ... 

Histogram: HttpCache.Pattern.MainFrameHTML recorded 1 samples, mean = 2.0 (flags = 0x41)
0  ... 
2  -O                                                                        (1 = 100.0%) {0.0%}
3  ... 

Histogram: HttpCache.TotalDiskCacheTimePerTransaction.Read recorded 1 samples, mean = 0.0 (flags = 0x41)
0  -O                                                                        (1 = 100.0%)
1  ... 

Histogram: HttpCache.TotalDiskCacheTimePerTransaction.Write recorded 46 samples, mean = 1.0 (flags = 0x41)
0  --------------------O                                                     (20 = 43.5%)
1  -------------O                                                            (13 = 28.3%) {43.5%}
2  -------O                                                                  (7 = 15.2%) {71.7%}
3  ----O                                                                     (4 = 8.7%) {87.0%}
4  -O                                                                        (1 = 2.2%) {95.7%}
5  -O                                                                        (1 = 2.2%) {97.8%}
6  ... 

Histogram: ImageDecoder.Png.UiGfxIntoSkBitmap recorded 1 samples, mean = 154.0 (flags = 0x41)
0    ... 
149  -O                                                                        (1 = 100.0%) {0.0%}
196  ... 

Histogram: ImportantFile.FileReplaceRetryCount recorded 21 samples, mean = 0.0 (flags = 0x41)
0  ---------------------O                                                    (21 = 100.0%)
1  ... 

Histogram: ImportantFile.SerializationDuration recorded 2 samples, mean = 0.0 (flags = 0x41)
0  --O                                                                       (2 = 100.0%)
1  ... 

Histogram: ImportantFile.SerializationDuration.BrowsingTopicsState recorded 1 samples, mean = 0.0 (flags = 0x41)
0  -O                                                                        (1 = 100.0%)
1  ... 

Histogram: ImportantFile.SerializationDuration.Local_State recorded 5 samples, mean = 0.0 (flags = 0x41)
0  -----O                                                                    (5 = 100.0%)
1  ... 

Histogram: ImportantFile.SerializationDuration.Preferences recorded 6 samples, mean = 0.0 (flags = 0x41)
0  ------O                                                                   (6 = 100.0%)
1  ... 

Histogram: ImportantFile.SerializationDuration.Secure_Preferences recorded 1 samples, mean = 0.0 (flags = 0x41)
0  -O                                                                        (1 = 100.0%)
1  ... 

Histogram: ImportantFile.SerializationDuration.TransportSecurityPersister recorded 3 samples, mean = 0.0 (flags = 0x41)
0  ---O                                                                      (3 = 100.0%)
1  ... 

Histogram: ImportantFile.WriteDuration recorded 2 samples, mean = 14.0 (flags = 0x41)
0   ... 
2   -O                                                                        (1 = 50.0%) {0.0%}
3   ... 
24  -O                                                                        (1 = 50.0%) {50.0%}
29  ... 

Histogram: ImportantFile.WriteDuration.BrowsingTopicsState recorded 1 samples, mean = 2.0 (flags = 0x41)
0  ... 
2  -O                                                                        (1 = 100.0%) {0.0%}
3  ... 

Histogram: ImportantFile.WriteDuration.Local_State recorded 5 samples, mean = 11.6 (flags = 0x41)
0   O                                                                         (0 = 0.0%)
1   --O                                                                       (2 = 40.0%) {0.0%}
2   -O                                                                        (1 = 20.0%) {40.0%}
3   -O                                                                        (1 = 20.0%) {60.0%}
4   ... 
48  -O                                                                        (1 = 20.0%) {80.0%}
57  ... 

Histogram: ImportantFile.WriteDuration.Preferences recorded 6 samples, mean = 2.7 (flags = 0x41)
0  O                                                                         (0 = 0.0%)
1  -O                                                                        (1 = 16.7%) {0.0%}
2  -O                                                                        (1 = 16.7%) {16.7%}
3  ---O                                                                      (3 = 50.0%) {33.3%}
4  -O                                                                        (1 = 16.7%) {83.3%}
5  ... 

Histogram: ImportantFile.WriteDuration.SCTAuditing recorded 2 samples, mean = 60.0 (flags = 0x41)
0   ... 
34  -O                                                                        (1 = 50.0%) {0.0%}
40  ... 
81  -O                                                                        (1 = 50.0%) {50.0%}
96  ... 

Histogram: ImportantFile.WriteDuration.Secure_Preferences recorded 1 samples, mean = 1.0 (flags = 0x41)
0  O                                                                         (0 = 0.0%)
1  -O                                                                        (1 = 100.0%) {0.0%}
2  ... 

Histogram: ImportantFile.WriteDuration.TransportSecurityPersister recorded 3 samples, mean = 21.0 (flags = 0x41)
0   ... 
4   -O                                                                        (1 = 33.3%) {0.0%}
5   O                                                                         (0 = 0.0%) {33.3%}
6   -O                                                                        (1 = 33.3%) {33.3%}
7   ... 
48  -O                                                                        (1 = 33.3%) {66.7%}
57  ... 

Histogram: ImportantFile.WriteDuration.TrustedVault recorded 1 samples, mean = 1.0 (flags = 0x41)
0  O                                                                         (0 = 0.0%)
1  -O                                                                        (1 = 100.0%) {0.0%}
2  ... 

Histogram: InProductHelp.Config.ParsingEvent recorded 68 samples, mean = 6.4 (flags = 0x41)
0   -----------------------------O                                            (29 = 42.6%)
1   O                                                                         (0 = 0.0%) {42.6%}
2   ---------O                                                                (9 = 13.2%) {42.6%}
3   ... 
14  ------------------------------O                                           (30 = 44.1%) {55.9%}
15  ... 

Histogram: InProductHelp.Db.Init.AvailabilityStore recorded 1 samples, mean = 1.0 (flags = 0x41)
0  O                                                                         (0 = 0.0%)
1  -O                                                                        (1 = 100.0%) {0.0%}
2  O                                                                         (0 = 0.0%) {100.0%}

Histogram: InProductHelp.Db.Init.EventStore recorded 1 samples, mean = 1.0 (flags = 0x41)
0  O                                                                         (0 = 0.0%)
1  -O                                                                        (1 = 100.0%) {0.0%}
2  O                                                                         (0 = 0.0%) {100.0%}

Histogram: InProductHelp.Db.Load.AvailabilityStore recorded 1 samples, mean = 1.0 (flags = 0x41)
0  O                                                                         (0 = 0.0%)
1  -O                                                                        (1 = 100.0%) {0.0%}
2  O                                                                         (0 = 0.0%) {100.0%}

Histogram: InProductHelp.Db.Load.EventStore recorded 1 samples, mean = 1.0 (flags = 0x41)
0  O                                                                         (0 = 0.0%)
1  -O                                                                        (1 = 100.0%) {0.0%}
2  O                                                                         (0 = 0.0%) {100.0%}

Histogram: InProductHelp.Db.TotalEvents recorded 1 samples, mean = 0.0 (flags = 0x41)
0  -O                                                                        (1 = 100.0%)
1  ... 

Histogram: InProductHelp.Db.Update.AvailabilityStore recorded 1 samples, mean = 1.0 (flags = 0x41)
0  O                                                                         (0 = 0.0%)
1  -O                                                                        (1 = 100.0%) {0.0%}
2  O                                                                         (0 = 0.0%) {100.0%}

Histogram: IndexedDB.ContextShutdownDuration recorded 1 samples, mean = 0.0 (flags = 0x41)
0  -O                                                                        (1 = 100.0%)
1  ... 

Histogram: Input.Digitizer.MaxTouchPointsSupportedBySystemAtStartup recorded 1 samples, mean = 0.0 (flags = 0x41)
0  -O                                                                        (1 = 100.0%)
1  ... 

Histogram: Input.PointerTypePrimary recorded 1 samples, mean = 2.0 (flags = 0x41)
0  ... 
2  -O                                                                        (1 = 100.0%) {0.0%}
3  O                                                                         (0 = 0.0%) {100.0%}

Histogram: Input.PointerTypesAll recorded 1 samples, mean = 2.0 (flags = 0x41)
0  ... 
2  -O                                                                        (1 = 100.0%) {0.0%}
3  ... 

Histogram: LanguageDetection.TFLiteModel.WasModelRequestDeferred recorded 2 samples, mean = 1.0 (flags = 0x41)
0  O                                                                         (0 = 0.0%)
1  --O                                                                       (2 = 100.0%) {0.0%}
2  O                                                                         (0 = 0.0%) {100.0%}

Histogram: LanguageUsage.AcceptLanguage recorded 1 samples (flags = 0x41)
25966  -O                                                                        (1 = 100.0%)

Histogram: LanguageUsage.AcceptLanguage.Count recorded 1 samples, mean = 1.0 (flags = 0x41)
0  O                                                                         (0 = 0.0%)
1  -O                                                                        (1 = 100.0%) {0.0%}
2  ... 

Histogram: LanguageUsage.AcceptLanguageAndContentLanguageUsage recorded 1 samples, mean = 0.0 (flags = 0x41)
0  -O                                                                        (1 = 100.0%)
1  ... 

Histogram: LanguageUsage.AcceptLanguageAndXmlHtmlLangUsage recorded 1 samples, mean = 7.0 (flags = 0x41)
0  ... 
7  -O                                                                        (1 = 100.0%) {0.0%}
8  O                                                                         (0 = 0.0%) {100.0%}

Histogram: LevelDB.ApproximateMemTableMemoryUse.BudgetManager recorded 0 samples (flags = 0x41)
0 ... 

Histogram: LevelDB.ApproximateMemTableMemoryUse.CartDatabase recorded 0 samples (flags = 0x41)
0 ... 

Histogram: LevelDB.ApproximateMemTableMemoryUse.ClientCertificatesDatabase recorded 0 samples (flags = 0x41)
0 ... 

Histogram: LevelDB.ApproximateMemTableMemoryUse.CommerceParcelTrackingDatabase recorded 0 samples (flags = 0x41)
0 ... 

Histogram: LevelDB.ApproximateMemTableMemoryUse.CommerceSubscriptionDatabase recorded 0 samples (flags = 0x41)
0 ... 

Histogram: LevelDB.ApproximateMemTableMemoryUse.CouponDatabase recorded 0 samples (flags = 0x41)
0 ... 

Histogram: LevelDB.ApproximateMemTableMemoryUse.DiscountsDatabase recorded 0 samples (flags = 0x41)
0 ... 

Histogram: LevelDB.ApproximateMemTableMemoryUse.DownloadDB recorded 0 samples (flags = 0x41)
0 ... 

Histogram: LevelDB.ApproximateMemTableMemoryUse.DownloadService recorded 0 samples (flags = 0x41)
0 ... 

Histogram: LevelDB.ApproximateMemTableMemoryUse.FeatureEngagementTrackerAvailabilityStore recorded 0 samples (flags = 0x41)
0 ... 

Histogram: LevelDB.ApproximateMemTableMemoryUse.FeatureEngagementTrackerEventStore recorded 0 samples (flags = 0x41)
0 ... 

Histogram: LevelDB.ApproximateMemTableMemoryUse.Metadata recorded 1 samples, mean = 4104.0 (flags = 0x41)
0  O                                                                         (0 = 0.0%)
1  -O                                                                        (1 = 100.0%) {0.0%}
270601... 

Histogram: LevelDB.ApproximateMemTableMemoryUse.PersistentOriginTrials recorded 0 samples (flags = 0x41)
0 ... 

Histogram: LevelDB.ApproximateMemTableMemoryUse.PreviewsHintCacheStore recorded 0 samples (flags = 0x41)
0 ... 

Histogram: LevelDB.ApproximateMemTableMemoryUse.SegmentInfoDatabase recorded 0 samples (flags = 0x41)
0 ... 

Histogram: LevelDB.ApproximateMemTableMemoryUse.SharedProtoDB recorded 1 samples, mean = 4104.0 (flags = 0x41)
0  O                                                                         (0 = 0.0%)
1  -O                                                                        (1 = 100.0%) {0.0%}
270601... 

Histogram: LevelDB.ApproximateMemTableMemoryUse.SignalDatabase recorded 0 samples (flags = 0x41)
0 ... 

Histogram: LevelDB.ApproximateMemTableMemoryUse.SignalStorageConfigDatabase recorded 0 samples (flags = 0x41)
0 ... 

Histogram: LevelDB.ApproximateMemTableMemoryUse.StrikeService recorded 0 samples (flags = 0x41)
0 ... 

Histogram: LevelDBEnv.DeleteTableBackupFile recorded 0 samples (flags = 0x41)
0 ... 

Histogram: LevelDBEnv.SyncResult recorded 84 samples, mean = 0.0 (flags = 0x41)
0  ------------------------------------------------------------------------O (84 = 100.0%)
1  ... 

Histogram: LevelDBWrapper.CommitDelay recorded 2 samples, mean = 5000.0 (flags = 0x41)
0     ... 
4516  --O                                                                       (2 = 100.0%) {0.0%}
6118  ... 

Histogram: LoadingPredictor.PreconnectCount recorded 1 samples, mean = 1.0 (flags = 0x41)
0  O                                                                         (0 = 0.0%)
1  -O                                                                        (1 = 100.0%) {0.0%}
2  ... 

Histogram: LoadingPredictor.PreconnectHitsPercentage recorded 1 samples, mean = 100.0 (flags = 0x41)
0    ... 
100  -O                                                                        (1 = 100.0%) {0.0%}
101  O                                                                         (0 = 0.0%) {100.0%}

Histogram: LoadingPredictor.PredictorDatabaseFileSize recorded 1 samples, mean = 44.0 (flags = 0x41)
0   ... 
37  -O                                                                        (1 = 100.0%) {0.0%}
49  ... 

Histogram: LoadingPredictor.PreresolveCount recorded 1 samples, mean = 1.0 (flags = 0x41)
0  O                                                                         (0 = 0.0%)
1  -O                                                                        (1 = 100.0%) {0.0%}
2  ... 

Histogram: LoadingPredictor.PreresolveHitsPercentage recorded 1 samples, mean = 100.0 (flags = 0x41)
0    ... 
100  -O                                                                        (1 = 100.0%) {0.0%}
101  O                                                                         (0 = 0.0%) {100.0%}

Histogram: LocalStorage.MojoSizeInKB recorded 1 samples, mean = 0.0 (flags = 0x41)
0  -O                                                                        (1 = 100.0%)
1  ... 

Histogram: LocalStorage.MojoTimeToPrime recorded 1 samples, mean = 0.0 (flags = 0x41)
0  -O                                                                        (1 = 100.0%)
1  ... 

Histogram: LocalStorage.MojoTimeToPrimeForUnder100KB recorded 1 samples, mean = 0.0 (flags = 0x41)
0  -O                                                                        (1 = 100.0%)
1  ... 

Histogram: LocalStorage.RendererAreaCacheHit recorded 2 samples, mean = 1.0 (flags = 0x41)
0  -O                                                                        (1 = 50.0%)
1  O                                                                         (0 = 0.0%) {50.0%}
2  -O                                                                        (1 = 50.0%) {50.0%}
3  O                                                                         (0 = 0.0%) {100.0%}

Histogram: LocalStorageContext.ShutDown.MaybeDroppedChanges recorded 1 samples, mean = 0.0 (flags = 0x40)
0  -O                                                                        (1 = 100.0%)
1  ... 

Histogram: MPArch.ChildProcessLaunchFirst recorded 1 samples, mean = 60.0 (flags = 0x41)
0   ... 
57  -O                                                                        (1 = 100.0%) {0.0%}
68  ... 

Histogram: MPArch.ChildProcessLaunchSubsequent recorded 10 samples, mean = 5.5 (flags = 0x41)
0   ... 
3   ---O                                                                      (3 = 30.0%) {0.0%}
4   -O                                                                        (1 = 10.0%) {30.0%}
5   --O                                                                       (2 = 20.0%) {40.0%}
6   --O                                                                       (2 = 20.0%) {60.0%}
7   ... 
10  --O                                                                       (2 = 20.0%) {80.0%}
12  ... 

Histogram: ManagedUsers.BlockedIframeCount recorded 1 samples, mean = 0.0 (flags = 0x41)
0  -O                                                                        (1 = 100.0%)
1  ... 

Histogram: Manifest.HasProperty.description recorded 1 samples, mean = 0.0 (flags = 0x41)
0  -O                                                                        (1 = 100.0%)
1  ... 

Histogram: Manifest.HasProperty.display recorded 1 samples, mean = 1.0 (flags = 0x41)
0  O                                                                         (0 = 0.0%)
1  -O                                                                        (1 = 100.0%) {0.0%}
2  O                                                                         (0 = 0.0%) {100.0%}

Histogram: Manifest.HasProperty.gcm_sender_id recorded 1 samples, mean = 0.0 (flags = 0x41)
0  -O                                                                        (1 = 100.0%)
1  ... 

Histogram: Manifest.HasProperty.icons recorded 1 samples, mean = 1.0 (flags = 0x41)
0  O                                                                         (0 = 0.0%)
1  -O                                                                        (1 = 100.0%) {0.0%}
2  O                                                                         (0 = 0.0%) {100.0%}

Histogram: Manifest.HasProperty.name recorded 1 samples, mean = 1.0 (flags = 0x41)
0  O                                                                         (0 = 0.0%)
1  -O                                                                        (1 = 100.0%) {0.0%}
2  O                                                                         (0 = 0.0%) {100.0%}

Histogram: Manifest.HasProperty.orientation recorded 1 samples, mean = 0.0 (flags = 0x41)
0  -O                                                                        (1 = 100.0%)
1  ... 

Histogram: Manifest.HasProperty.protocol_handlers recorded 1 samples, mean = 0.0 (flags = 0x41)
0  -O                                                                        (1 = 100.0%)
1  ... 

Histogram: Manifest.HasProperty.screenshots recorded 1 samples, mean = 0.0 (flags = 0x41)
0  -O                                                                        (1 = 100.0%)
1  ... 

Histogram: Manifest.HasProperty.share_target recorded 1 samples, mean = 0.0 (flags = 0x41)
0  -O                                                                        (1 = 100.0%)
1  ... 

Histogram: Manifest.HasProperty.short_name recorded 1 samples, mean = 1.0 (flags = 0x41)
0  O                                                                         (0 = 0.0%)
1  -O                                                                        (1 = 100.0%) {0.0%}
2  O                                                                         (0 = 0.0%) {100.0%}

Histogram: Manifest.HasProperty.start_url recorded 1 samples, mean = 1.0 (flags = 0x41)
0  O                                                                         (0 = 0.0%)
1  -O                                                                        (1 = 100.0%) {0.0%}
2  O                                                                         (0 = 0.0%) {100.0%}

Histogram: Manifest.ParseIdResult recorded 1 samples, mean = 1.0 (flags = 0x41)
0  O                                                                         (0 = 0.0%)
1  -O                                                                        (1 = 100.0%) {0.0%}
2  ... 

Histogram: Media.GPU.VideoDecoderType recorded 1 samples, mean = 11.0 (flags = 0x41)
0   ... 
11  -O                                                                        (1 = 100.0%) {0.0%}
12  ... 

Histogram: Media.MediaHistory.DatabaseExists recorded 1 samples, mean = 0.0 (flags = 0x41)
0  -O                                                                        (1 = 100.0%)
1  ... 

Histogram: MediaRouter.Cast.Channel.ConnectResult recorded 2 samples, mean = 0.5 (flags = 0x41)
0  -O                                                                        (1 = 50.0%)
1  -O                                                                        (1 = 50.0%) {50.0%}
2  O                                                                         (0 = 0.0%) {100.0%}

Histogram: MediaRouter.Cast.Channel.Error recorded 8 samples, mean = 1.4 (flags = 0x41)
0  -O                                                                        (1 = 12.5%)
1  ---O                                                                      (3 = 37.5%) {12.5%}
2  ----O                                                                     (4 = 50.0%) {50.0%}
3  ... 

Histogram: MediaRouter.Cast.DeviceNameLength recorded 1 samples, mean = 6.0 (flags = 0x41)
0  ... 
6  -O                                                                        (1 = 100.0%) {0.0%}
7  ... 

Histogram: MediaRouter.Cast.Discovery.ConnectedDevicesCount recorded 1 samples, mean = 0.0 (flags = 0x41)
0  -O                                                                        (1 = 100.0%)
1  ... 

Histogram: MediaRouter.Cast.Discovery.KnownDevicesCount recorded 1 samples, mean = 0.0 (flags = 0x41)
0  -O                                                                        (1 = 100.0%)
1  ... 

Histogram: MediaRouter.Cast.Discovery.SinkSource recorded 2 samples, mean = 2.5 (flags = 0x41)
0  O                                                                         (0 = 0.0%)
1  -O                                                                        (1 = 50.0%) {0.0%}
2  ... 
4  -O                                                                        (1 = 50.0%) {50.0%}
5  ... 

Histogram: MediaRouter.Cast.Mdns.Channel.Open_Failure recorded 7 samples, mean = 2560.6 (flags = 0x41)
0     ... 
29    -O                                                                        (1 = 14.3%) {0.0%}
34    -O                                                                        (1 = 14.3%) {14.3%}
40    ... 
1782  -O                                                                        (1 = 14.3%) {28.6%}
2117  -O                                                                        (1 = 14.3%) {42.9%}
2516  -O                                                                        (1 = 14.3%) {57.1%}
2990  ... 
5017  --O                                                                       (2 = 28.6%) {71.4%}
5961  ... 

Histogram: MediaRouter.Cast.Mdns.Channel.Open_Success recorded 1 samples, mean = 2796.0 (flags = 0x41)
0     ... 
2516  -O                                                                        (1 = 100.0%) {0.0%}
2990  ... 

Histogram: MediaRouter.Dial.AvailableDevicesCount recorded 1 samples, mean = 0.0 (flags = 0x41)
0  -O                                                                        (1 = 100.0%)
1  ... 

Histogram: MediaRouter.Dial.DeviceDescriptionParsingResult recorded 3 samples, mean = 0.0 (flags = 0x41)
0  ---O                                                                      (3 = 100.0%)
1  ... 

Histogram: MediaRouter.Dial.KnownDevicesCount recorded 1 samples, mean = 0.0 (flags = 0x41)
0  -O                                                                        (1 = 100.0%)
1  ... 

Histogram: Memory.Discardable.FreelistSize.Foreground recorded 1 samples, mean = 4092.0 (flags = 0x41)
0     ... 
4053  -O                                                                        (1 = 100.0%) {0.0%}
5338  ... 

Histogram: Memory.Discardable.Size.Foreground recorded 1 samples, mean = 4.0 (flags = 0x41)
0  ... 
4  -O                                                                        (1 = 100.0%) {0.0%}
5  ... 

Histogram: Memory.Discardable.VirtualSize.Foreground recorded 1 samples, mean = 4096.0 (flags = 0x41)
0     ... 
4053  -O                                                                        (1 = 100.0%) {0.0%}
5338  ... 

Histogram: Memory.DiscardableAllocationSize recorded 1 samples, mean = 4.0 (flags = 0x41)
0  ... 
4  -O                                                                        (1 = 100.0%) {0.0%}
5  ... 

Histogram: Memory.Experimental.AvailableMemoryMB recorded 1 samples, mean = 2704.0 (flags = 0x41)
0     ... 
2687  -O                                                                        (1 = 100.0%) {0.0%}
2967  ... 

Histogram: Memory.Experimental.AvailableMemoryPercent recorded 1 samples, mean = 16.0 (flags = 0x41)
0   ... 
16  -O                                                                        (1 = 100.0%) {0.0%}
17  ... 

Histogram: Memory.Experimental.Renderer.HighestPrivateMemoryFootprint.0to2min recorded 1 samples, mean = 110.0 (flags = 0x41)
0    ... 
107  -O                                                                        (1 = 100.0%) {0.0%}
120  ... 

Histogram: Memory.GPU.PeakMemoryAllocationSource2.PageLoad.SharedContextState recorded 1 samples, mean = 0.0 (flags = 0x41)
0  -O                                                                        (1 = 100.0%)
1  ... 

Histogram: Memory.GPU.PeakMemoryAllocationSource2.PageLoad.Skia recorded 1 samples, mean = 0.0 (flags = 0x41)
0  -O                                                                        (1 = 100.0%)
1  ... 

Histogram: Memory.GPU.PeakMemoryUsage2.PageLoad recorded 1 samples, mean = 0.0 (flags = 0x41)
0  -O                                                                        (1 = 100.0%)
1  ... 

Histogram: Memory.ParkableString.Compression.Latency recorded 18 samples, mean = 8690.4 (flags = 0x41)
0      -O                                                                        (1 = 5.6%)
500    ... 
737    -O                                                                        (1 = 5.6%) {5.6%}
796    ... 
929    -O                                                                        (1 = 5.6%) {11.1%}
1004   ... 
1599   -O                                                                        (1 = 5.6%) {16.7%}
1728   O                                                                         (0 = 0.0%) {22.2%}
1867   -O                                                                        (1 = 5.6%) {22.2%}
2018   -O                                                                        (1 = 5.6%) {27.8%}
2181   ... 
2752   -O                                                                        (1 = 5.6%) {33.3%}
2974   O                                                                         (0 = 0.0%) {38.9%}
3214   --O                                                                       (2 = 11.1%) {38.9%}
3473   ... 
4056   -O                                                                        (1 = 5.6%) {50.0%}
4383   -O                                                                        (1 = 5.6%) {55.6%}
4737   ... 
7544   -O                                                                        (1 = 5.6%) {61.1%}
8152   -O                                                                        (1 = 5.6%) {66.7%}
8810   ... 
17709  --O                                                                       (2 = 11.1%) {72.2%}
19137  -O                                                                        (1 = 5.6%) {83.3%}
20681  O                                                                         (0 = 0.0%) {88.9%}
22349  -O                                                                        (1 = 5.6%) {88.9%}
24152  ... 
32938  -O                                                                        (1 = 5.6%) {94.4%}
35595  ... 

Histogram: Memory.ParkableString.Compression.SizeKb recorded 18 samples, mean = 242.3 (flags = 0x41)
0    ... 
12   -O                                                                        (1 = 5.6%) {0.0%}
14   ... 
26   -O                                                                        (1 = 5.6%) {5.6%}
29   --O                                                                       (2 = 11.1%) {11.1%}
33   O                                                                         (0 = 0.0%) {22.2%}
37   -O                                                                        (1 = 5.6%) {22.2%}
42   ... 
75   -O                                                                        (1 = 5.6%) {27.8%}
84   -O                                                                        (1 = 5.6%) {33.3%}
95   O                                                                         (0 = 0.0%) {38.9%}
107  -O                                                                        (1 = 5.6%) {38.9%}
120  O                                                                         (0 = 0.0%) {44.4%}
135  -O                                                                        (1 = 5.6%) {44.4%}
152  O                                                                         (0 = 0.0%) {50.0%}
171  ---O                                                                      (3 = 16.7%) {50.0%}
192  -O                                                                        (1 = 5.6%) {66.7%}
216  ... 
273  -O                                                                        (1 = 5.6%) {72.2%}
307  ... 
554  -O                                                                        (1 = 5.6%) {77.8%}
623  O                                                                         (0 = 0.0%) {83.3%}
701  ---O                                                                      (3 = 16.7%) {83.3%}
789  ... 

Histogram: Memory.ParkableString.Decompression.Latency recorded 3 samples, mean = 893.7 (flags = 0x41)
0     ... 
584   -O                                                                        (1 = 33.3%) {0.0%}
631   ... 
929   -O                                                                        (1 = 33.3%) {33.3%}
1004  O                                                                         (0 = 0.0%) {66.7%}
1085  -O                                                                        (1 = 33.3%) {66.7%}
1173  ... 

Histogram: Memory.ParkableString.Decompression.ThroughputMBps recorded 3 samples, mean = 107.0 (flags = 0x41)
0    ... 
47   -O                                                                        (1 = 33.3%) {0.0%}
53   ... 
120  -O                                                                        (1 = 33.3%) {33.3%}
135  -O                                                                        (1 = 33.3%) {66.7%}
152  ... 

Histogram: Memory.ParkableString.Read.Latency recorded 3 samples, mean = 258.7 (flags = 0x41)
0  ---O                                                                      (3 = 100.0%)
500... 

Histogram: Memory.PartitionAlloc.MemoryReclaim recorded 89 samples, mean = 552.6 (flags = 0x41)
0     ... 
86    ---O                                                                      (3 = 3.4%) {0.0%}
113   ------------------O                                                       (18 = 20.2%) {3.4%}
149   -------------O                                                            (13 = 14.6%) {23.6%}
196   ------O                                                                   (6 = 6.7%) {38.2%}
258   --O                                                                       (2 = 2.2%) {44.9%}
340   -O                                                                        (1 = 1.1%) {47.2%}
448   -----------O                                                              (11 = 12.4%) {48.3%}
590   -----------O                                                              (11 = 12.4%) {60.7%}
777   ----------------O                                                         (16 = 18.0%) {73.0%}
1023  O                                                                         (0 = 0.0%) {91.0%}
1347  ----O                                                                     (4 = 4.5%) {91.0%}
1774  ----O                                                                     (4 = 4.5%) {95.5%}
2336  ... 

Histogram: Memory.PartitionAlloc.PartitionRoot.ExtrasSize recorded 1 samples, mean = 4.0 (flags = 0x41)
0  ... 
4  -O                                                                        (1 = 100.0%) {0.0%}
5  ... 

Histogram: Memory.PartitionAlloc.PeriodicPurge recorded 58 samples, mean = 81.3 (flags = 0x41)
0     ... 
12    ---------O                                                                (9 = 15.5%) {0.0%}
16    --------O                                                                 (8 = 13.8%) {15.5%}
21    ----O                                                                     (4 = 6.9%) {29.3%}
28    -------------O                                                            (13 = 22.4%) {36.2%}
37    ----------O                                                               (10 = 17.2%) {58.6%}
49    -----O                                                                    (5 = 8.6%) {75.9%}
65    -O                                                                        (1 = 1.7%) {84.5%}
86    --O                                                                       (2 = 3.4%) {86.2%}
113   -O                                                                        (1 = 1.7%) {89.7%}
149   -O                                                                        (1 = 1.7%) {91.4%}
196   --O                                                                       (2 = 3.4%) {93.1%}
258   -O                                                                        (1 = 1.7%) {96.6%}
340   ... 
1774  -O                                                                        (1 = 1.7%) {98.3%}
2336  ... 

Histogram: Memory.PressureLevel2 recorded 146 samples, mean = 0.1 (flags = 0x41)
0  ------------------------------------------------------------------------O (126 = 86.3%)
1  -----------O                                                              (20 = 13.7%) {86.3%}
2  ... 

Histogram: Memory.PressureWindowDuration.ModerateToNone recorded 3 samples, mean = 6799.3 (flags = 0x41)
0     ... 
4951  --O                                                                       (2 = 66.7%) {0.0%}
5657  ... 
9640  -O                                                                        (1 = 33.3%) {66.7%}
11014 ... 

Histogram: Mojo.Channel.WriteReceiveMessageProcessType recorded 5 samples, mean = 0.8 (flags = 0x41)
0  ---O                                                                      (3 = 60.0%)
1  O                                                                         (0 = 0.0%) {60.0%}
2  --O                                                                       (2 = 40.0%) {60.0%}
3  ... 

Histogram: NQE.ContentObserver.NetworkQualityMeaningfullyChanged recorded 6 samples, mean = 0.8 (flags = 0x40)
0  -O                                                                        (1 = 16.7%)
1  -----O                                                                    (5 = 83.3%) {16.7%}
2  O                                                                         (0 = 0.0%) {100.0%}

Histogram: NQE.RTT.Error.Absolute recorded 71 samples, mean = 27.9 (flags = 0x41)
0   ---O                                                                      (3 = 4.2%)
1   -------O                                                                  (7 = 9.9%) {4.2%}
2   O                                                                         (0 = 0.0%) {14.1%}
3   -O                                                                        (1 = 1.4%) {14.1%}
4   --O                                                                       (2 = 2.8%) {15.5%}
5   -O                                                                        (1 = 1.4%) {18.3%}
6   -O                                                                        (1 = 1.4%) {19.7%}
7   --O                                                                       (2 = 2.8%) {21.1%}
8   --O                                                                       (2 = 2.8%) {23.9%}
10  --O                                                                       (2 = 2.8%) {26.8%}
12  --O                                                                       (2 = 2.8%) {29.6%}
14  -------O                                                                  (7 = 9.9%) {32.4%}
17  ----O                                                                     (4 = 5.6%) {42.3%}
20  ----O                                                                     (4 = 5.6%) {47.9%}
24  ------O                                                                   (6 = 8.5%) {53.5%}
29  ---O                                                                      (3 = 4.2%) {62.0%}
34  ---O                                                                      (3 = 4.2%) {66.2%}
40  ------O                                                                   (6 = 8.5%) {70.4%}
48  --O                                                                       (2 = 2.8%) {78.9%}
57  ----------O                                                               (10 = 14.1%) {81.7%}
68  O                                                                         (0 = 0.0%) {95.8%}
81  ---O                                                                      (3 = 4.2%) {95.8%}
96  ... 

Histogram: NQE.RTT.Error.IsZero recorded 71 samples, mean = 0.0 (flags = 0x41)
0  -----------------------------------------------------------------------O  (71 = 100.0%)
1  ... 

Histogram: NQE.RTT.Error.Negative recorded 19 samples, mean = 23.1 (flags = 0x41)
0   ---O                                                                      (3 = 15.8%)
1   --O                                                                       (2 = 10.5%) {15.8%}
2   O                                                                         (0 = 0.0%) {26.3%}
3   -O                                                                        (1 = 5.3%) {26.3%}
4   ... 
6   -O                                                                        (1 = 5.3%) {31.6%}
7   -O                                                                        (1 = 5.3%) {36.8%}
8   ... 
12  -O                                                                        (1 = 5.3%) {42.1%}
14  --O                                                                       (2 = 10.5%) {47.4%}
17  O                                                                         (0 = 0.0%) {57.9%}
20  --O                                                                       (2 = 10.5%) {57.9%}
24  ---O                                                                      (3 = 15.8%) {68.4%}
29  ... 
81  ---O                                                                      (3 = 15.8%) {84.2%}
96  ... 

Histogram: NQE.RTT.Error.Positive recorded 52 samples, mean = 29.7 (flags = 0x41)
0   O                                                                         (0 = 0.0%)
1   -----O                                                                    (5 = 9.6%) {0.0%}
2   ... 
4   --O                                                                       (2 = 3.8%) {9.6%}
5   -O                                                                        (1 = 1.9%) {13.5%}
6   O                                                                         (0 = 0.0%) {15.4%}
7   -O                                                                        (1 = 1.9%) {15.4%}
8   --O                                                                       (2 = 3.8%) {17.3%}
10  --O                                                                       (2 = 3.8%) {21.2%}
12  -O                                                                        (1 = 1.9%) {25.0%}
14  -----O                                                                    (5 = 9.6%) {26.9%}
17  ----O                                                                     (4 = 7.7%) {36.5%}
20  --O                                                                       (2 = 3.8%) {44.2%}
24  ---O                                                                      (3 = 5.8%) {48.1%}
29  ---O                                                                      (3 = 5.8%) {53.8%}
34  ---O                                                                      (3 = 5.8%) {59.6%}
40  ------O                                                                   (6 = 11.5%) {65.4%}
48  --O                                                                       (2 = 3.8%) {76.9%}
57  ----------O                                                               (10 = 19.2%) {80.8%}
68  ... 

Histogram: NQE.RTT.HittingThreshold.EndToEnd.FallbackSuccess recorded 19 samples, mean = 0.0 (flags = 0x41)
0  -------------------O                                                      (19 = 100.0%)
1  ... 

Histogram: NQE.RTT.HittingThreshold.Transport.FallbackSuccess recorded 1 samples, mean = 0.0 (flags = 0x41)
0  -O                                                                        (1 = 100.0%)
1  ... 

Histogram: NQE.RTT.ObservationSource recorded 77 samples, mean = 0.4 (flags = 0x41)
0  -----------------------------------------------------------------------O  (71 = 92.2%)
1  ... 
3  --O                                                                       (2 = 2.6%) {92.2%}
4  -O                                                                        (1 = 1.3%) {94.8%}
5  O                                                                         (0 = 0.0%) {96.1%}
6  --O                                                                       (2 = 2.6%) {96.1%}
7  -O                                                                        (1 = 1.3%) {98.7%}
8  ... 

Histogram: NQE.RTT.OnECTComputation recorded 19 samples, mean = 63.6 (flags = 0x41)
0    ... 
24   ------O                                                                   (6 = 31.6%) {0.0%}
29   -O                                                                        (1 = 5.3%) {31.6%}
34   --O                                                                       (2 = 10.5%) {36.8%}
40   ---O                                                                      (3 = 15.8%) {47.4%}
48   ... 
114  -------O                                                                  (7 = 36.8%) {63.2%}
135  ... 

Histogram: NQE.RenderThreadNotified recorded 13 samples, mean = 1.0 (flags = 0x40)
0  O                                                                         (0 = 0.0%)
1  -------------O                                                            (13 = 100.0%) {0.0%}
2  O                                                                         (0 = 0.0%) {100.0%}

Histogram: NQE.TransportRTT.OnECTComputation recorded 18 samples, mean = 66.0 (flags = 0x41)
0   ... 
57  ------------------O                                                       (18 = 100.0%) {0.0%}
68  ... 

Histogram: Navigation.BeginNavigationImpl.MainFrame recorded 2 samples, mean = 0.0 (flags = 0x41)
0  --O                                                                       (2 = 100.0%)
1  ... 

Histogram: Navigation.BrowserInitiatedSessionHistoryCount recorded 1 samples, mean = 0.0 (flags = 0x41)
0  -O                                                                        (1 = 100.0%)
1  ... 

Histogram: Navigation.CommitRenderFrame recorded 1 samples, mean = 26.0 (flags = 0x41)
0   ... 
24  -O                                                                        (1 = 100.0%) {0.0%}
29  ... 

Histogram: Navigation.CommitToCompositorCreation recorded 1 samples, mean = 92.0 (flags = 0x41)
0   ... 
78  -O                                                                        (1 = 100.0%) {0.0%}
101 ... 

Histogram: Navigation.CompositorRequestedBeforeCommit2 recorded 1 samples, mean = 0.0 (flags = 0x41)
0  -O                                                                        (1 = 100.0%)
1  ... 

Histogram: Navigation.CompositorRequestedBeforeSwapRFH2 recorded 1 samples, mean = 0.0 (flags = 0x41)
0  -O                                                                        (1 = 100.0%)
1  ... 

Histogram: Navigation.CreateSpeculativeRFH recorded 1 samples, mean = 7.0 (flags = 0x41)
0  ... 
7  -O                                                                        (1 = 100.0%) {0.0%}
8  ... 

Histogram: Navigation.DidCommitSameDocumentNavigation.Duration recorded 1 samples, mean = 1.0 (flags = 0x41)
0  O                                                                         (0 = 0.0%)
1  -O                                                                        (1 = 100.0%) {0.0%}
2  ... 

Histogram: Navigation.DidStartLoading.MainFrame recorded 4 samples, mean = 0.0 (flags = 0x41)
0  ----O                                                                     (4 = 100.0%)
1  ... 

Histogram: Navigation.DidStartLoading.Subframe recorded 2 samples, mean = 0.0 (flags = 0x41)
0  --O                                                                       (2 = 100.0%)
1  ... 

Histogram: Navigation.EarlyRenderFrameHostSwapType recorded 6 samples, mean = 0.0 (flags = 0x41)
0  ------O                                                                   (6 = 100.0%)
1  ... 

Histogram: Navigation.EngagementTime.HTTPS recorded 1 samples, mean = 141241.0 (flags = 0x41)
0       ... 
132874  -O                                                                        (1 = 100.0%) {0.0%}
153369  ... 

Histogram: Navigation.GetFrameHostForNavigation recorded 4 samples, mean = 5.0 (flags = 0x41)
0   --O                                                                       (2 = 50.0%)
1   ... 
7   -O                                                                        (1 = 25.0%) {50.0%}
8   ... 
12  -O                                                                        (1 = 25.0%) {75.0%}
14  ... 

Histogram: Navigation.GetFrameHostForNavigationTime.InDidCreateNavigationRequest.IsHTTPOrHTTPS recorded 3 samples, mean = 4755.7 (flags = 0x41)
0      ... 
203    --O                                                                       (2 = 66.7%) {0.0%}
282    ... 
10321  -O                                                                        (1 = 33.3%) {66.7%}
14319  ... 

Histogram: Navigation.IsGuest recorded 1 samples, mean = 0.0 (flags = 0x41)
0  -O                                                                        (1 = 100.0%)
1  ... 

Histogram: Navigation.IsLockedProcess recorded 1 samples, mean = 1.0 (flags = 0x41)
0  O                                                                         (0 = 0.0%)
1  -O                                                                        (1 = 100.0%) {0.0%}
2  O                                                                         (0 = 0.0%) {100.0%}

Histogram: Navigation.IsLockedProcess.HTTPOrHTTPS recorded 1 samples, mean = 1.0 (flags = 0x41)
0  O                                                                         (0 = 0.0%)
1  -O                                                                        (1 = 100.0%) {0.0%}
2  O                                                                         (0 = 0.0%) {100.0%}

Histogram: Navigation.IsProcessBackgrounded.OnCommit recorded 1 samples, mean = 0.0 (flags = 0x41)
0  -O                                                                        (1 = 100.0%)
1  ... 

Histogram: Navigation.IsProcessBackgrounded.OnDOMContentLoaded recorded 1 samples, mean = 0.0 (flags = 0x41)
0  -O                                                                        (1 = 100.0%)
1  ... 

Histogram: Navigation.IsSameBrowsingInstance recorded 1 samples, mean = 0.0 (flags = 0x41)
0  -O                                                                        (1 = 100.0%)
1  ... 

Histogram: Navigation.IsSameSiteInstance recorded 1 samples, mean = 0.0 (flags = 0x41)
0  -O                                                                        (1 = 100.0%)
1  ... 

Histogram: Navigation.IsSameSiteInstance.MainFrame recorded 1 samples, mean = 0.0 (flags = 0x41)
0  -O                                                                        (1 = 100.0%)
1  ... 

Histogram: Navigation.LoaderCreateToRequestStart.MainFrame recorded 1 samples, mean = 6.0 (flags = 0x41)
0  ... 
6  -O                                                                        (1 = 100.0%) {0.0%}
7  ... 

Histogram: Navigation.MainFrame.FrameCount recorded 1 samples, mean = 2.0 (flags = 0x41)
0  ... 
2  -O                                                                        (1 = 100.0%) {0.0%}
3  ... 

Histogram: Navigation.MainFrame.MaxFrameCount recorded 3 samples, mean = 2.0 (flags = 0x41)
0  O                                                                         (0 = 0.0%)
1  -O                                                                        (1 = 33.3%) {0.0%}
2  -O                                                                        (1 = 33.3%) {33.3%}
3  -O                                                                        (1 = 33.3%) {66.7%}
4  ... 

Histogram: Navigation.MainFrame.NewNavigation.IgnoreRestore.IsHTTPOrHTTPS.BeginNavigationToLoaderStart.Time2 recorded 1 samples, mean = 14.0 (flags = 0x41)
0   ... 
14  -O                                                                        (1 = 100.0%) {0.0%}
17  ... 

Histogram: Navigation.MainFrame.NewNavigation.IgnoreRestore.IsHTTPOrHTTPS.FetchStart.Time2 recorded 1 samples, mean = 2.0 (flags = 0x41)
0  ... 
2  -O                                                                        (1 = 100.0%) {0.0%}
3  ... 

Histogram: Navigation.MainFrame.NewNavigation.IgnoreRestore.IsHTTPOrHTTPS.LoaderStartToFetchStart.Time2 recorded 1 samples, mean = 3496.0 (flags = 0x41)
0     ... 
2990  -O                                                                        (1 = 100.0%) {0.0%}
3553  ... 

Histogram: Navigation.MainFrame.NewNavigation.IgnoreRestore.IsHTTPOrHTTPS.LoaderStartToReceiveResponse.Time2 recorded 1 samples, mean = 3959.0 (flags = 0x41)
0     ... 
3553  -O                                                                        (1 = 100.0%) {0.0%}
4222  ... 

Histogram: Navigation.MainFrame.NewNavigation.IgnoreRestore.IsHTTPOrHTTPS.NavigationStartToBeginNavigation.Time2 recorded 1 samples, mean = 5857.0 (flags = 0x41)
0     ... 
5017  -O                                                                        (1 = 100.0%) {0.0%}
5961  ... 

Histogram: Navigation.MainFrame.NewNavigation.IgnoreRestore.IsHTTPOrHTTPS.ReceiveHeaders.Time2 recorded 1 samples, mean = 432.0 (flags = 0x41)
0    ... 
378  -O                                                                        (1 = 100.0%) {0.0%}
449  ... 

Histogram: Navigation.MainFrame.NewNavigation.IgnoreRestore.IsHTTPOrHTTPS.ReceiveHeadersToReceiveResponse.Time2 recorded 1 samples, mean = 27.0 (flags = 0x41)
0   ... 
24  -O                                                                        (1 = 100.0%) {0.0%}
29  ... 

Histogram: Navigation.MainFrame.NewNavigation.IgnoreRestore.IsHTTPOrHTTPS.ReceiveResponseToCommitNavigation.Time2 recorded 1 samples, mean = 16.0 (flags = 0x41)
0   ... 
14  -O                                                                        (1 = 100.0%) {0.0%}
17  ... 

Histogram: Navigation.MainFrame.RendererInitiated.InitiatorFramePresentAtStart recorded 1 samples, mean = 0.0 (flags = 0x41)
0  -O                                                                        (1 = 100.0%)
1  ... 

Histogram: Navigation.MainFrame.SiteEngagementLevel recorded 1 samples, mean = 0.0 (flags = 0x41)
0  -O                                                                        (1 = 100.0%)
1  ... 

Histogram: Navigation.MainFrame.ThirdPartyCookieBlockingEnabled recorded 2 samples, mean = 0.0 (flags = 0x41)
0  --O                                                                       (2 = 100.0%)
1  ... 

Histogram: Navigation.MainFrameHasRTLDomain2 recorded 2 samples, mean = 0.0 (flags = 0x41)
0  --O                                                                       (2 = 100.0%)
1  ... 

Histogram: Navigation.MainFrameHasRTLDomainDifferentPage2 recorded 1 samples, mean = 0.0 (flags = 0x41)
0  -O                                                                        (1 = 100.0%)
1  ... 

Histogram: Navigation.MainFrameProfileType2 recorded 2 samples, mean = 0.0 (flags = 0x41)
0  --O                                                                       (2 = 100.0%)
1  ... 

Histogram: Navigation.MainFrameScheme2 recorded 2 samples, mean = 2.0 (flags = 0x41)
0  ... 
2  --O                                                                       (2 = 100.0%) {0.0%}
3  ... 

Histogram: Navigation.MainFrameSchemeDifferentPage2 recorded 1 samples, mean = 2.0 (flags = 0x41)
0  ... 
2  -O                                                                        (1 = 100.0%) {0.0%}
3  ... 

Histogram: Navigation.OnBeforeUnloadOverheadTime recorded 2 samples, mean = 2933.5 (flags = 0x41)
0     ... 
10    -O                                                                        (1 = 50.0%) {0.0%}
12    ... 
5017  -O                                                                        (1 = 50.0%) {50.0%}
5961  ... 

Histogram: Navigation.OnBeforeUnloadTotalTime recorded 2 samples, mean = 0.0 (flags = 0x41)
0  --O                                                                       (2 = 100.0%)
1  ... 

Histogram: Navigation.OriginAgentCluster.Result recorded 1 samples, mean = 9.0 (flags = 0x41)
0  ... 
9  -O                                                                        (1 = 100.0%) {0.0%}
10 O                                                                         (0 = 0.0%) {100.0%}

Histogram: Navigation.PendingCommit.DidBlockGetFrameHostForNavigation.Regular recorded 1 samples, mean = 0.0 (flags = 0x41)
0  -O                                                                        (1 = 100.0%)
1  ... 

Histogram: Navigation.PendingCommit.Duration.Regular recorded 1 samples, mean = 39.0 (flags = 0x41)
0   ... 
34  -O                                                                        (1 = 100.0%) {0.0%}
40  ... 

Histogram: Navigation.Preconnect.PreresolveJobQueueLength recorded 16 samples, mean = 0.5 (flags = 0x41)
0  --------O                                                                 (8 = 50.0%)
1  --------O                                                                 (8 = 50.0%) {50.0%}
2  ... 

Histogram: Navigation.Preconnect.PreresolveJobQueueingTime recorded 8 samples, mean = 0.0 (flags = 0x41)
0  --------O                                                                 (8 = 100.0%)
1  ... 

Histogram: Navigation.Preconnect.ProxyLookupCallbackQueueingTime recorded 8 samples, mean = 480.4 (flags = 0x41)
0     --O                                                                       (2 = 25.0%)
1     O                                                                         (0 = 0.0%) {25.0%}
2     -O                                                                        (1 = 12.5%) {25.0%}
3     ... 
12    -O                                                                        (1 = 12.5%) {37.5%}
14    ... 
57    -O                                                                        (1 = 12.5%) {50.0%}
68    ... 
633   -O                                                                        (1 = 12.5%) {62.5%}
752   ... 
1500  --O                                                                       (2 = 25.0%) {75.0%}
1782  ... 

Histogram: Navigation.Preconnect.ProxyLookupLatency recorded 8 samples, mean = 1501.6 (flags = 0x41)
0     -O                                                                        (1 = 12.5%)
1     -O                                                                        (1 = 12.5%) {12.5%}
2     O                                                                         (0 = 0.0%) {25.0%}
3     -O                                                                        (1 = 12.5%) {25.0%}
4     ... 
12    -O                                                                        (1 = 12.5%) {37.5%}
14    ... 
57    -O                                                                        (1 = 12.5%) {50.0%}
68    ... 
633   -O                                                                        (1 = 12.5%) {62.5%}
752   ... 
2516  -O                                                                        (1 = 12.5%) {75.0%}
2990  ... 
8416  -O                                                                        (1 = 12.5%) {87.5%}
10000 O                                                                         (0 = 0.0%) {100.0%}

Histogram: Navigation.Preconnect.ResolveHostCallbackQueueingTime recorded 8 samples, mean = 203.8 (flags = 0x41)
0    -O                                                                        (1 = 12.5%)
1    ... 
7    --O                                                                       (2 = 25.0%) {12.5%}
8    ... 
34   -O                                                                        (1 = 12.5%) {37.5%}
40   -O                                                                        (1 = 12.5%) {50.0%}
48   ... 
96   -O                                                                        (1 = 12.5%) {62.5%}
114  ... 
633  --O                                                                       (2 = 25.0%) {75.0%}
752  ... 

Histogram: Navigation.Preconnect.ResolveHostLatency recorded 8 samples, mean = 242.6 (flags = 0x41)
0    O                                                                         (0 = 0.0%)
1    -O                                                                        (1 = 12.5%) {0.0%}
2    ... 
24   -O                                                                        (1 = 12.5%) {12.5%}
29   ... 
40   -O                                                                        (1 = 12.5%) {25.0%}
48   O                                                                         (0 = 0.0%) {37.5%}
57   -O                                                                        (1 = 12.5%) {37.5%}
68   ... 
135  -O                                                                        (1 = 12.5%) {50.0%}
160  O                                                                         (0 = 0.0%) {62.5%}
190  -O                                                                        (1 = 12.5%) {62.5%}
226  ... 
633  --O                                                                       (2 = 25.0%) {75.0%}
752  ... 

Histogram: Navigation.ProcessNavigationThrottlesTime.WillStartRequest.MainFrame recorded 2 samples, mean = 7.0 (flags = 0x41)
0   ... 
2   -O                                                                        (1 = 50.0%) {0.0%}
3   ... 
12  -O                                                                        (1 = 50.0%) {50.0%}
14  ... 

Histogram: Navigation.QueueTime.OnReceiveRedirect.MainFrame recorded 1 samples, mean = 39.0 (flags = 0x41)
0   ... 
34  -O                                                                        (1 = 100.0%) {0.0%}
40  ... 

Histogram: Navigation.QueueTime.OnReceiveResponse.MainFrame recorded 1 samples, mean = 24.0 (flags = 0x41)
0   ... 
24  -O                                                                        (1 = 100.0%) {0.0%}
29  ... 

Histogram: Navigation.ReadyToCommitUntilCommit2 recorded 1 samples, mean = 39.0 (flags = 0x41)
0   ... 
32  -O                                                                        (1 = 100.0%) {0.0%}
41  ... 

Histogram: Navigation.ReadyToCommitUntilCommit2.ForegroundProcessPriority recorded 1 samples, mean = 39.0 (flags = 0x41)
0   ... 
32  -O                                                                        (1 = 100.0%) {0.0%}
41  ... 

Histogram: Navigation.ReadyToCommitUntilCommit2.NewNavigation recorded 1 samples, mean = 39.0 (flags = 0x41)
0   ... 
32  -O                                                                        (1 = 100.0%) {0.0%}
41  ... 

Histogram: Navigation.RegisterNavigationThrottlesTime.MainFrame recorded 2 samples, mean = 0.0 (flags = 0x41)
0  --O                                                                       (2 = 100.0%)
1  ... 

Histogram: Navigation.RenderFrameDelete recorded 1 samples, mean = 2.0 (flags = 0x41)
0  ... 
2  -O                                                                        (1 = 100.0%) {0.0%}
3  ... 

Histogram: Navigation.RenderFrameHostConstructor recorded 4 samples, mean = 0.0 (flags = 0x41)
0  ----O                                                                     (4 = 100.0%)
1  ... 

Histogram: Navigation.RenderFrameHostDestructor recorded 4 samples, mean = 1.8 (flags = 0x41)
0  -O                                                                        (1 = 25.0%)
1  O                                                                         (0 = 0.0%) {25.0%}
2  --O                                                                       (2 = 50.0%) {25.0%}
3  -O                                                                        (1 = 25.0%) {75.0%}
4  ... 

Histogram: Navigation.RenderViewHostConstructor recorded 2 samples, mean = 0.0 (flags = 0x41)
0  --O                                                                       (2 = 100.0%)
1  ... 

Histogram: Navigation.RenderViewHostDestructor recorded 2 samples, mean = 1.0 (flags = 0x41)
0  O                                                                         (0 = 0.0%)
1  --O                                                                       (2 = 100.0%) {0.0%}
2  ... 

Histogram: Navigation.RenderWidgetHostConstructor recorded 2 samples, mean = 0.0 (flags = 0x41)
0  --O                                                                       (2 = 100.0%)
1  ... 

Histogram: Navigation.RenderWidgetHostDestructor recorded 2 samples, mean = 0.0 (flags = 0x41)
0  --O                                                                       (2 = 100.0%)
1  ... 

Histogram: Navigation.RendererCommitDelay.MainFrame recorded 1 samples, mean = 10.0 (flags = 0x41)
0   ... 
10  -O                                                                        (1 = 100.0%) {0.0%}
12  ... 

Histogram: Navigation.RendererCommitQueueTime.MainFrame recorded 1 samples, mean = 2.0 (flags = 0x41)
0  ... 
2  -O                                                                        (1 = 100.0%) {0.0%}
3  ... 

Histogram: Navigation.RendererDidNavigateTime.MainFrame recorded 1 samples, mean = 0.0 (flags = 0x41)
0  -O                                                                        (1 = 100.0%)
1  ... 

Histogram: Navigation.RendererDidNavigateTime.Subframe recorded 2 samples, mean = 0.0 (flags = 0x41)
0  --O                                                                       (2 = 100.0%)
1  ... 

Histogram: Navigation.RequiresDedicatedProcess recorded 1 samples, mean = 1.0 (flags = 0x41)
0  O                                                                         (0 = 0.0%)
1  -O                                                                        (1 = 100.0%) {0.0%}
2  O                                                                         (0 = 0.0%) {100.0%}

Histogram: Navigation.RequiresDedicatedProcess.HTTPOrHTTPS recorded 1 samples, mean = 1.0 (flags = 0x41)
0  O                                                                         (0 = 0.0%)
1  -O                                                                        (1 = 100.0%) {0.0%}
2  O                                                                         (0 = 0.0%) {100.0%}

Histogram: Navigation.SameDocumentNavigationWithScreenshot recorded 1 samples, mean = 0.0 (flags = 0x41)
0  -O                                                                        (1 = 100.0%)
1  ... 

Histogram: Navigation.SendCommitNavigationTime.MainFrame recorded 1 samples, mean = 1.0 (flags = 0x41)
0  O                                                                         (0 = 0.0%)
1  -O                                                                        (1 = 100.0%) {0.0%}
2  ... 

Histogram: Navigation.StartToCommit recorded 3 samples, mean = 3294.3 (flags = 0x41)
0     -O                                                                        (1 = 33.3%)
1     -O                                                                        (1 = 33.3%) {33.3%}
2     ... 
8000  -O                                                                        (1 = 33.3%) {66.7%}
10165 ... 

Histogram: Navigation.StartToCommit.CrossProcess recorded 1 samples, mean = 9882.0 (flags = 0x41)
0     ... 
8000  -O                                                                        (1 = 100.0%) {0.0%}
10165 ... 

Histogram: Navigation.StartToCommit.CrossProcess.ForegroundProcessPriority recorded 1 samples, mean = 9882.0 (flags = 0x41)
0     ... 
8000  -O                                                                        (1 = 100.0%) {0.0%}
10165 ... 

Histogram: Navigation.StartToCommit.CrossProcess.MainFrame recorded 1 samples, mean = 9882.0 (flags = 0x41)
0     ... 
8000  -O                                                                        (1 = 100.0%) {0.0%}
10165 ... 

Histogram: Navigation.StartToCommit.CrossProcess.MainFrame.ForegroundProcessPriority recorded 1 samples, mean = 9882.0 (flags = 0x41)
0     ... 
8000  -O                                                                        (1 = 100.0%) {0.0%}
10165 ... 

Histogram: Navigation.StartToCommit.CrossProcess.MainFrame.NewNavigation recorded 1 samples, mean = 9882.0 (flags = 0x41)
0     ... 
8000  -O                                                                        (1 = 100.0%) {0.0%}
10165 ... 

Histogram: Navigation.StartToCommit.CrossProcess.NewNavigation recorded 1 samples, mean = 9882.0 (flags = 0x41)
0     ... 
8000  -O                                                                        (1 = 100.0%) {0.0%}
10165 ... 

Histogram: Navigation.StartToCommit.ForegroundProcessPriority recorded 3 samples, mean = 3294.3 (flags = 0x41)
0     -O                                                                        (1 = 33.3%)
1     -O                                                                        (1 = 33.3%) {33.3%}
2     ... 
8000  -O                                                                        (1 = 33.3%) {66.7%}
10165 ... 

Histogram: Navigation.StartToCommit.MainFrame recorded 1 samples, mean = 9882.0 (flags = 0x41)
0     ... 
8000  -O                                                                        (1 = 100.0%) {0.0%}
10165 ... 

Histogram: Navigation.StartToCommit.MainFrame.ForegroundProcessPriority recorded 1 samples, mean = 9882.0 (flags = 0x41)
0     ... 
8000  -O                                                                        (1 = 100.0%) {0.0%}
10165 ... 

Histogram: Navigation.StartToCommit.MainFrame.NewNavigation recorded 1 samples, mean = 9882.0 (flags = 0x41)
0     ... 
8000  -O                                                                        (1 = 100.0%) {0.0%}
10165 ... 

Histogram: Navigation.StartToCommit.NewNavigation recorded 3 samples, mean = 3294.3 (flags = 0x41)
0     -O                                                                        (1 = 33.3%)
1     -O                                                                        (1 = 33.3%) {33.3%}
2     ... 
8000  -O                                                                        (1 = 33.3%) {66.7%}
10165 ... 

Histogram: Navigation.StartToCommit.SameProcess recorded 2 samples, mean = 0.5 (flags = 0x41)
0  -O                                                                        (1 = 50.0%)
1  -O                                                                        (1 = 50.0%) {50.0%}
2  ... 

Histogram: Navigation.StartToCommit.SameProcess.ForegroundProcessPriority recorded 2 samples, mean = 0.5 (flags = 0x41)
0  -O                                                                        (1 = 50.0%)
1  -O                                                                        (1 = 50.0%) {50.0%}
2  ... 

Histogram: Navigation.StartToCommit.SameProcess.NewNavigation recorded 2 samples, mean = 0.5 (flags = 0x41)
0  -O                                                                        (1 = 50.0%)
1  -O                                                                        (1 = 50.0%) {50.0%}
2  ... 

Histogram: Navigation.StartToCommit.SameProcess.Subframe recorded 2 samples, mean = 0.5 (flags = 0x41)
0  -O                                                                        (1 = 50.0%)
1  -O                                                                        (1 = 50.0%) {50.0%}
2  ... 

Histogram: Navigation.StartToCommit.SameProcess.Subframe.ForegroundProcessPriority recorded 2 samples, mean = 0.5 (flags = 0x41)
0  -O                                                                        (1 = 50.0%)
1  -O                                                                        (1 = 50.0%) {50.0%}
2  ... 

Histogram: Navigation.StartToCommit.SameProcess.Subframe.NewNavigation recorded 2 samples, mean = 0.5 (flags = 0x41)
0  -O                                                                        (1 = 50.0%)
1  -O                                                                        (1 = 50.0%) {50.0%}
2  ... 

Histogram: Navigation.StartToCommit.Subframe recorded 2 samples, mean = 0.5 (flags = 0x41)
0  -O                                                                        (1 = 50.0%)
1  -O                                                                        (1 = 50.0%) {50.0%}
2  ... 

Histogram: Navigation.StartToCommit.Subframe.ForegroundProcessPriority recorded 2 samples, mean = 0.5 (flags = 0x41)
0  -O                                                                        (1 = 50.0%)
1  -O                                                                        (1 = 50.0%) {50.0%}
2  ... 

Histogram: Navigation.StartToCommit.Subframe.NewNavigation recorded 2 samples, mean = 0.5 (flags = 0x41)
0  -O                                                                        (1 = 50.0%)
1  -O                                                                        (1 = 50.0%) {50.0%}
2  ... 

Histogram: Navigation.SuddenTerminationDisabler.AllOrigins recorded 1 samples, mean = 13.0 (flags = 0x41)
0   ... 
13  -O                                                                        (1 = 100.0%) {0.0%}
14  ... 

Histogram: Navigation.SuddenTerminationDisabler.SameOrigin recorded 1 samples, mean = 13.0 (flags = 0x41)
0   ... 
13  -O                                                                        (1 = 100.0%) {0.0%}
14  ... 

Histogram: Navigation.SwapRFHToCompositorCreation recorded 1 samples, mean = 60.0 (flags = 0x41)
0   ... 
60  -O                                                                        (1 = 100.0%) {0.0%}
78  ... 

Histogram: Navigation.ThrottleCount recorded 2 samples, mean = 20.0 (flags = 0x41)
0   ... 
20  --O                                                                       (2 = 100.0%) {0.0%}
21  ... 

Histogram: Navigation.ThrottleEventDurationTime.WillProcessResponse recorded 1 samples, mean = 1.0 (flags = 0x41)
0  O                                                                         (0 = 0.0%)
1  -O                                                                        (1 = 100.0%) {0.0%}
2  ... 

Histogram: Navigation.ThrottleEventDurationTime.WillRedirectRequest recorded 1 samples, mean = 0.0 (flags = 0x41)
0  -O                                                                        (1 = 100.0%)
1  ... 

Histogram: Navigation.ThrottleEventDurationTime.WillStartRequest recorded 2 samples, mean = 2.0 (flags = 0x41)
0  O                                                                         (0 = 0.0%)
1  -O                                                                        (1 = 50.0%) {0.0%}
2  O                                                                         (0 = 0.0%) {50.0%}
3  -O                                                                        (1 = 50.0%) {50.0%}
4  ... 

Histogram: Navigation.ThrottleEventExecutionTime.WillProcessResponse recorded 1 samples, mean = 1.0 (flags = 0x41)
0  O                                                                         (0 = 0.0%)
1  -O                                                                        (1 = 100.0%) {0.0%}
2  ... 

Histogram: Navigation.ThrottleEventExecutionTime.WillRedirectRequest recorded 1 samples, mean = 0.0 (flags = 0x41)
0  -O                                                                        (1 = 100.0%)
1  ... 

Histogram: Navigation.ThrottleEventExecutionTime.WillStartRequest recorded 2 samples, mean = 2.0 (flags = 0x41)
0  O                                                                         (0 = 0.0%)
1  -O                                                                        (1 = 50.0%) {0.0%}
2  O                                                                         (0 = 0.0%) {50.0%}
3  -O                                                                        (1 = 50.0%) {50.0%}
4  ... 

Histogram: Navigation.ThrottleExecutionTime.WillProcessResponse recorded 20 samples, mean = 0.0 (flags = 0x41)
0  --------------------O                                                     (20 = 100.0%)
1  ... 

Histogram: Navigation.ThrottleExecutionTime.WillRedirectRequest recorded 20 samples, mean = 0.0 (flags = 0x41)
0  --------------------O                                                     (20 = 100.0%)
1  ... 

Histogram: Navigation.ThrottleExecutionTime.WillStartRequest recorded 40 samples, mean = 0.1 (flags = 0x41)
0  ---------------------------------------O                                  (39 = 97.5%)
1  ... 
3  -O                                                                        (1 = 2.5%) {97.5%}
4  ... 

Histogram: Navigation.ThrottleTotalDeferCount recorded 5 samples, mean = 0.0 (flags = 0x41)
0  -----O                                                                    (5 = 100.0%)
1  ... 

Histogram: Navigation.ThrottleTotalDeferCount.Request recorded 5 samples, mean = 0.0 (flags = 0x41)
0  -----O                                                                    (5 = 100.0%)
1  ... 

Histogram: Navigation.ThrottleTotalDeferTime recorded 5 samples, mean = 0.0 (flags = 0x41)
0  -----O                                                                    (5 = 100.0%)
1  ... 

Histogram: Navigation.ThrottleTotalDeferTime.Request recorded 5 samples, mean = 0.0 (flags = 0x41)
0  -----O                                                                    (5 = 100.0%)
1  ... 

Histogram: Navigation.Throttles.PolicyBlocklist.DeferDurationTime recorded 2 samples, mean = 0.0 (flags = 0x41)
0  --O                                                                       (2 = 100.0%)
1  ... 

Histogram: Navigation.Throttles.PolicyBlocklist.RequestThrottleAction recorded 2 samples, mean = 2.5 (flags = 0x41)
0  O                                                                         (0 = 0.0%)
1  -O                                                                        (1 = 50.0%) {0.0%}
2  ... 
4  -O                                                                        (1 = 50.0%) {50.0%}
5  ... 

Histogram: Navigation.Throttles.PolicyBlocklist.RequestToResponseTime recorded 1 samples, mean = 0.0 (flags = 0x41)
0  -O                                                                        (1 = 100.0%)
1  ... 

Histogram: Navigation.TimeToReadyToCommit2 recorded 1 samples, mean = 9842.0 (flags = 0x41)
0     ... 
8000  -O                                                                        (1 = 100.0%) {0.0%}
10165 ... 

Histogram: Navigation.TimeToReadyToCommit2.CrossProcess recorded 1 samples, mean = 9842.0 (flags = 0x41)
0     ... 
8000  -O                                                                        (1 = 100.0%) {0.0%}
10165 ... 

Histogram: Navigation.TimeToReadyToCommit2.CrossProcess.NewNavigation recorded 1 samples, mean = 9842.0 (flags = 0x41)
0     ... 
8000  -O                                                                        (1 = 100.0%) {0.0%}
10165 ... 

Histogram: Navigation.TimeToReadyToCommit2.MainFrame recorded 1 samples, mean = 9842.0 (flags = 0x41)
0     ... 
8000  -O                                                                        (1 = 100.0%) {0.0%}
10165 ... 

Histogram: Navigation.TimeToReadyToCommit2.MainFrame.NewNavigation recorded 1 samples, mean = 9842.0 (flags = 0x41)
0     ... 
8000  -O                                                                        (1 = 100.0%) {0.0%}
10165 ... 

Histogram: Navigation.TimeToReadyToCommit2.NewNavigation recorded 1 samples, mean = 9842.0 (flags = 0x41)
0     ... 
8000  -O                                                                        (1 = 100.0%) {0.0%}
10165 ... 

Histogram: Navigation.Unload recorded 1 samples, mean = 0.0 (flags = 0x41)
0  -O                                                                        (1 = 100.0%)
1  ... 

Histogram: Navigation.UserAgentStringType recorded 4 samples, mean = 1.0 (flags = 0x41)
0  O                                                                         (0 = 0.0%)
1  ----O                                                                     (4 = 100.0%) {0.0%}
2  ... 

Histogram: Navigation.WillStartRequestToLoaderStart.MainFrame recorded 2 samples, mean = 3.0 (flags = 0x41)
0  ... 
2  -O                                                                        (1 = 50.0%) {0.0%}
3  O                                                                         (0 = 0.0%) {50.0%}
4  -O                                                                        (1 = 50.0%) {50.0%}
5  ... 

Histogram: NavigationPredictor.SearchEnginePreconnector.IsBrowserAppLikelyInForeground recorded 3 samples, mean = 1.0 (flags = 0x41)
0  O                                                                         (0 = 0.0%)
1  ---O                                                                      (3 = 100.0%) {0.0%}
2  O                                                                         (0 = 0.0%) {100.0%}

Histogram: NavigationSuggestion.GetDomainInfoDelayBeforeAllowingNavigation recorded 1 samples, mean = 0.0 (flags = 0x41)
0  -O                                                                        (1 = 100.0%)
1  ... 

Histogram: NavigationSuggestion.IsLookalikeUrlDelayBeforeAllowingNavigation recorded 1 samples, mean = 0.0 (flags = 0x41)
0  -O                                                                        (1 = 100.0%)
1  ... 

Histogram: NavigationSuggestion.PerformChecksDelayBeforeAllowingNavigation recorded 1 samples, mean = 0.0 (flags = 0x41)
0  -O                                                                        (1 = 100.0%)
1  ... 

Histogram: Net.AlternateProtocolBrokenLocation recorded 22 samples, mean = 2.0 (flags = 0x41)
0  ... 
2  ----------------------O                                                   (22 = 100.0%) {0.0%}
3  ... 

Histogram: Net.AlternateProtocolUsage recorded 94 samples, mean = 5.4 (flags = 0x41)
0  ... 
2  ----------------------O                                                   (22 = 23.4%) {0.0%}
3  -------O                                                                  (7 = 7.4%) {23.4%}
4  -----O                                                                    (5 = 5.3%) {30.9%}
5  ... 
7  ------------------------------------------------------------O             (60 = 63.8%) {36.2%}
8  O                                                                         (0 = 0.0%) {100.0%}

Histogram: Net.AlternateProtocolUsageGoogle recorded 4 samples, mean = 5.0 (flags = 0x41)
0  ... 
3  --O                                                                       (2 = 50.0%) {0.0%}
4  ... 
7  --O                                                                       (2 = 50.0%) {50.0%}
8  O                                                                         (0 = 0.0%) {100.0%}

Histogram: Net.AlternateServiceFailed recorded 21 samples (flags = 0x41)
356  ---------------------O                                                    (21 = 100.0%)

Histogram: Net.AlternateServiceForDnsAlpnH3Failed recorded 1 samples (flags = 0x41)
356  -O                                                                        (1 = 100.0%)

Histogram: Net.AlternativeServiceTypeForRequest recorded 92 samples, mean = 0.2 (flags = 0x41)
0  ----------------------------------------------------------------------O   (70 = 76.1%)
1  ----------------------O                                                   (22 = 23.9%) {76.1%}
2  ... 

Histogram: Net.CertVerifier.PathBuilderIterationCount recorded 10 samples, mean = 2.0 (flags = 0x41)
0  ... 
2  ----------O                                                               (10 = 100.0%) {0.0%}
3  ... 

Histogram: Net.CertVerifier_First_Job_Latency recorded 3 samples, mean = 2241.7 (flags = 0x41)
0     ... 
1981  -O                                                                        (1 = 33.3%) {0.0%}
2243  --O                                                                       (2 = 66.7%) {33.3%}
2540  ... 

Histogram: Net.CertVerifier_Job_Latency recorded 10 samples, mean = 994.5 (flags = 0x41)
0     ... 
18    -O                                                                        (1 = 10.0%) {0.0%}
20    ... 
26    -O                                                                        (1 = 10.0%) {10.0%}
29    ... 
37    --O                                                                       (2 = 20.0%) {20.0%}
42    ... 
61    -O                                                                        (1 = 10.0%) {40.0%}
69    ... 
734   -O                                                                        (1 = 10.0%) {50.0%}
831   ... 
1981  -O                                                                        (1 = 10.0%) {60.0%}
2243  ---O                                                                      (3 = 30.0%) {70.0%}
2540  ... 

Histogram: Net.Certificate.TrustAnchor.Request recorded 79 samples (flags = 0x41)
210  ----------------------------------------O                                 (40 = 50.6%)
483  ---------------------------O                                              (27 = 34.2%)
486  ------------O                                                             (12 = 15.2%)

Histogram: Net.Certificate.TrustAnchor.Verify recorded 10 samples (flags = 0x41)
210  ---O                                                                      (3 = 30.0%)
483  -----O                                                                    (5 = 50.0%)
486  --O                                                                       (2 = 20.0%)

Histogram: Net.ConnectionInfo.MainFrame recorded 1 samples, mean = 4.0 (flags = 0x41)
0  ... 
4  -O                                                                        (1 = 100.0%) {0.0%}
5  ... 

Histogram: Net.ConnectionInfo.SubResource recorded 48 samples, mean = 4.0 (flags = 0x41)
0  ... 
4  ------------------------------------------------O                         (48 = 100.0%) {0.0%}
5  ... 

Histogram: Net.ContentEncodingType recorded 79 samples, mean = 0.6 (flags = 0x41)
0  ---------------------------------------O                                  (39 = 49.4%)
1  -----------------------------------O                                      (35 = 44.3%) {49.4%}
2  -----O                                                                    (5 = 6.3%) {93.7%}
3  ... 

Histogram: Net.Cors.AccessCheckResult recorded 8 samples, mean = 0.0 (flags = 0x41)
0  --------O                                                                 (8 = 100.0%)
1  ... 

Histogram: Net.DNS.DnsConfig.DnsClientCapability recorded 97 samples, mean = 3.0 (flags = 0x41)
0  ... 
3  ------------------------------------------------------------------------O (97 = 100.0%) {0.0%}
4  O                                                                         (0 = 0.0%) {100.0%}

Histogram: Net.DNS.DnsConfig.SecureDnsMode recorded 1 samples, mean = 4.0 (flags = 0x41)
0  ... 
4  -O                                                                        (1 = 100.0%) {0.0%}
5  ... 

Histogram: Net.DNS.DnsConfig.Windows.Compatibility recorded 2 samples, mean = 0.0 (flags = 0x41)
0  --O                                                                       (2 = 100.0%)
1  ... 

Histogram: Net.DNS.DnsConfig.Windows.ReadSystemSettings0 recorded 2 samples, mean = 0.0 (flags = 0x41)
0  --O                                                                       (2 = 100.0%)
1  ... 

Histogram: Net.DNS.DnsHosts.Count recorded 4 samples, mean = 0.0 (flags = 0x41)
0  ----O                                                                     (4 = 100.0%)
1  ... 

Histogram: Net.DNS.DnsHosts.EstimateMemoryUsage recorded 4 samples, mean = 0.0 (flags = 0x41)
0  ----O                                                                     (4 = 100.0%)
1000... 

Histogram: Net.DNS.DnsHosts.FileSize recorded 4 samples, mean = 858.0 (flags = 0x41)
0    ... 
737  ----O                                                                     (4 = 100.0%) {0.0%}
1065 ... 

Histogram: Net.DNS.DnsTask.SuccessTime recorded 15 samples, mean = 46.7 (flags = 0x41)
0    ... 
18   -O                                                                        (1 = 6.7%) {0.0%}
21   -O                                                                        (1 = 6.7%) {6.7%}
24   O                                                                         (0 = 0.0%) {13.3%}
28   --O                                                                       (2 = 13.3%) {13.3%}
32   -----O                                                                    (5 = 33.3%) {26.7%}
37   --O                                                                       (2 = 13.3%) {60.0%}
43   -O                                                                        (1 = 6.7%) {73.3%}
50   ... 
89   --O                                                                       (2 = 13.3%) {80.0%}
103  O                                                                         (0 = 0.0%) {93.3%}
119  -O                                                                        (1 = 6.7%) {93.3%}
137  ... 

Histogram: Net.DNS.DnsTask.SvcbHttpsTransactionError recorded 13 samples, mean = 0.0 (flags = 0x41)
0  -------------O                                                            (13 = 100.0%)
1  ... 

Histogram: Net.DNS.DnsTransaction.AttemptType recorded 30 samples, mean = 1.6 (flags = 0x41)
0  --------------O                                                           (14 = 46.7%)
1  ... 
3  ----------------O                                                         (16 = 53.3%) {46.7%}
4  O                                                                         (0 = 0.0%) {100.0%}

Histogram: Net.DNS.DnsTransaction.Insecure.Google.SuccessTime recorded 12 samples, mean = 25.2 (flags = 0x41)
0   ... 
16  --O                                                                       (2 = 16.7%) {0.0%}
20  -----O                                                                    (5 = 41.7%) {16.7%}
25  --O                                                                       (2 = 16.7%) {58.3%}
32  ---O                                                                      (3 = 25.0%) {75.0%}
41  ... 

Histogram: Net.DNS.DnsTransaction.SecureValidated.Google.SuccessTime recorded 25 samples, mean = 519.8 (flags = 0x41)
0     ... 
25    --O                                                                       (2 = 8.0%) {0.0%}
32    -----O                                                                    (5 = 20.0%) {8.0%}
41    ----O                                                                     (4 = 16.0%) {28.0%}
52    O                                                                         (0 = 0.0%) {44.0%}
66    -O                                                                        (1 = 4.0%) {44.0%}
84    ----O                                                                     (4 = 16.0%) {48.0%}
107   -O                                                                        (1 = 4.0%) {64.0%}
136   O                                                                         (0 = 0.0%) {68.0%}
173   -O                                                                        (1 = 4.0%) {68.0%}
220   O                                                                         (0 = 0.0%) {72.0%}
280   -O                                                                        (1 = 4.0%) {72.0%}
356   ... 
1177  -O                                                                        (1 = 4.0%) {76.0%}
1496  --O                                                                       (2 = 8.0%) {80.0%}
1901  --O                                                                       (2 = 8.0%) {88.0%}
2415  -O                                                                        (1 = 4.0%) {96.0%}
3069  ... 

Histogram: Net.DNS.H3SupportedGoogleHost.TaskTypeMetadataAvailability2 recorded 3 samples, mean = 4.3 (flags = 0x41)
0  ... 
3  -O                                                                        (1 = 33.3%) {0.0%}
4  O                                                                         (0 = 0.0%) {33.3%}
5  --O                                                                       (2 = 66.7%) {33.3%}
6  ... 

Histogram: Net.DNS.HTTPSSVC.RecordHttps.Insecure.ExpectNoerror.DnsRcode recorded 7 samples, mean = 2.1 (flags = 0x41)
0  --O                                                                       (2 = 28.6%)
1  ... 
3  -----O                                                                    (5 = 71.4%) {28.6%}
4  ... 

Histogram: Net.DNS.HTTPSSVC.RecordHttps.Insecure.ExpectNoerror.Parsable recorded 1 samples, mean = 1.0 (flags = 0x41)
0  O                                                                         (0 = 0.0%)
1  -O                                                                        (1 = 100.0%) {0.0%}
2  O                                                                         (0 = 0.0%) {100.0%}

Histogram: Net.DNS.HTTPSSVC.RecordHttps.Insecure.ExpectNoerror.ResolveTimeAddress recorded 7 samples, mean = 26.0 (flags = 0x41)
0   ... 
16  -O                                                                        (1 = 14.3%) {0.0%}
20  ---O                                                                      (3 = 42.9%) {14.3%}
25  -O                                                                        (1 = 14.3%) {57.1%}
32  --O                                                                       (2 = 28.6%) {71.4%}
41  ... 

Histogram: Net.DNS.HTTPSSVC.RecordHttps.Insecure.ExpectNoerror.ResolveTimeExperimental recorded 7 samples, mean = 26.3 (flags = 0x41)
0   ... 
20  ---O                                                                      (3 = 42.9%) {0.0%}
25  --O                                                                       (2 = 28.6%) {42.9%}
32  --O                                                                       (2 = 28.6%) {71.4%}
41  ... 

Histogram: Net.DNS.HTTPSSVC.RecordHttps.Insecure.ExpectNoerror.ResolveTimeRatio recorded 7 samples, mean = 10.0 (flags = 0x41)
0   ... 
7   --O                                                                       (2 = 28.6%) {0.0%}
8   O                                                                         (0 = 0.0%) {28.6%}
9   -O                                                                        (1 = 14.3%) {28.6%}
10  --O                                                                       (2 = 28.6%) {42.9%}
11  ... 
13  -O                                                                        (1 = 14.3%) {71.4%}
14  -O                                                                        (1 = 14.3%) {85.7%}
15  ... 

Histogram: Net.DNS.HTTPSSVC.RecordHttps.Secure.ExpectNoerror.DnsRcode recorded 8 samples, mean = 3.0 (flags = 0x41)
0  ... 
3  --------O                                                                 (8 = 100.0%) {0.0%}
4  ... 

Histogram: Net.DNS.HTTPSSVC.RecordHttps.Secure.ExpectNoerror.Parsable recorded 4 samples, mean = 1.0 (flags = 0x41)
0  O                                                                         (0 = 0.0%)
1  ----O                                                                     (4 = 100.0%) {0.0%}
2  O                                                                         (0 = 0.0%) {100.0%}

Histogram: Net.DNS.HTTPSSVC.RecordHttps.Secure.ExpectNoerror.ResolveTimeAddress recorded 8 samples, mean = 62.2 (flags = 0x41)
0    ... 
25   -O                                                                        (1 = 12.5%) {0.0%}
32   --O                                                                       (2 = 25.0%) {12.5%}
41   --O                                                                       (2 = 25.0%) {37.5%}
52   ... 
84   --O                                                                       (2 = 25.0%) {62.5%}
107  -O                                                                        (1 = 12.5%) {87.5%}
136  ... 

Histogram: Net.DNS.HTTPSSVC.RecordHttps.Secure.ExpectNoerror.ResolveTimeExperimental recorded 8 samples, mean = 51.2 (flags = 0x41)
0   ... 
25  -O                                                                        (1 = 12.5%) {0.0%}
32  ---O                                                                      (3 = 37.5%) {12.5%}
41  --O                                                                       (2 = 25.0%) {50.0%}
52  ... 
84  --O                                                                       (2 = 25.0%) {75.0%}
107 ... 

Histogram: Net.DNS.HTTPSSVC.RecordHttps.Secure.ExpectNoerror.ResolveTimeRatio recorded 8 samples, mean = 8.4 (flags = 0x41)
0   ... 
3   -O                                                                        (1 = 12.5%) {0.0%}
4   ... 
7   -O                                                                        (1 = 12.5%) {12.5%}
8   -O                                                                        (1 = 12.5%) {25.0%}
9   -O                                                                        (1 = 12.5%) {37.5%}
10  ----O                                                                     (4 = 50.0%) {50.0%}
11  ... 

Histogram: Net.DNS.JobQueueTime.PerTransaction recorded 30 samples, mean = 0.0 (flags = 0x41)
0  -----------------------------O                                            (29 = 96.7%)
1  -O                                                                        (1 = 3.3%) {96.7%}
2  ... 

Histogram: Net.DNS.JobQueueTime.Success recorded 15 samples, mean = 0.1 (flags = 0x41)
0  --------------O                                                           (14 = 93.3%)
1  -O                                                                        (1 = 6.7%) {93.3%}
2  ... 

Histogram: Net.DNS.ProbeSequence.ConfigChange.Success.AttemptTime recorded 9 samples, mean = 2372.0 (flags = 0x41)
0     ... 
1816  ------O                                                                   (6 = 66.7%) {0.0%}
2460  ---O                                                                      (3 = 33.3%) {66.7%}
3333  ... 

Histogram: Net.DNS.Request.TotalTime recorded 259 samples, mean = 2.1 (flags = 0x41)
0   ------------------------------------------------------------------------O (246 = 95.0%)
10  ... 
18  O                                                                         (1 = 0.4%) {95.0%}
22  O                                                                         (1 = 0.4%) {95.4%}
27  -O                                                                        (3 = 1.2%) {95.8%}
33  -O                                                                        (4 = 1.5%) {96.9%}
41  -O                                                                        (2 = 0.8%) {98.5%}
50  ... 
75  -O                                                                        (2 = 0.8%) {99.2%}
92  ... 

Histogram: Net.DNS.Request.TotalTimeAsync recorded 20 samples, mean = 27.4 (flags = 0x41)
0   -------O                                                                  (7 = 35.0%)
10  ... 
18  -O                                                                        (1 = 5.0%) {35.0%}
22  -O                                                                        (1 = 5.0%) {40.0%}
27  ---O                                                                      (3 = 15.0%) {45.0%}
33  ----O                                                                     (4 = 20.0%) {60.0%}
41  --O                                                                       (2 = 10.0%) {80.0%}
50  ... 
75  --O                                                                       (2 = 10.0%) {90.0%}
92  ... 

Histogram: Net.DNS.ResolveCategory recorded 22 samples, mean = 0.6 (flags = 0x41)
0  ------------O                                                             (12 = 54.5%)
1  -------O                                                                  (7 = 31.8%) {54.5%}
2  ---O                                                                      (3 = 13.6%) {86.4%}
3  ... 

Histogram: Net.DNS.ResolveContext.DohAutoupgrade.Google.Status recorded 3 samples, mean = 0.0 (flags = 0x41)
0  ---O                                                                      (3 = 100.0%)
1  ... 

Histogram: Net.DNS.ResolveError.Fast recorded 7 samples (flags = 0x41)
105  -------O                                                                  (7 = 100.0%)

Histogram: Net.DNS.ResolveFailureTime recorded 7 samples, mean = 0.6 (flags = 0x41)
0  ----O                                                                     (4 = 57.1%)
1  --O                                                                       (2 = 28.6%) {57.1%}
2  -O                                                                        (1 = 14.3%) {85.7%}
3  ... 

Histogram: Net.DNS.ResolveSuccessTime recorded 12 samples, mean = 38.2 (flags = 0x41)
0   ... 
18  -O                                                                        (1 = 8.3%) {0.0%}
21  -O                                                                        (1 = 8.3%) {8.3%}
24  O                                                                         (0 = 0.0%) {16.7%}
28  -O                                                                        (1 = 8.3%) {16.7%}
32  -----O                                                                    (5 = 41.7%) {25.0%}
37  -O                                                                        (1 = 8.3%) {66.7%}
43  --O                                                                       (2 = 16.7%) {75.0%}
50  ... 
89  -O                                                                        (1 = 8.3%) {91.7%}
103 ... 

Histogram: Net.DNS.SystemTask.FailureTime recorded 7 samples, mean = 0.6 (flags = 0x41)
0  ----O                                                                     (4 = 57.1%)
1  --O                                                                       (2 = 28.6%) {57.1%}
2  -O                                                                        (1 = 14.3%) {85.7%}
3  ... 

Histogram: Net.DNS.UpgradeConfig.HasPublicInsecureNameserver recorded 1 samples, mean = 1.0 (flags = 0x41)
0  O                                                                         (0 = 0.0%)
1  -O                                                                        (1 = 100.0%) {0.0%}
2  O                                                                         (0 = 0.0%) {100.0%}

Histogram: Net.DNS.UpgradeConfig.Ineligible.DohSpecified recorded 1 samples, mean = 0.0 (flags = 0x41)
0  -O                                                                        (1 = 100.0%)
1  ... 

Histogram: Net.DNS.UpgradeConfig.Ineligible.UnhandledOptions recorded 1 samples, mean = 0.0 (flags = 0x41)
0  -O                                                                        (1 = 100.0%)
1  ... 

Histogram: Net.DNS.UpgradeConfig.InsecureUpgradeSucceeded recorded 1 samples, mean = 1.0 (flags = 0x41)
0  O                                                                         (0 = 0.0%)
1  -O                                                                        (1 = 100.0%) {0.0%}
2  O                                                                         (0 = 0.0%) {100.0%}

Histogram: Net.DNS_Resolution_And_TCP_Connection_Latency2 recorded 31 samples, mean = 28.2 (flags = 0x41)
0   ... 
5   -O                                                                        (1 = 3.2%) {0.0%}
6   ... 
16  -O                                                                        (1 = 3.2%) {3.2%}
18  O                                                                         (0 = 0.0%) {6.5%}
20  ------O                                                                   (6 = 19.4%) {6.5%}
23  -----O                                                                    (5 = 16.1%) {25.8%}
26  -------O                                                                  (7 = 22.6%) {41.9%}
29  -O                                                                        (1 = 3.2%) {64.5%}
33  -----O                                                                    (5 = 16.1%) {67.7%}
37  O                                                                         (0 = 0.0%) {83.9%}
42  -----O                                                                    (5 = 16.1%) {83.9%}
48  ... 

Histogram: Net.ErrorCodesForMainFrame4 recorded 2 samples (flags = 0x41)
0  -O                                                                        (1 = 50.0%)
3  -O                                                                        (1 = 50.0%)

Histogram: Net.ErrorCodesForSubresources3 recorded 52 samples (flags = 0x41)
0    ------------------------------------------------O                         (48 = 92.3%)
400  ----O                                                                     (4 = 7.7%)

Histogram: Net.HttpJob.BytesReceived2 recorded 86 samples, mean = 16065.6 (flags = 0x41)
0       ----O                                                                     (4 = 4.7%)
1       ... 
165     -O                                                                        (1 = 1.2%) {4.7%}
237     O                                                                         (0 = 0.0%) {5.8%}
340     --O                                                                       (2 = 2.3%) {5.8%}
488     --------------------------O                                               (26 = 30.2%) {8.1%}
700     -------O                                                                  (7 = 8.1%) {38.4%}
1004    --------O                                                                 (8 = 9.3%) {46.5%}
1440    ---O                                                                      (3 = 3.5%) {55.8%}
2065    --O                                                                       (2 = 2.3%) {59.3%}
2961    -------O                                                                  (7 = 8.1%) {61.6%}
4246    --O                                                                       (2 = 2.3%) {69.8%}
6089    -O                                                                        (1 = 1.2%) {72.1%}
8732    ---O                                                                      (3 = 3.5%) {73.3%}
12523   -O                                                                        (1 = 1.2%) {76.7%}
17959   ----O                                                                     (4 = 4.7%) {77.9%}
25755   ---O                                                                      (3 = 3.5%) {82.6%}
36935   ----O                                                                     (4 = 4.7%) {86.0%}
52968   O                                                                         (0 = 0.0%) {90.7%}
75961   -----O                                                                    (5 = 5.8%) {90.7%}
108935  ---O                                                                      (3 = 3.5%) {96.5%}
156223  ... 

Histogram: Net.HttpJob.BytesSent2 recorded 86 samples, mean = 391.3 (flags = 0x41)
0      ----O                                                                     (4 = 4.7%)
1      ... 
39     --O                                                                       (2 = 2.3%) {4.7%}
56     --O                                                                       (2 = 2.3%) {7.0%}
80     -------------------------------O                                          (31 = 36.0%) {9.3%}
115    --O                                                                       (2 = 2.3%) {45.3%}
165    ----------------------------O                                             (28 = 32.6%) {47.7%}
237    -----O                                                                    (5 = 5.8%) {80.2%}
340    -----O                                                                    (5 = 5.8%) {86.0%}
488    ----O                                                                     (4 = 4.7%) {91.9%}
700    -O                                                                        (1 = 1.2%) {96.5%}
1004   O                                                                         (0 = 0.0%) {97.7%}
1440   -O                                                                        (1 = 1.2%) {97.7%}
2065   ... 
12523  -O                                                                        (1 = 1.2%) {98.8%}
17959  ... 

Histogram: Net.HttpJob.MainJobWaitTimeWithAvailableSpdySession recorded 20 samples, mean = 0.0 (flags = 0x41)
0  --------------------O                                                     (20 = 100.0%)
1  ... 

Histogram: Net.HttpJob.MainJobWaitTimeWithoutAvailableSpdySession recorded 17 samples, mean = 0.0 (flags = 0x41)
0  -----------------O                                                        (17 = 100.0%)
1  ... 

Histogram: Net.HttpJob.PrefilterBytesRead recorded 86 samples, mean = 15512.8 (flags = 0x41)
0       ---------O                                                                (9 = 10.5%)
1       ... 
13      -O                                                                        (1 = 1.2%) {10.5%}
19      --O                                                                       (2 = 2.3%) {11.6%}
27      O                                                                         (0 = 0.0%) {14.0%}
39      -O                                                                        (1 = 1.2%) {14.0%}
56      -O                                                                        (1 = 1.2%) {15.1%}
80      -O                                                                        (1 = 1.2%) {16.3%}
115     O                                                                         (0 = 0.0%) {17.4%}
165     --O                                                                       (2 = 2.3%) {17.4%}
237     O                                                                         (0 = 0.0%) {19.8%}
340     ----------------------------O                                             (28 = 32.6%) {19.8%}
488     -----O                                                                    (5 = 5.8%) {52.3%}
700     ---O                                                                      (3 = 3.5%) {58.1%}
1004    ---O                                                                      (3 = 3.5%) {61.6%}
1440    -O                                                                        (1 = 1.2%) {65.1%}
2065    --O                                                                       (2 = 2.3%) {66.3%}
2961    ---O                                                                      (3 = 3.5%) {68.6%}
4246    -O                                                                        (1 = 1.2%) {72.1%}
6089    O                                                                         (0 = 0.0%) {73.3%}
8732    ---O                                                                      (3 = 3.5%) {73.3%}
12523   --O                                                                       (2 = 2.3%) {76.7%}
17959   ----O                                                                     (4 = 4.7%) {79.1%}
25755   --O                                                                       (2 = 2.3%) {83.7%}
36935   ----O                                                                     (4 = 4.7%) {86.0%}
52968   O                                                                         (0 = 0.0%) {90.7%}
75961   -----O                                                                    (5 = 5.8%) {90.7%}
108935  ---O                                                                      (3 = 3.5%) {96.5%}
156223  ... 

Histogram: Net.HttpJob.PrefilterBytesRead.Net recorded 86 samples, mean = 15512.8 (flags = 0x41)
0       ---------O                                                                (9 = 10.5%)
1       ... 
13      -O                                                                        (1 = 1.2%) {10.5%}
19      --O                                                                       (2 = 2.3%) {11.6%}
27      O                                                                         (0 = 0.0%) {14.0%}
39      -O                                                                        (1 = 1.2%) {14.0%}
56      -O                                                                        (1 = 1.2%) {15.1%}
80      -O                                                                        (1 = 1.2%) {16.3%}
115     O                                                                         (0 = 0.0%) {17.4%}
165     --O                                                                       (2 = 2.3%) {17.4%}
237     O                                                                         (0 = 0.0%) {19.8%}
340     ----------------------------O                                             (28 = 32.6%) {19.8%}
488     -----O                                                                    (5 = 5.8%) {52.3%}
700     ---O                                                                      (3 = 3.5%) {58.1%}
1004    ---O                                                                      (3 = 3.5%) {61.6%}
1440    -O                                                                        (1 = 1.2%) {65.1%}
2065    --O                                                                       (2 = 2.3%) {66.3%}
2961    ---O                                                                      (3 = 3.5%) {68.6%}
4246    -O                                                                        (1 = 1.2%) {72.1%}
6089    O                                                                         (0 = 0.0%) {73.3%}
8732    ---O                                                                      (3 = 3.5%) {73.3%}
12523   --O                                                                       (2 = 2.3%) {76.7%}
17959   ----O                                                                     (4 = 4.7%) {79.1%}
25755   --O                                                                       (2 = 2.3%) {83.7%}
36935   ----O                                                                     (4 = 4.7%) {86.0%}
52968   O                                                                         (0 = 0.0%) {90.7%}
75961   -----O                                                                    (5 = 5.8%) {90.7%}
108935  ---O                                                                      (3 = 3.5%) {96.5%}
156223  ... 

Histogram: Net.HttpJob.ProxyTypeSuccess recorded 82 samples, mean = 1.0 (flags = 0x41)
0  O                                                                         (0 = 0.0%)
1  ------------------------------------------------------------------------O (82 = 100.0%) {0.0%}
2  ... 

Histogram: Net.HttpJob.TotalTime recorded 86 samples, mean = 235.5 (flags = 0x41)
0     ----O                                                                     (4 = 4.7%)
1     ... 
20    --O                                                                       (2 = 2.3%) {4.7%}
24    -O                                                                        (1 = 1.2%) {7.0%}
29    -----O                                                                    (5 = 5.8%) {8.1%}
34    -------O                                                                  (7 = 8.1%) {14.0%}
40    ----O                                                                     (4 = 4.7%) {22.1%}
48    ---O                                                                      (3 = 3.5%) {26.7%}
57    --O                                                                       (2 = 2.3%) {30.2%}
68    ---------O                                                                (9 = 10.5%) {32.6%}
81    ------------O                                                             (12 = 14.0%) {43.0%}
96    ---------O                                                                (9 = 10.5%) {57.0%}
114   ----O                                                                     (4 = 4.7%) {67.4%}
135   -O                                                                        (1 = 1.2%) {72.1%}
160   ---O                                                                      (3 = 3.5%) {73.3%}
190   ----O                                                                     (4 = 4.7%) {76.7%}
226   --------O                                                                 (8 = 9.3%) {81.4%}
268   -O                                                                        (1 = 1.2%) {90.7%}
318   ... 
894   -O                                                                        (1 = 1.2%) {91.9%}
1062  O                                                                         (0 = 0.0%) {93.0%}
1262  -O                                                                        (1 = 1.2%) {93.0%}
1500  --O                                                                       (2 = 2.3%) {94.2%}
1782  O                                                                         (0 = 0.0%) {96.5%}
2117  ---O                                                                      (3 = 3.5%) {96.5%}
2516  ... 

Histogram: Net.HttpJob.TotalTime.TLS13.Google recorded 2 samples, mean = 542.5 (flags = 0x41)
0    ... 
160  -O                                                                        (1 = 50.0%) {0.0%}
190  ... 
894  -O                                                                        (1 = 50.0%) {50.0%}
1062 ... 

Histogram: Net.HttpJob.TotalTimeCancel recorded 4 samples, mean = 0.0 (flags = 0x41)
0  ----O                                                                     (4 = 100.0%)
1  ... 

Histogram: Net.HttpJob.TotalTimeNotCached recorded 86 samples, mean = 235.5 (flags = 0x41)
0     ----O                                                                     (4 = 4.7%)
1     ... 
20    --O                                                                       (2 = 2.3%) {4.7%}
24    -O                                                                        (1 = 1.2%) {7.0%}
29    -----O                                                                    (5 = 5.8%) {8.1%}
34    -------O                                                                  (7 = 8.1%) {14.0%}
40    ----O                                                                     (4 = 4.7%) {22.1%}
48    ---O                                                                      (3 = 3.5%) {26.7%}
57    --O                                                                       (2 = 2.3%) {30.2%}
68    ---------O                                                                (9 = 10.5%) {32.6%}
81    ------------O                                                             (12 = 14.0%) {43.0%}
96    ---------O                                                                (9 = 10.5%) {57.0%}
114   ----O                                                                     (4 = 4.7%) {67.4%}
135   -O                                                                        (1 = 1.2%) {72.1%}
160   ---O                                                                      (3 = 3.5%) {73.3%}
190   ----O                                                                     (4 = 4.7%) {76.7%}
226   --------O                                                                 (8 = 9.3%) {81.4%}
268   -O                                                                        (1 = 1.2%) {90.7%}
318   ... 
894   -O                                                                        (1 = 1.2%) {91.9%}
1062  O                                                                         (0 = 0.0%) {93.0%}
1262  -O                                                                        (1 = 1.2%) {93.0%}
1500  --O                                                                       (2 = 2.3%) {94.2%}
1782  O                                                                         (0 = 0.0%) {96.5%}
2117  ---O                                                                      (3 = 3.5%) {96.5%}
2516  ... 

Histogram: Net.HttpJob.TotalTimeSuccess recorded 82 samples, mean = 247.0 (flags = 0x41)
0     ... 
20    --O                                                                       (2 = 2.4%) {0.0%}
24    -O                                                                        (1 = 1.2%) {2.4%}
29    -----O                                                                    (5 = 6.1%) {3.7%}
34    -------O                                                                  (7 = 8.5%) {9.8%}
40    ----O                                                                     (4 = 4.9%) {18.3%}
48    ---O                                                                      (3 = 3.7%) {23.2%}
57    --O                                                                       (2 = 2.4%) {26.8%}
68    ---------O                                                                (9 = 11.0%) {29.3%}
81    ------------O                                                             (12 = 14.6%) {40.2%}
96    ---------O                                                                (9 = 11.0%) {54.9%}
114   ----O                                                                     (4 = 4.9%) {65.9%}
135   -O                                                                        (1 = 1.2%) {70.7%}
160   ---O                                                                      (3 = 3.7%) {72.0%}
190   ----O                                                                     (4 = 4.9%) {75.6%}
226   --------O                                                                 (8 = 9.8%) {80.5%}
268   -O                                                                        (1 = 1.2%) {90.2%}
318   ... 
894   -O                                                                        (1 = 1.2%) {91.5%}
1062  O                                                                         (0 = 0.0%) {92.7%}
1262  -O                                                                        (1 = 1.2%) {92.7%}
1500  --O                                                                       (2 = 2.4%) {93.9%}
1782  O                                                                         (0 = 0.0%) {96.3%}
2117  ---O                                                                      (3 = 3.7%) {96.3%}
2516  ... 

Histogram: Net.HttpJob.TotalTimeSuccess.Priority1 recorded 14 samples, mean = 137.9 (flags = 0x41)
0    ... 
20   -O                                                                        (1 = 7.1%) {0.0%}
24   -O                                                                        (1 = 7.1%) {7.1%}
29   ---O                                                                      (3 = 21.4%) {14.3%}
34   -O                                                                        (1 = 7.1%) {35.7%}
40   ... 
68   -O                                                                        (1 = 7.1%) {42.9%}
81   ---O                                                                      (3 = 21.4%) {50.0%}
96   O                                                                         (0 = 0.0%) {71.4%}
114  -O                                                                        (1 = 7.1%) {71.4%}
135  O                                                                         (0 = 0.0%) {78.6%}
160  -O                                                                        (1 = 7.1%) {78.6%}
190  -O                                                                        (1 = 7.1%) {85.7%}
226  ... 
894  -O                                                                        (1 = 7.1%) {92.9%}
1062 ... 

Histogram: Net.HttpJob.TotalTimeSuccess.Priority2 recorded 42 samples, mean = 349.7 (flags = 0x41)
0     ... 
20    -O                                                                        (1 = 2.4%) {0.0%}
24    O                                                                         (0 = 0.0%) {2.4%}
29    --O                                                                       (2 = 4.8%) {2.4%}
34    ---O                                                                      (3 = 7.1%) {7.1%}
40    ----O                                                                     (4 = 9.5%) {14.3%}
48    --O                                                                       (2 = 4.8%) {23.8%}
57    -O                                                                        (1 = 2.4%) {28.6%}
68    -----O                                                                    (5 = 11.9%) {31.0%}
81    -----O                                                                    (5 = 11.9%) {42.9%}
96    -------O                                                                  (7 = 16.7%) {54.8%}
114   --O                                                                       (2 = 4.8%) {71.4%}
135   O                                                                         (0 = 0.0%) {76.2%}
160   -O                                                                        (1 = 2.4%) {76.2%}
190   --O                                                                       (2 = 4.8%) {78.6%}
226   O                                                                         (0 = 0.0%) {83.3%}
268   -O                                                                        (1 = 2.4%) {83.3%}
318   ... 
1262  -O                                                                        (1 = 2.4%) {85.7%}
1500  --O                                                                       (2 = 4.8%) {88.1%}
1782  O                                                                         (0 = 0.0%) {92.9%}
2117  ---O                                                                      (3 = 7.1%) {92.9%}
2516  ... 

Histogram: Net.HttpJob.TotalTimeSuccess.Priority3 recorded 1 samples, mean = 125.0 (flags = 0x41)
0    ... 
114  -O                                                                        (1 = 100.0%) {0.0%}
135  ... 

Histogram: Net.HttpJob.TotalTimeSuccess.Priority4 recorded 9 samples, mean = 98.0 (flags = 0x41)
0    ... 
34   -O                                                                        (1 = 11.1%) {0.0%}
40   ... 
57   -O                                                                        (1 = 11.1%) {11.1%}
68   --O                                                                       (2 = 22.2%) {22.2%}
81   ---O                                                                      (3 = 33.3%) {44.4%}
96   -O                                                                        (1 = 11.1%) {77.8%}
114  ... 
226  -O                                                                        (1 = 11.1%) {88.9%}
268  ... 

Histogram: Net.HttpJob.TotalTimeSuccess.Priority5 recorded 16 samples, mean = 164.3 (flags = 0x41)
0    ... 
34   --O                                                                       (2 = 12.5%) {0.0%}
40   O                                                                         (0 = 0.0%) {12.5%}
48   -O                                                                        (1 = 6.2%) {12.5%}
57   O                                                                         (0 = 0.0%) {18.8%}
68   -O                                                                        (1 = 6.2%) {18.8%}
81   -O                                                                        (1 = 6.2%) {25.0%}
96   -O                                                                        (1 = 6.2%) {31.2%}
114  O                                                                         (0 = 0.0%) {37.5%}
135  -O                                                                        (1 = 6.2%) {37.5%}
160  -O                                                                        (1 = 6.2%) {43.8%}
190  -O                                                                        (1 = 6.2%) {50.0%}
226  -------O                                                                  (7 = 43.8%) {56.2%}
268  ... 

Histogram: Net.HttpRequestSSLUpgradeDecision recorded 2 samples, mean = 3.0 (flags = 0x41)
0  O                                                                         (0 = 0.0%)
1  -O                                                                        (1 = 50.0%) {0.0%}
2  ... 
5  -O                                                                        (1 = 50.0%) {50.0%}
6  O                                                                         (0 = 0.0%) {100.0%}

Histogram: Net.HttpRequestStsState recorded 2 samples, mean = 1.5 (flags = 0x41)
0  O                                                                         (0 = 0.0%)
1  -O                                                                        (1 = 50.0%) {0.0%}
2  -O                                                                        (1 = 50.0%) {50.0%}
3  ... 

Histogram: Net.HttpResponseCode recorded 149 samples, mean = 205.6 (flags = 0x41)
0    ... 
200  ------------------------------------------------------------------------O (140 = 94.0%) {0.0%}
201  ... 
204  -O                                                                        (2 = 1.3%) {94.0%}
205  ... 
302  --O                                                                       (4 = 2.7%) {95.3%}
303  ... 
308  -O                                                                        (2 = 1.3%) {98.0%}
309  ... 
400  -O                                                                        (1 = 0.7%) {99.3%}
401  ... 

Histogram: Net.HttpTimeToFirstByte recorded 86 samples, mean = 239.5 (flags = 0x41)
0     ----O                                                                     (4 = 4.7%)
10    ... 
18    -O                                                                        (1 = 1.2%) {4.7%}
22    --O                                                                       (2 = 2.3%) {5.8%}
27    -------O                                                                  (7 = 8.1%) {8.1%}
33    -------O                                                                  (7 = 8.1%) {16.3%}
41    ----O                                                                     (4 = 4.7%) {24.4%}
50    ----O                                                                     (4 = 4.7%) {29.1%}
61    ----O                                                                     (4 = 4.7%) {33.7%}
75    ---------------O                                                          (15 = 17.4%) {38.4%}
92    --------O                                                                 (8 = 9.3%) {55.8%}
113   --------O                                                                 (8 = 9.3%) {65.1%}
139   ---O                                                                      (3 = 3.5%) {74.4%}
171   ---O                                                                      (3 = 3.5%) {77.9%}
210   -------O                                                                  (7 = 8.1%) {81.4%}
258   --O                                                                       (2 = 2.3%) {89.5%}
317   ... 
1081  -O                                                                        (1 = 1.2%) {91.9%}
1326  ---O                                                                      (3 = 3.5%) {93.0%}
1627  O                                                                         (0 = 0.0%) {96.5%}
1996  --O                                                                       (2 = 2.3%) {96.5%}
2449  -O                                                                        (1 = 1.2%) {98.8%}
3005  ... 

Histogram: Net.HttpTimeToFirstByte.TLS13.Google recorded 2 samples, mean = 875.5 (flags = 0x41)
0     ... 
173   -O                                                                        (1 = 50.0%) {0.0%}
220   ... 
1496  -O                                                                        (1 = 50.0%) {50.0%}
1901  ... 

Histogram: Net.NetworkChangeNotifier.NewConnectionCost recorded 2 samples, mean = 1.0 (flags = 0x41)
0  O                                                                         (0 = 0.0%)
1  --O                                                                       (2 = 100.0%) {0.0%}
2  ... 

Histogram: Net.NetworkChangeNotifier.NewConnectionType recorded 2 samples, mean = 2.0 (flags = 0x41)
0  ... 
2  --O                                                                       (2 = 100.0%) {0.0%}
3  ... 

Histogram: Net.NumQuicSessionsAtShutdown recorded 3 samples, mean = 0.0 (flags = 0x41)
0  ---O                                                                      (3 = 100.0%)
1  ... 

Histogram: Net.OnTransferSizeUpdated.Experimental.OverridenBy recorded 125 samples, mean = 13.1 (flags = 0x41)
0   O                                                                         (0 = 0.0%)
1   --------------------------------------------O                             (44 = 35.2%) {0.0%}
2   ... 
11  --------------------------------------O                                   (38 = 30.4%) {35.2%}
12  -O                                                                        (1 = 0.8%) {65.6%}
13  ... 
26  ----O                                                                     (4 = 3.2%) {66.4%}
27  O                                                                         (0 = 0.0%) {69.6%}
28  --------------------------------------O                                   (38 = 30.4%) {69.6%}
29  ... 

Histogram: Net.QuicConnection.WritePacketStatus recorded 42 samples, mean = 0.0 (flags = 0x41)
0  ------------------------------------------O                               (42 = 100.0%)
1  ... 

Histogram: Net.QuicCryptoClientConfig.PopulatedFromCanonicalConfig recorded 5 samples, mean = 0.0 (flags = 0x41)
0  -----O                                                                    (5 = 100.0%)
1  ... 

Histogram: Net.QuicHandshakeNotConfirmedNumPacketsReceived recorded 9 samples, mean = 0.0 (flags = 0x41)
0  ---------O                                                                (9 = 100.0%)
1  ... 

Histogram: Net.QuicHandshakeState recorded 14 samples, mean = 1.5 (flags = 0x41)
0  -------O                                                                  (7 = 50.0%)
1  ... 
3  -------O                                                                  (7 = 50.0%) {50.0%}
4  O                                                                         (0 = 0.0%) {100.0%}

Histogram: Net.QuicSession.AbortedPendingStreamRequests recorded 7 samples, mean = 0.0 (flags = 0x41)
0  -------O                                                                  (7 = 100.0%)
1  ... 

Histogram: Net.QuicSession.AsyncRead recorded 7 samples, mean = 1.0 (flags = 0x41)
0  O                                                                         (0 = 0.0%)
1  -------O                                                                  (7 = 100.0%) {0.0%}
2  O                                                                         (0 = 0.0%) {100.0%}

Histogram: Net.QuicSession.BlockedFrames.Received recorded 7 samples, mean = 0.0 (flags = 0x41)
0  -------O                                                                  (7 = 100.0%)
1  ... 

Histogram: Net.QuicSession.BlockedFrames.Sent recorded 7 samples, mean = 0.0 (flags = 0x41)
0  -------O                                                                  (7 = 100.0%)
1  ... 

Histogram: Net.QuicSession.CloseAllSessionsError recorded 3 samples (flags = 0x41)
3  ---O                                                                      (3 = 100.0%)

Histogram: Net.QuicSession.ClosedDuringInitializeSession recorded 7 samples, mean = 0.0 (flags = 0x41)
0  -------O                                                                  (7 = 100.0%)
1  ... 

Histogram: Net.QuicSession.ConnectionClose.HandshakeFailureBlackHole.QuicError recorded 7 samples (flags = 0x41)
25  -------O                                                                  (7 = 100.0%)

Histogram: Net.QuicSession.ConnectionClose.HandshakeNotConfirmed.Reason recorded 7 samples, mean = 1.0 (flags = 0x41)
0  O                                                                         (0 = 0.0%)
1  -------O                                                                  (7 = 100.0%) {0.0%}
2  ... 

Histogram: Net.QuicSession.ConnectionClose.NumOpenStreams.HandshakeTimedOut recorded 7 samples, mean = 0.0 (flags = 0x41)
0  -------O                                                                  (7 = 100.0%)
1  ... 

Histogram: Net.QuicSession.ConnectionClose.NumOpenStreams.TimedOut recorded 7 samples, mean = 0.0 (flags = 0x41)
0  -------O                                                                  (7 = 100.0%)
1  ... 

Histogram: Net.QuicSession.ConnectionClose.NumTotalStreams.HandshakeTimedOut recorded 7 samples, mean = 0.0 (flags = 0x41)
0  -------O                                                                  (7 = 100.0%)
1  ... 

Histogram: Net.QuicSession.ConnectionCloseErrorCodeClient recorded 7 samples (flags = 0x41)
25  -------O                                                                  (7 = 100.0%)

Histogram: Net.QuicSession.ConnectionCloseErrorCodeClient.HandshakeNotConfirmed recorded 7 samples (flags = 0x41)
25  -------O                                                                  (7 = 100.0%)

Histogram: Net.QuicSession.ConnectionCloseErrorCodeClientGoogle recorded 3 samples (flags = 0x41)
25  ---O                                                                      (3 = 100.0%)

Histogram: Net.QuicSession.ConnectionCloseErrorCodeClientGoogle.HandshakeNotConfirmed recorded 3 samples (flags = 0x41)
25  ---O                                                                      (3 = 100.0%)

Histogram: Net.QuicSession.CryptoRetransmitCount.HandshakeNotConfirmed recorded 7 samples, mean = 3.0 (flags = 0x41)
0  ... 
3  -------O                                                                  (7 = 100.0%) {0.0%}
4  ... 

Histogram: Net.QuicSession.DuplicatePacketsReceived recorded 7 samples, mean = 0.0 (flags = 0x41)
0  -------O                                                                  (7 = 100.0%)
1  ... 

Histogram: Net.QuicSession.EcnMarksObserved recorded 7 samples, mean = 0.0 (flags = 0x41)
0  -------O                                                                  (7 = 100.0%)
1  ... 

Histogram: Net.QuicSession.FinchConfigIsValid recorded 3 samples, mean = 1.0 (flags = 0x41)
0  O                                                                         (0 = 0.0%)
1  ---O                                                                      (3 = 100.0%) {0.0%}
2  O                                                                         (0 = 0.0%) {100.0%}

Histogram: Net.QuicSession.FindMatchingIpSessionResult recorded 7 samples, mean = 2.0 (flags = 0x41)
0  ... 
2  -------O                                                                  (7 = 100.0%) {0.0%}
3  O                                                                         (0 = 0.0%) {100.0%}

Histogram: Net.QuicSession.FindMatchingIpSessionResultGoogle recorded 3 samples, mean = 2.0 (flags = 0x41)
0  ... 
2  ---O                                                                      (3 = 100.0%) {0.0%}
3  O                                                                         (0 = 0.0%) {100.0%}

Histogram: Net.QuicSession.IncorrectConnectionIDsReceived recorded 7 samples, mean = 0.0 (flags = 0x41)
0  -------O                                                                  (7 = 100.0%)
1  ... 

Histogram: Net.QuicSession.InitialRttEsitmateSource recorded 7 samples, mean = 0.0 (flags = 0x41)
0  -------O                                                                  (7 = 100.0%)
1  ... 

Histogram: Net.QuicSession.MinRTT recorded 7 samples, mean = 100.0 (flags = 0x41)
0   ... 
96  -------O                                                                  (7 = 100.0%) {0.0%}
114 ... 

Histogram: Net.QuicSession.NumDefaultPathDegrading recorded 7 samples, mean = 0.0 (flags = 0x41)
0  -------O                                                                  (7 = 100.0%)
1  ... 

Histogram: Net.QuicSession.NumQueuedPacketsBeforeWrite recorded 21 samples, mean = 0.0 (flags = 0x41)
0  ---------------------O                                                    (21 = 100.0%)
1  ... 

Histogram: Net.QuicSession.NumTotalStreams recorded 7 samples, mean = 0.0 (flags = 0x41)
0  -------O                                                                  (7 = 100.0%)
1  ... 

Histogram: Net.QuicSession.OutOfOrderLargePacketsReceived recorded 7 samples, mean = 0.0 (flags = 0x41)
0  -------O                                                                  (7 = 100.0%)
1  ... 

Histogram: Net.QuicSession.OutOfOrderPacketsReceived recorded 7 samples, mean = 0.0 (flags = 0x41)
0  -------O                                                                  (7 = 100.0%)
1  ... 

Histogram: Net.QuicSession.PacketWriteTime.Synchronous recorded 42 samples, mean = 0.0 (flags = 0x41)
0  ------------------------------------------O                               (42 = 100.0%)
1  ... 

Histogram: Net.QuicSession.PacketsBeforeEcnTransition recorded 7 samples, mean = 0.0 (flags = 0x41)
0  -------O                                                                  (7 = 100.0%)
1  ... 

Histogram: Net.QuicSession.PreferAesGcm recorded 3 samples, mean = 1.0 (flags = 0x41)
0  O                                                                         (0 = 0.0%)
1  ---O                                                                      (3 = 100.0%) {0.0%}
2  O                                                                         (0 = 0.0%) {100.0%}

Histogram: Net.QuicSession.QuicVersion recorded 7 samples (flags = 0x41)
80  -------O                                                                  (7 = 100.0%)

Histogram: Net.QuicSession.SendPacketSize.Initial recorded 42 samples, mean = 842.9 (flags = 0x41)
0     ... 
128   -------O                                                                  (7 = 16.7%) {0.0%}
145   ... 
461   --O                                                                       (2 = 4.8%) {16.7%}
524   ----O                                                                     (4 = 9.5%) {21.4%}
595   --------O                                                                 (8 = 19.0%) {31.0%}
676   ... 
1126  ---------------------O                                                    (21 = 50.0%) {50.0%}
1279  ... 

Histogram: Net.QuicSession.SmoothedRTT recorded 7 samples, mean = 100.0 (flags = 0x41)
0   ... 
96  -------O                                                                  (7 = 100.0%) {0.0%}
114 ... 

Histogram: Net.QuicSession.TimeFromResolveHostToConfirmConnection recorded 7 samples, mean = 4024.7 (flags = 0x41)
0     ... 
3553  -------O                                                                  (7 = 100.0%) {0.0%}
4222  ... 

Histogram: Net.QuicSession.TooSmallInitialSentPacket recorded 21 samples, mean = 764.1 (flags = 0x41)
0     ... 
571   ------------O                                                             (12 = 57.1%) {0.0%}
646   --O                                                                       (2 = 9.5%) {57.1%}
731   ... 
1060  -------O                                                                  (7 = 33.3%) {66.7%}
1200  O                                                                         (0 = 0.0%) {100.0%}

Histogram: Net.QuicSession.UndecryptablePacketsReceived recorded 7 samples, mean = 0.0 (flags = 0x41)
0  -------O                                                                  (7 = 100.0%)
1  ... 

Histogram: Net.QuicSession.UndecryptablePacketsReceivedWithDecrypter recorded 7 samples, mean = 0.0 (flags = 0x41)
0  -------O                                                                  (7 = 100.0%)
1  ... 

Histogram: Net.QuicStreamFactory.DoConnectFailureLocation recorded 7 samples, mean = 5.0 (flags = 0x41)
0  ... 
5  -------O                                                                  (7 = 100.0%) {0.0%}
6  O                                                                         (0 = 0.0%) {100.0%}

Histogram: Net.RestrictedCookieManager.GetCookiesString.Count30Seconds recorded 4 samples, mean = 0.2 (flags = 0x41)
0  ---O                                                                      (3 = 75.0%)
1  -O                                                                        (1 = 25.0%) {75.0%}
2  ... 

Histogram: Net.RestrictedCookieManager.SiteForCookiesOK recorded 1 samples, mean = 1.0 (flags = 0x41)
0  O                                                                         (0 = 0.0%)
1  -O                                                                        (1 = 100.0%) {0.0%}
2  O                                                                         (0 = 0.0%) {100.0%}

Histogram: Net.RestrictedCookieManager.TopFrameOriginOK recorded 1 samples, mean = 1.0 (flags = 0x41)
0  O                                                                         (0 = 0.0%)
1  -O                                                                        (1 = 100.0%) {0.0%}
2  O                                                                         (0 = 0.0%) {100.0%}

Histogram: Net.SSLHandshakeDetails recorded 28 samples, mean = 6.1 (flags = 0x41)
0  ... 
6  -------------------------O                                                (25 = 89.3%) {0.0%}
7  ---O                                                                      (3 = 10.7%) {89.3%}
8  ... 

Histogram: Net.SSLNegotiatedAlpnProtocol recorded 28 samples, mean = 1.9 (flags = 0x41)
0  -O                                                                        (1 = 3.6%)
1  O                                                                         (0 = 0.0%) {3.6%}
2  ---------------------------O                                              (27 = 96.4%) {3.6%}
3  ... 

Histogram: Net.SSLRenegotiationInfoSupported recorded 28 samples, mean = 1.0 (flags = 0x41)
0  O                                                                         (0 = 0.0%)
1  ----------------------------O                                             (28 = 100.0%) {0.0%}
2  O                                                                         (0 = 0.0%) {100.0%}

Histogram: Net.SSLSignatureAlgorithm recorded 28 samples (flags = 0x41)
1027  -----------------O                                                        (17 = 60.7%)
2052  -----------O                                                              (11 = 39.3%)

Histogram: Net.SSLVersion recorded 27 samples, mean = 6.0 (flags = 0x41)
0  ... 
6  ---------------------------O                                              (27 = 100.0%) {0.0%}
7  ... 

Histogram: Net.SSL_CipherSuite recorded 27 samples (flags = 0x41)
4865  --------------------------O                                               (26 = 96.3%)
4866  -O                                                                        (1 = 3.7%)

Histogram: Net.SSL_Connection_Error recorded 27 samples (flags = 0x41)
0  ---------------------------O                                              (27 = 100.0%)

Histogram: Net.SSL_Connection_Latency_2 recorded 27 samples, mean = 578.7 (flags = 0x41)
0     ... 
25    -O                                                                        (1 = 3.7%) {0.0%}
28    --O                                                                       (2 = 7.4%) {3.7%}
31    -O                                                                        (1 = 3.7%) {11.1%}
34    ... 
51    --O                                                                       (2 = 7.4%) {14.8%}
56    -O                                                                        (1 = 3.7%) {22.2%}
62    --O                                                                       (2 = 7.4%) {25.9%}
68    O                                                                         (0 = 0.0%) {33.3%}
75    -O                                                                        (1 = 3.7%) {33.3%}
83    -----O                                                                    (5 = 18.5%) {37.0%}
92    --O                                                                       (2 = 7.4%) {55.6%}
101   ... 
135   -O                                                                        (1 = 3.7%) {63.0%}
149   ... 
221   -O                                                                        (1 = 3.7%) {66.7%}
244   ... 
718   -O                                                                        (1 = 3.7%) {70.4%}
792   ... 
1174  -O                                                                        (1 = 3.7%) {74.1%}
1295  O                                                                         (0 = 0.0%) {77.8%}
1429  --O                                                                       (2 = 7.4%) {77.8%}
1577  ... 
2118  ---O                                                                      (3 = 11.1%) {85.2%}
2337  -O                                                                        (1 = 3.7%) {96.3%}
2579  ... 

Histogram: Net.SSL_KeyExchange.ECDHE recorded 27 samples (flags = 0x41)
29     ----------------------O                                                   (22 = 81.5%)
25497  -----O                                                                    (5 = 18.5%)

Histogram: Net.SharedDictionaryStorageOnDisk.IsMetadataReadyOnFirstUse recorded 1 samples, mean = 1.0 (flags = 0x41)
0  O                                                                         (0 = 0.0%)
1  -O                                                                        (1 = 100.0%) {0.0%}
2  O                                                                         (0 = 0.0%) {100.0%}

Histogram: Net.SharedDictionaryStorageOnDisk.MetadataReadTime.Empty recorded 1 samples, mean = 2.0 (flags = 0x41)
0  ... 
2  -O                                                                        (1 = 100.0%) {0.0%}
3  ... 

Histogram: Net.SharedDictionaryStore.DeleteExpiredDictionaries.Error recorded 2 samples, mean = 0.0 (flags = 0x41)
0  --O                                                                       (2 = 100.0%)
1  ... 

Histogram: Net.SharedDictionaryStore.GetDictionaries.Error recorded 1 samples, mean = 0.0 (flags = 0x41)
0  -O                                                                        (1 = 100.0%)
1  ... 

Histogram: Net.SharedDictionaryStore.ProcessEviction.Error recorded 1 samples, mean = 0.0 (flags = 0x41)
0  -O                                                                        (1 = 100.0%)
1  ... 

Histogram: Net.SpdyFrameStreamAndSessionFlowControlState recorded 5 samples, mean = 0.0 (flags = 0x41)
0  -----O                                                                    (5 = 100.0%)
1  ... 

Histogram: Net.SpdyHeadersCompressionPercentage recorded 79 samples, mean = 73.4 (flags = 0x41)
0   ... 
36  -O                                                                        (1 = 1.3%) {0.0%}
37  O                                                                         (0 = 0.0%) {1.3%}
38  --O                                                                       (2 = 2.5%) {1.3%}
39  -O                                                                        (1 = 1.3%) {3.8%}
40  -O                                                                        (1 = 1.3%) {5.1%}
41  ----O                                                                     (4 = 5.1%) {6.3%}
42  ... 
44  -O                                                                        (1 = 1.3%) {11.4%}
45  -O                                                                        (1 = 1.3%) {12.7%}
46  ... 
49  -----O                                                                    (5 = 6.3%) {13.9%}
50  ... 
60  ---O                                                                      (3 = 3.8%) {20.3%}
61  -----------------O                                                        (17 = 21.5%) {24.1%}
62  ... 
75  -O                                                                        (1 = 1.3%) {45.6%}
76  ... 
78  -O                                                                        (1 = 1.3%) {46.8%}
79  -O                                                                        (1 = 1.3%) {48.1%}
80  -O                                                                        (1 = 1.3%) {49.4%}
81  ... 
83  -O                                                                        (1 = 1.3%) {50.6%}
84  -O                                                                        (1 = 1.3%) {51.9%}
85  -O                                                                        (1 = 1.3%) {53.2%}
86  ... 
89  -O                                                                        (1 = 1.3%) {54.4%}
90  O                                                                         (0 = 0.0%) {55.7%}
91  ------O                                                                   (6 = 7.6%) {55.7%}
92  ---------------O                                                          (15 = 19.0%) {63.3%}
93  -----------O                                                              (11 = 13.9%) {82.3%}
94  -O                                                                        (1 = 1.3%) {96.2%}
95  O                                                                         (0 = 0.0%) {97.5%}
96  -O                                                                        (1 = 1.3%) {97.5%}
97  -O                                                                        (1 = 1.3%) {98.7%}
98  ... 

Histogram: Net.SpdyResponseCode recorded 79 samples (flags = 0x41)
200  ------------------------------------------------------------------------O (74 = 93.7%)
204  -O                                                                        (1 = 1.3%)
302  --O                                                                       (2 = 2.5%)
308  -O                                                                        (1 = 1.3%)
400  -O                                                                        (1 = 1.3%)

Histogram: Net.SpdySession.AcceptChForOrigin recorded 79 samples, mean = 0.3 (flags = 0x41)
0  ----------------------------------------------------O                     (52 = 65.8%)
1  ---------------------------O                                              (27 = 34.2%) {65.8%}
2  O                                                                         (0 = 0.0%) {100.0%}

Histogram: Net.SpdySession.AlpsAcceptChEntries recorded 7 samples, mean = 1.0 (flags = 0x41)
0  O                                                                         (0 = 0.0%)
1  -------O                                                                  (7 = 100.0%) {0.0%}
2  ... 

Histogram: Net.SpdySession.AlpsDecoderStatus recorded 7 samples, mean = 0.0 (flags = 0x41)
0  -------O                                                                  (7 = 100.0%)
1  ... 

Histogram: Net.SpdySession.AlpsDecoderStatus.Bypassed recorded 7 samples, mean = 0.0 (flags = 0x41)
0  -------O                                                                  (7 = 100.0%)
1  ... 

Histogram: Net.SpdySession.AlpsSettingParameterCount recorded 7 samples, mean = 0.0 (flags = 0x41)
0  -------O                                                                  (7 = 100.0%)
1  ... 

Histogram: Net.SpdySession.ClosedOnError recorded 16 samples (flags = 0x41)
3  ----------------O                                                         (16 = 100.0%)

Histogram: Net.SpdySession.CreateStreamWithSocketConnected recorded 79 samples, mean = 1.0 (flags = 0x41)
0  O                                                                         (0 = 0.0%)
1  ------------------------------------------------------------------------O (79 = 100.0%) {0.0%}
2  O                                                                         (0 = 0.0%) {100.0%}

Histogram: Net.SpdySession.OnSettings.ActiveStreamCount2 recorded 16 samples, mean = 3.1 (flags = 0x41)
0   O                                                                         (0 = 0.0%)
1   ----------O                                                               (10 = 62.5%) {0.0%}
2   --O                                                                       (2 = 12.5%) {62.5%}
3   ---O                                                                      (3 = 18.8%) {75.0%}
4   ... 
26  -O                                                                        (1 = 6.2%) {93.8%}
29  ... 

Histogram: Net.SpdySession.OnSettings.CreatedAndActiveStreamCount2 recorded 16 samples, mean = 3.1 (flags = 0x41)
0   O                                                                         (0 = 0.0%)
1   ----------O                                                               (10 = 62.5%) {0.0%}
2   --O                                                                       (2 = 12.5%) {62.5%}
3   ---O                                                                      (3 = 18.8%) {75.0%}
4   ... 
26  -O                                                                        (1 = 6.2%) {93.8%}
29  ... 

Histogram: Net.SpdySession.OnSettings.CreatedStreamCount2 recorded 16 samples, mean = 0.0 (flags = 0x41)
0  ----------------O                                                         (16 = 100.0%)
1  ... 

Histogram: Net.SpdySession.OnSettings.PendingStreamCount2 recorded 16 samples, mean = 0.0 (flags = 0x41)
0  ----------------O                                                         (16 = 100.0%)
1  ... 

Histogram: Net.SpdySession.ServerSupportsWebSocket recorded 16 samples, mean = 0.0 (flags = 0x41)
0  ----------------O                                                         (16 = 100.0%)
1  ... 

Histogram: Net.SpdySessionGet recorded 75 samples, mean = 1.4 (flags = 0x41)
0  O                                                                         (0 = 0.0%)
1  -----------------------------------------------------------O              (59 = 78.7%) {0.0%}
2  O                                                                         (0 = 0.0%) {78.7%}
3  ----------------O                                                         (16 = 21.3%) {78.7%}
4  O                                                                         (0 = 0.0%) {100.0%}

Histogram: Net.SpdyStreamsAbandonedPerSession recorded 16 samples, mean = 0.0 (flags = 0x41)
0  ----------------O                                                         (16 = 100.0%)
1  ... 

Histogram: Net.SpdyStreamsPerSession recorded 16 samples, mean = 4.9 (flags = 0x41)
0   O                                                                         (0 = 0.0%)
1   ------O                                                                   (6 = 37.5%) {0.0%}
2   ----O                                                                     (4 = 25.0%) {37.5%}
3   --O                                                                       (2 = 12.5%) {62.5%}
4   O                                                                         (0 = 0.0%) {75.0%}
5   -O                                                                        (1 = 6.2%) {75.0%}
6   ... 
9   -O                                                                        (1 = 6.2%) {81.2%}
10  ... 
15  -O                                                                        (1 = 6.2%) {87.5%}
16  ... 
30  -O                                                                        (1 = 6.2%) {93.8%}
33  ... 

Histogram: Net.TCP_Connection_Latency recorded 31 samples, mean = 27.4 (flags = 0x41)
0   ... 
5   -O                                                                        (1 = 3.2%) {0.0%}
6   ... 
16  -O                                                                        (1 = 3.2%) {3.2%}
18  O                                                                         (0 = 0.0%) {6.5%}
20  -------O                                                                  (7 = 22.6%) {6.5%}
23  -----O                                                                    (5 = 16.1%) {29.0%}
26  -------O                                                                  (7 = 22.6%) {45.2%}
29  -O                                                                        (1 = 3.2%) {67.7%}
33  -----O                                                                    (5 = 16.1%) {71.0%}
37  O                                                                         (0 = 0.0%) {87.1%}
42  ----O                                                                     (4 = 12.9%) {87.1%}
48  ... 

Histogram: Net.TcpConnectAttempt.Latency.Error recorded 4 samples, mean = 2058.8 (flags = 0x41)
0     ... 
1996  ----O                                                                     (4 = 100.0%) {0.0%}
2449  ... 

Histogram: Net.TcpConnectAttempt.Latency.Success recorded 35 samples, mean = 27.1 (flags = 0x41)
0   ---O                                                                      (3 = 8.6%)
10  ... 
15  -O                                                                        (1 = 2.9%) {8.6%}
18  -------O                                                                  (7 = 20.0%) {11.4%}
22  --------O                                                                 (8 = 22.9%) {31.4%}
27  -----O                                                                    (5 = 14.3%) {54.3%}
33  ------O                                                                   (6 = 17.1%) {68.6%}
41  ----O                                                                     (4 = 11.4%) {85.7%}
50  -O                                                                        (1 = 2.9%) {97.1%}
61  ... 

Histogram: Net.UDPSocketWinClose recorded 34 samples, mean = 0.0 (flags = 0x41)
0  ----------------------------------O                                       (34 = 100.0%)
1  ... 

Histogram: Net.URLLoaderThrottle.OnReceiveResponseTime recorded 49 samples, mean = 1.9 (flags = 0x41)
0   ---------------------------------------------O                            (45 = 91.8%)
1   -O                                                                        (1 = 2.0%) {91.8%}
2   ... 
5   -O                                                                        (1 = 2.0%) {93.9%}
6   ... 
14  -O                                                                        (1 = 2.0%) {95.9%}
17  ... 
68  -O                                                                        (1 = 2.0%) {98.0%}
81  ... 

Histogram: Net.URLLoaderThrottleExecutionTime.BeforeWillProcessResponse recorded 247 samples, mean = 0.0 (flags = 0x41)
0  ------------------------------------------------------------------------O (247 = 100.0%)
1  ... 

Histogram: Net.URLLoaderThrottleExecutionTime.WillOnCompleteWithError recorded 20 samples, mean = 0.0 (flags = 0x41)
0  --------------------O                                                     (20 = 100.0%)
1  ... 

Histogram: Net.URLLoaderThrottleExecutionTime.WillProcessResponse recorded 247 samples, mean = 0.0 (flags = 0x41)
0  ------------------------------------------------------------------------O (247 = 100.0%)
1  ... 

Histogram: Net.URLLoaderThrottleExecutionTime.WillRedirectRequest recorded 21 samples, mean = 0.0 (flags = 0x41)
0  ---------------------O                                                    (21 = 100.0%)
1  ... 

Histogram: Net.URLLoaderThrottleExecutionTime.WillStartRequest recorded 267 samples, mean = 0.0 (flags = 0x41)
0  ------------------------------------------------------------------------O (267 = 100.0%)
1  ... 

Histogram: Net.URLRequest.ReferrerHasInformativePath.CrossOrigin recorded 72 samples, mean = 0.0 (flags = 0x41)
0  ------------------------------------------------------------------------O (72 = 100.0%)
1  ... 

Histogram: Net.URLRequest.ReferrerHasInformativePath.SameOrigin recorded 14 samples, mean = 1.0 (flags = 0x41)
0  O                                                                         (0 = 0.0%)
1  --------------O                                                           (14 = 100.0%) {0.0%}
2  O                                                                         (0 = 0.0%) {100.0%}

Histogram: Net.URLRequest.ReferrerPolicyForRequest.CrossOrigin recorded 72 samples, mean = 1.1 (flags = 0x41)
0  ----------------------O                                                   (22 = 30.6%)
1  ------------------------------------------O                               (42 = 58.3%) {30.6%}
2  O                                                                         (0 = 0.0%) {88.9%}
3  -----O                                                                    (5 = 6.9%) {88.9%}
4  ... 
7  ---O                                                                      (3 = 4.2%) {95.8%}
8  O                                                                         (0 = 0.0%) {100.0%}

Histogram: Net.URLRequest.ReferrerPolicyForRequest.SameOrigin recorded 14 samples, mean = 1.0 (flags = 0x41)
0  O                                                                         (0 = 0.0%)
1  --------------O                                                           (14 = 100.0%) {0.0%}
2  ... 

Histogram: Network.Mdns.Googlecast recorded 6 samples, mean = 0.0 (flags = 0x41)
0  ------O                                                                   (6 = 100.0%)
1  ... 

Histogram: NetworkService.DeletedOldCacheData recorded 1 samples, mean = 0.0 (flags = 0x41)
0  -O                                                                        (1 = 100.0%)
1  ... 

Histogram: NetworkService.GrantSandboxResult recorded 3 samples, mean = 2.3 (flags = 0x41)
0  --O                                                                       (2 = 66.7%)
1  ... 
7  -O                                                                        (1 = 33.3%) {66.7%}
8  ... 

Histogram: NetworkService.NetworkLoaderCompletionTime2.Network recorded 54 samples, mean = 212.6 (flags = 0x41)
0     ... 
20    -O                                                                        (1 = 1.9%) {0.0%}
24    -O                                                                        (1 = 1.9%) {1.9%}
29    --O                                                                       (2 = 3.7%) {3.7%}
34    ---O                                                                      (3 = 5.6%) {7.4%}
40    O                                                                         (0 = 0.0%) {13.0%}
48    --O                                                                       (2 = 3.7%) {13.0%}
57    O                                                                         (0 = 0.0%) {16.7%}
68    -----O                                                                    (5 = 9.3%) {16.7%}
81    ---O                                                                      (3 = 5.6%) {25.9%}
96    --O                                                                       (2 = 3.7%) {31.5%}
114   -O                                                                        (1 = 1.9%) {35.2%}
135   -O                                                                        (1 = 1.9%) {37.0%}
160   ---O                                                                      (3 = 5.6%) {38.9%}
190   -O                                                                        (1 = 1.9%) {44.4%}
226   -----------O                                                              (11 = 20.4%) {46.3%}
268   -----------------O                                                        (17 = 31.5%) {66.7%}
318   ... 
1500  -O                                                                        (1 = 1.9%) {98.1%}
1782  ... 

Histogram: NetworkService.TimeToGrantCacheAccess recorded 1 samples, mean = 0.0 (flags = 0x41)
0  -O                                                                        (1 = 100.0%)
1  ... 

Histogram: NetworkService.TimeToGrantDataAccess recorded 2 samples, mean = 0.0 (flags = 0x41)
0  --O                                                                       (2 = 100.0%)
1  ... 

Histogram: NetworkService.TimeToGrantSharedDictionaryAccess recorded 1 samples, mean = 0.0 (flags = 0x41)
0  -O                                                                        (1 = 100.0%)
1  ... 

Histogram: NetworkService.TimeToMigrateData recorded 2 samples, mean = 0.0 (flags = 0x41)
0  --O                                                                       (2 = 100.0%)
1  ... 

Histogram: NetworkedProfile.Check recorded 1 samples, mean = 4.0 (flags = 0x41)
0  ... 
4  -O                                                                        (1 = 100.0%) {0.0%}
5  ... 

Histogram: NewTabPage.MostVisited.DeciScore.0.Local recorded 1 samples, mean = 30.0 (flags = 0x41)
0   ... 
28  -O                                                                        (1 = 100.0%) {0.0%}
37  ... 

Histogram: NewTabPage.MostVisited.DeciScore.1.Local recorded 1 samples, mean = 30.0 (flags = 0x41)
0   ... 
28  -O                                                                        (1 = 100.0%) {0.0%}
37  ... 

Histogram: Notifications.UsingSystemNotificationCenter recorded 1 samples, mean = 0.0 (flags = 0x41)
0  -O                                                                        (1 = 100.0%)
1  ... 

Histogram: Notifications.Windows.GetDisplayedStatus recorded 1 samples, mean = 0.0 (flags = 0x41)
0  -O                                                                        (1 = 100.0%)
1  ... 

Histogram: Notifications.Windows.GetSettingStatusStartup recorded 1 samples, mean = 1.0 (flags = 0x41)
0  O                                                                         (0 = 0.0%)
1  -O                                                                        (1 = 100.0%) {0.0%}
2  O                                                                         (0 = 0.0%) {100.0%}

Histogram: Notifications.Windows.HistoryStatus recorded 1 samples, mean = 0.0 (flags = 0x41)
0  -O                                                                        (1 = 100.0%)
1  ... 

Histogram: Notifications.Windows.SetReadyCallbackStatus2 recorded 1 samples, mean = 3.0 (flags = 0x41)
0  ... 
3  -O                                                                        (1 = 100.0%) {0.0%}
4  ... 

Histogram: Notifications.Windows.StartMenuShortcutStatus recorded 1 samples, mean = 2.0 (flags = 0x41)
0  ... 
2  -O                                                                        (1 = 100.0%) {0.0%}
3  ... 

Histogram: OSCrypt.AppBoundEncryption.SupportLevel recorded 1 samples, mean = 4.0 (flags = 0x41)
0  ... 
4  -O                                                                        (1 = 100.0%) {0.0%}
5  ... 

Histogram: OSCrypt.AppBoundProvider.KeyRetrieval.Status recorded 1 samples, mean = 1.0 (flags = 0x41)
0  O                                                                         (0 = 0.0%)
1  -O                                                                        (1 = 100.0%) {0.0%}
2  ... 

Histogram: OSCrypt.AsyncInitialization.Result recorded 1 samples, mean = 1.0 (flags = 0x41)
0  O                                                                         (0 = 0.0%)
1  -O                                                                        (1 = 100.0%) {0.0%}
2  O                                                                         (0 = 0.0%) {100.0%}

Histogram: OSCrypt.AsyncInitialization.Time recorded 1 samples, mean = 0.0 (flags = 0x41)
0  -O                                                                        (1 = 100.0%)
1  ... 

Histogram: OSCrypt.DPAPIProvider.Status recorded 1 samples, mean = 0.0 (flags = 0x41)
0  -O                                                                        (1 = 100.0%)
1  ... 

Histogram: OSCrypt.Win.Encrypt.Result recorded 1 samples, mean = 1.0 (flags = 0x41)
0  O                                                                         (0 = 0.0%)
1  -O                                                                        (1 = 100.0%) {0.0%}
2  O                                                                         (0 = 0.0%) {100.0%}

Histogram: OSCrypt.Win.Encrypt.Time recorded 1 samples, mean = 0.0 (flags = 0x41)
0  -O                                                                        (1 = 100.0%)
1  ... 

Histogram: Omnibox.TemplateUrl.RlzPresent recorded 14 samples, mean = 0.0 (flags = 0x41)
0  --------------O                                                           (14 = 100.0%)
1  ... 

Histogram: Omnibox.TemplateUrl.SearchClientPresent recorded 14 samples, mean = 0.0 (flags = 0x41)
0  --------------O                                                           (14 = 100.0%)
1  ... 

Histogram: OptimizationGuide.ApplyDecision.AboutThisSite recorded 1 samples, mean = 8.0 (flags = 0x41)
0  ... 
8  -O                                                                        (1 = 100.0%) {0.0%}
9  ... 

Histogram: OptimizationGuide.ApplyDecision.HistoryClusters recorded 4 samples, mean = 8.0 (flags = 0x41)
0  ... 
8  ----O                                                                     (4 = 100.0%) {0.0%}
9  ... 

Histogram: OptimizationGuide.ApplyDecision.PageEntities recorded 4 samples, mean = 8.0 (flags = 0x41)
0  ... 
8  ----O                                                                     (4 = 100.0%) {0.0%}
9  ... 

Histogram: OptimizationGuide.ApplyDecision.PriceInsights recorded 2 samples, mean = 10.0 (flags = 0x41)
0   ... 
8   -O                                                                        (1 = 50.0%) {0.0%}
9   ... 
12  -O                                                                        (1 = 50.0%) {50.0%}
13  O                                                                         (0 = 0.0%) {100.0%}

Histogram: OptimizationGuide.ApplyDecision.PriceTracking recorded 2 samples, mean = 10.0 (flags = 0x41)
0   ... 
8   -O                                                                        (1 = 50.0%) {0.0%}
9   ... 
12  -O                                                                        (1 = 50.0%) {50.0%}
13  O                                                                         (0 = 0.0%) {100.0%}

Histogram: OptimizationGuide.ApplyDecision.SalientImage recorded 4 samples, mean = 8.0 (flags = 0x41)
0  ... 
8  ----O                                                                     (4 = 100.0%) {0.0%}
9  ... 

Histogram: OptimizationGuide.ApplyDecision.V8CompileHints recorded 1 samples, mean = 8.0 (flags = 0x41)
0  ... 
8  -O                                                                        (1 = 100.0%) {0.0%}
9  ... 

Histogram: OptimizationGuide.ClearFetchedHints.StoreAvailable recorded 1 samples, mean = 1.0 (flags = 0x41)
0  O                                                                         (0 = 0.0%)
1  -O                                                                        (1 = 100.0%) {0.0%}
2  O                                                                         (0 = 0.0%) {100.0%}

Histogram: OptimizationGuide.HintCacheLevelDBStore.LoadMetadataResult recorded 1 samples, mean = 2.0 (flags = 0x41)
0  ... 
2  -O                                                                        (1 = 100.0%) {0.0%}
3  ... 

Histogram: OptimizationGuide.HintCacheLevelDBStore.Status recorded 3 samples, mean = 1.0 (flags = 0x41)
0  -O                                                                        (1 = 33.3%)
1  -O                                                                        (1 = 33.3%) {33.3%}
2  -O                                                                        (1 = 33.3%) {66.7%}
3  ... 

Histogram: OptimizationGuide.HintsManager.HintCacheInitialized recorded 1 samples, mean = 1.0 (flags = 0x40)
0  O                                                                         (0 = 0.0%)
1  -O                                                                        (1 = 100.0%) {0.0%}
2  O                                                                         (0 = 0.0%) {100.0%}

Histogram: OptimizationGuide.LoadedHint.Result recorded 4 samples, mean = 0.0 (flags = 0x40)
0  ----O                                                                     (4 = 100.0%)
1  ... 

Histogram: OptimizationGuide.ModelExecution.FeatureCurrentlyEnabledResult.Compose recorded 1 samples, mean = 1.0 (flags = 0x41)
0  O                                                                         (0 = 0.0%)
1  -O                                                                        (1 = 100.0%) {0.0%}
2  ... 

Histogram: OptimizationGuide.ModelExecution.FeatureCurrentlyEnabledResult.HistorySearch recorded 2 samples, mean = 3.0 (flags = 0x41)
0  ... 
3  --O                                                                       (2 = 100.0%) {0.0%}
4  ... 

Histogram: OptimizationGuide.ModelExecution.FeatureCurrentlyEnabledResult.TabOrganization recorded 1 samples, mean = 3.0 (flags = 0x41)
0  ... 
3  -O                                                                        (1 = 100.0%) {0.0%}
4  ... 

Histogram: OptimizationGuide.ModelExecution.FeatureCurrentlyEnabledResult.WallpaperSearch recorded 1 samples, mean = 1.0 (flags = 0x41)
0  O                                                                         (0 = 0.0%)
1  -O                                                                        (1 = 100.0%) {0.0%}
2  ... 

Histogram: OptimizationGuide.ModelExecution.FeatureEnabledAtStartup.Compose recorded 1 samples, mean = 0.0 (flags = 0x41)
0  -O                                                                        (1 = 100.0%)
1  ... 

Histogram: OptimizationGuide.ModelExecution.FeatureEnabledAtStartup.HistorySearch recorded 1 samples, mean = 0.0 (flags = 0x41)
0  -O                                                                        (1 = 100.0%)
1  ... 

Histogram: OptimizationGuide.ModelExecution.FeatureEnabledAtStartup.TabOrganization recorded 1 samples, mean = 0.0 (flags = 0x41)
0  -O                                                                        (1 = 100.0%)
1  ... 

Histogram: OptimizationGuide.ModelExecution.FeatureEnabledAtStartup.WallpaperSearch recorded 1 samples, mean = 0.0 (flags = 0x41)
0  -O                                                                        (1 = 100.0%)
1  ... 

Histogram: OptimizationGuide.ModelExecution.OnDeviceModelInstallCriteria.AtRegistration.All recorded 1 samples, mean = 0.0 (flags = 0x41)
0  -O                                                                        (1 = 100.0%)
1  ... 

Histogram: OptimizationGuide.ModelExecution.OnDeviceModelInstallCriteria.AtRegistration.DeviceCapability recorded 1 samples, mean = 0.0 (flags = 0x41)
0  -O                                                                        (1 = 100.0%)
1  ... 

Histogram: OptimizationGuide.ModelExecution.OnDeviceModelInstallCriteria.AtRegistration.DiskSpace recorded 1 samples, mean = 1.0 (flags = 0x41)
0  O                                                                         (0 = 0.0%)
1  -O                                                                        (1 = 100.0%) {0.0%}
2  O                                                                         (0 = 0.0%) {100.0%}

Histogram: OptimizationGuide.ModelExecution.OnDeviceModelInstallCriteria.AtRegistration.EnabledByEnterprisePolicy recorded 1 samples, mean = 1.0 (flags = 0x41)
0  O                                                                         (0 = 0.0%)
1  -O                                                                        (1 = 100.0%) {0.0%}
2  O                                                                         (0 = 0.0%) {100.0%}

Histogram: OptimizationGuide.ModelExecution.OnDeviceModelInstallCriteria.AtRegistration.EnabledByFeature recorded 1 samples, mean = 0.0 (flags = 0x41)
0  -O                                                                        (1 = 100.0%)
1  ... 

Histogram: OptimizationGuide.ModelExecution.OnDeviceModelInstallCriteria.AtRegistration.FeatureUse recorded 1 samples, mean = 0.0 (flags = 0x41)
0  -O                                                                        (1 = 100.0%)
1  ... 

Histogram: OptimizationGuide.ModelExecutor.ExecutionStatus.PageVisibility recorded 4 samples, mean = 3.0 (flags = 0x41)
0  ... 
3  ----O                                                                     (4 = 100.0%) {0.0%}
4  ... 

Histogram: OptimizationGuide.ModelExecutor.ModelAvailableToLoad.PageVisibility recorded 4 samples, mean = 0.0 (flags = 0x41)
0  ----O                                                                     (4 = 100.0%)
1  ... 

Histogram: OptimizationGuide.ModelExecutor.TaskExecutionLatency.PageVisibility recorded 4 samples, mean = 65.8 (flags = 0x41)
0   ... 
52  -O                                                                        (1 = 25.0%) {0.0%}
66  ---O                                                                      (3 = 75.0%) {25.0%}
84  ... 

Histogram: OptimizationGuide.ModelExecutor.TaskSchedulingLatency.PageVisibility recorded 4 samples, mean = 2.8 (flags = 0x41)
0  ... 
2  -O                                                                        (1 = 25.0%) {0.0%}
3  ---O                                                                      (3 = 75.0%) {25.0%}
4  ... 

Histogram: OptimizationGuide.ModelHandler.HandlerCreated.GeolocationPermissions recorded 1 samples, mean = 1.0 (flags = 0x41)
0  O                                                                         (0 = 0.0%)
1  -O                                                                        (1 = 100.0%) {0.0%}
2  O                                                                         (0 = 0.0%) {100.0%}

Histogram: OptimizationGuide.ModelHandler.HandlerCreated.NewTabPageHistoryClustersModuleRanking recorded 1 samples, mean = 1.0 (flags = 0x41)
0  O                                                                         (0 = 0.0%)
1  -O                                                                        (1 = 100.0%) {0.0%}
2  O                                                                         (0 = 0.0%) {100.0%}

Histogram: OptimizationGuide.ModelHandler.HandlerCreated.NotificationPermissions recorded 1 samples, mean = 1.0 (flags = 0x41)
0  O                                                                         (0 = 0.0%)
1  -O                                                                        (1 = 100.0%) {0.0%}
2  O                                                                         (0 = 0.0%) {100.0%}

Histogram: OptimizationGuide.ModelHandler.HandlerCreated.OmniboxUrlScoring recorded 1 samples, mean = 1.0 (flags = 0x41)
0  O                                                                         (0 = 0.0%)
1  -O                                                                        (1 = 100.0%) {0.0%}
2  O                                                                         (0 = 0.0%) {100.0%}

Histogram: OptimizationGuide.ModelHandler.HandlerCreated.PageTopicsV2 recorded 1 samples, mean = 1.0 (flags = 0x41)
0  O                                                                         (0 = 0.0%)
1  -O                                                                        (1 = 100.0%) {0.0%}
2  O                                                                         (0 = 0.0%) {100.0%}

Histogram: OptimizationGuide.ModelHandler.HandlerCreated.PageVisibility recorded 1 samples, mean = 1.0 (flags = 0x41)
0  O                                                                         (0 = 0.0%)
1  -O                                                                        (1 = 100.0%) {0.0%}
2  O                                                                         (0 = 0.0%) {100.0%}

Histogram: OptimizationGuide.ModelHandler.HandlerCreated.SegmentationChromeLowUserEngagement recorded 1 samples, mean = 1.0 (flags = 0x41)
0  O                                                                         (0 = 0.0%)
1  -O                                                                        (1 = 100.0%) {0.0%}
2  O                                                                         (0 = 0.0%) {100.0%}

Histogram: OptimizationGuide.ModelHandler.HandlerCreated.SegmentationComposePromotion recorded 1 samples, mean = 1.0 (flags = 0x41)
0  O                                                                         (0 = 0.0%)
1  -O                                                                        (1 = 100.0%) {0.0%}
2  O                                                                         (0 = 0.0%) {100.0%}

Histogram: OptimizationGuide.ModelHandler.HandlerCreated.SegmentationDeviceSwitcher recorded 1 samples, mean = 1.0 (flags = 0x41)
0  O                                                                         (0 = 0.0%)
1  -O                                                                        (1 = 100.0%) {0.0%}
2  O                                                                         (0 = 0.0%) {100.0%}

Histogram: OptimizationGuide.ModelHandler.HandlerCreated.SegmentationSearchUser recorded 1 samples, mean = 1.0 (flags = 0x41)
0  O                                                                         (0 = 0.0%)
1  -O                                                                        (1 = 100.0%) {0.0%}
2  O                                                                         (0 = 0.0%) {100.0%}

Histogram: OptimizationGuide.ModelHandler.HandlerCreated.SegmentationShoppingUser recorded 1 samples, mean = 1.0 (flags = 0x41)
0  O                                                                         (0 = 0.0%)
1  -O                                                                        (1 = 100.0%) {0.0%}
2  O                                                                         (0 = 0.0%) {100.0%}

Histogram: OptimizationGuide.ModelHandler.HandlerCreated.URLVisitResumptionRanker recorded 1 samples, mean = 1.0 (flags = 0x41)
0  O                                                                         (0 = 0.0%)
1  -O                                                                        (1 = 100.0%) {0.0%}
2  O                                                                         (0 = 0.0%) {100.0%}

Histogram: OptimizationGuide.ModelHandler.HandlerCreated.WebAppInstallationPromo recorded 1 samples, mean = 1.0 (flags = 0x41)
0  O                                                                         (0 = 0.0%)
1  -O                                                                        (1 = 100.0%) {0.0%}
2  O                                                                         (0 = 0.0%) {100.0%}

Histogram: OptimizationGuide.PageContentAnnotations.AnnotateVisitResultCached recorded 4 samples, mean = 0.0 (flags = 0x41)
0  ----O                                                                     (4 = 100.0%)
1  ... 

Histogram: OptimizationGuide.PageContentAnnotations.BatchRequestedSize.ContentVisibility recorded 1 samples, mean = 4.0 (flags = 0x41)
0  ... 
4  -O                                                                        (1 = 100.0%) {0.0%}
5  ... 

Histogram: OptimizationGuide.PageContentAnnotations.BatchSuccess.ContentVisibility recorded 1 samples, mean = 0.0 (flags = 0x41)
0  -O                                                                        (1 = 100.0%)
1  ... 

Histogram: OptimizationGuide.PageContentAnnotations.JobExecutionTime.ContentVisibility recorded 1 samples, mean = 66.0 (flags = 0x41)
0   ... 
66  -O                                                                        (1 = 100.0%) {0.0%}
84  ... 

Histogram: OptimizationGuide.PageContentAnnotations.JobScheduleTime.ContentVisibility recorded 1 samples, mean = 0.0 (flags = 0x41)
0  -O                                                                        (1 = 100.0%)
1  ... 

Histogram: OptimizationGuide.PageContentAnnotationsService.ContentAnnotated recorded 4 samples, mean = 0.0 (flags = 0x41)
0  ----O                                                                     (4 = 100.0%)
1  ... 

Histogram: OptimizationGuide.PredictionManager.DownloadServiceAvailabilityBlockedFetch recorded 1 samples, mean = 0.0 (flags = 0x41)
0  -O                                                                        (1 = 100.0%)
1  ... 

Histogram: OptimizationGuide.PredictionManager.FirstModelFetchSinceServiceInit recorded 1 samples, mean = 10035.0 (flags = 0x41)
0     ... 
8000  -O                                                                        (1 = 100.0%) {0.0%}
10165 ... 

Histogram: OptimizationGuide.PredictionManager.ModelAvailableAtRegistration.ClientSidePhishing recorded 1 samples, mean = 0.0 (flags = 0x41)
0  -O                                                                        (1 = 100.0%)
1  ... 

Histogram: OptimizationGuide.PredictionManager.ModelAvailableAtRegistration.GeolocationPermissions recorded 1 samples, mean = 0.0 (flags = 0x41)
0  -O                                                                        (1 = 100.0%)
1  ... 

Histogram: OptimizationGuide.PredictionManager.ModelAvailableAtRegistration.LanguageDetection recorded 2 samples, mean = 0.0 (flags = 0x41)
0  --O                                                                       (2 = 100.0%)
1  ... 

Histogram: OptimizationGuide.PredictionManager.ModelAvailableAtRegistration.NewTabPageHistoryClustersModuleRanking recorded 1 samples, mean = 0.0 (flags = 0x41)
0  -O                                                                        (1 = 100.0%)
1  ... 

Histogram: OptimizationGuide.PredictionManager.ModelAvailableAtRegistration.NotificationPermissions recorded 1 samples, mean = 0.0 (flags = 0x41)
0  -O                                                                        (1 = 100.0%)
1  ... 

Histogram: OptimizationGuide.PredictionManager.ModelAvailableAtRegistration.OmniboxUrlScoring recorded 1 samples, mean = 0.0 (flags = 0x41)
0  -O                                                                        (1 = 100.0%)
1  ... 

Histogram: OptimizationGuide.PredictionManager.ModelAvailableAtRegistration.PageTopicsV2 recorded 1 samples, mean = 0.0 (flags = 0x41)
0  -O                                                                        (1 = 100.0%)
1  ... 

Histogram: OptimizationGuide.PredictionManager.ModelAvailableAtRegistration.PageVisibility recorded 1 samples, mean = 0.0 (flags = 0x41)
0  -O                                                                        (1 = 100.0%)
1  ... 

Histogram: OptimizationGuide.PredictionManager.ModelAvailableAtRegistration.SegmentationChromeLowUserEngagement recorded 1 samples, mean = 0.0 (flags = 0x41)
0  -O                                                                        (1 = 100.0%)
1  ... 

Histogram: OptimizationGuide.PredictionManager.ModelAvailableAtRegistration.SegmentationComposePromotion recorded 1 samples, mean = 0.0 (flags = 0x41)
0  -O                                                                        (1 = 100.0%)
1  ... 

Histogram: OptimizationGuide.PredictionManager.ModelAvailableAtRegistration.SegmentationDeviceSwitcher recorded 1 samples, mean = 0.0 (flags = 0x41)
0  -O                                                                        (1 = 100.0%)
1  ... 

Histogram: OptimizationGuide.PredictionManager.ModelAvailableAtRegistration.SegmentationSearchUser recorded 1 samples, mean = 0.0 (flags = 0x41)
0  -O                                                                        (1 = 100.0%)
1  ... 

Histogram: OptimizationGuide.PredictionManager.ModelAvailableAtRegistration.SegmentationShoppingUser recorded 1 samples, mean = 0.0 (flags = 0x41)
0  -O                                                                        (1 = 100.0%)
1  ... 

Histogram: OptimizationGuide.PredictionManager.ModelAvailableAtRegistration.TextSafety recorded 1 samples, mean = 0.0 (flags = 0x41)
0  -O                                                                        (1 = 100.0%)
1  ... 

Histogram: OptimizationGuide.PredictionManager.ModelAvailableAtRegistration.URLVisitResumptionRanker recorded 1 samples, mean = 0.0 (flags = 0x41)
0  -O                                                                        (1 = 100.0%)
1  ... 

Histogram: OptimizationGuide.PredictionManager.ModelAvailableAtRegistration.VisualSearchClassification recorded 1 samples, mean = 0.0 (flags = 0x41)
0  -O                                                                        (1 = 100.0%)
1  ... 

Histogram: OptimizationGuide.PredictionManager.ModelAvailableAtRegistration.WebAppInstallationPromo recorded 1 samples, mean = 0.0 (flags = 0x41)
0  -O                                                                        (1 = 100.0%)
1  ... 

Histogram: OptimizationGuide.PredictionManager.ModelDeliveryEvents.ClientSidePhishing recorded 2 samples, mean = 5.5 (flags = 0x41)
0  ... 
3  -O                                                                        (1 = 50.0%) {0.0%}
4  ... 
8  -O                                                                        (1 = 50.0%) {50.0%}
9  ... 

Histogram: OptimizationGuide.PredictionManager.ModelDeliveryEvents.GeolocationPermissions recorded 2 samples, mean = 5.5 (flags = 0x41)
0  ... 
3  -O                                                                        (1 = 50.0%) {0.0%}
4  ... 
8  -O                                                                        (1 = 50.0%) {50.0%}
9  ... 

Histogram: OptimizationGuide.PredictionManager.ModelDeliveryEvents.LanguageDetection recorded 2 samples, mean = 5.5 (flags = 0x41)
0  ... 
3  -O                                                                        (1 = 50.0%) {0.0%}
4  ... 
8  -O                                                                        (1 = 50.0%) {50.0%}
9  ... 

Histogram: OptimizationGuide.PredictionManager.ModelDeliveryEvents.NewTabPageHistoryClustersModuleRanking recorded 2 samples, mean = 5.5 (flags = 0x41)
0  ... 
3  -O                                                                        (1 = 50.0%) {0.0%}
4  ... 
8  -O                                                                        (1 = 50.0%) {50.0%}
9  ... 

Histogram: OptimizationGuide.PredictionManager.ModelDeliveryEvents.NotificationPermissions recorded 2 samples, mean = 5.5 (flags = 0x41)
0  ... 
3  -O                                                                        (1 = 50.0%) {0.0%}
4  ... 
8  -O                                                                        (1 = 50.0%) {50.0%}
9  ... 

Histogram: OptimizationGuide.PredictionManager.ModelDeliveryEvents.OmniboxUrlScoring recorded 2 samples, mean = 5.5 (flags = 0x41)
0  ... 
3  -O                                                                        (1 = 50.0%) {0.0%}
4  ... 
8  -O                                                                        (1 = 50.0%) {50.0%}
9  ... 

Histogram: OptimizationGuide.PredictionManager.ModelDeliveryEvents.PageTopicsV2 recorded 2 samples, mean = 5.5 (flags = 0x41)
0  ... 
3  -O                                                                        (1 = 50.0%) {0.0%}
4  ... 
8  -O                                                                        (1 = 50.0%) {50.0%}
9  ... 

Histogram: OptimizationGuide.PredictionManager.ModelDeliveryEvents.PageVisibility recorded 2 samples, mean = 5.5 (flags = 0x41)
0  ... 
3  -O                                                                        (1 = 50.0%) {0.0%}
4  ... 
8  -O                                                                        (1 = 50.0%) {50.0%}
9  ... 

Histogram: OptimizationGuide.PredictionManager.ModelDeliveryEvents.SegmentationChromeLowUserEngagement recorded 2 samples, mean = 5.5 (flags = 0x41)
0  ... 
3  -O                                                                        (1 = 50.0%) {0.0%}
4  ... 
8  -O                                                                        (1 = 50.0%) {50.0%}
9  ... 

Histogram: OptimizationGuide.PredictionManager.ModelDeliveryEvents.SegmentationComposePromotion recorded 2 samples, mean = 5.5 (flags = 0x41)
0  ... 
3  -O                                                                        (1 = 50.0%) {0.0%}
4  ... 
8  -O                                                                        (1 = 50.0%) {50.0%}
9  ... 

Histogram: OptimizationGuide.PredictionManager.ModelDeliveryEvents.SegmentationDeviceSwitcher recorded 2 samples, mean = 5.5 (flags = 0x41)
0  ... 
3  -O                                                                        (1 = 50.0%) {0.0%}
4  ... 
8  -O                                                                        (1 = 50.0%) {50.0%}
9  ... 

Histogram: OptimizationGuide.PredictionManager.ModelDeliveryEvents.SegmentationSearchUser recorded 2 samples, mean = 5.5 (flags = 0x41)
0  ... 
3  -O                                                                        (1 = 50.0%) {0.0%}
4  ... 
8  -O                                                                        (1 = 50.0%) {50.0%}
9  ... 

Histogram: OptimizationGuide.PredictionManager.ModelDeliveryEvents.SegmentationShoppingUser recorded 2 samples, mean = 5.5 (flags = 0x41)
0  ... 
3  -O                                                                        (1 = 50.0%) {0.0%}
4  ... 
8  -O                                                                        (1 = 50.0%) {50.0%}
9  ... 

Histogram: OptimizationGuide.PredictionManager.ModelDeliveryEvents.TextSafety recorded 2 samples, mean = 5.5 (flags = 0x41)
0  ... 
3  -O                                                                        (1 = 50.0%) {0.0%}
4  ... 
8  -O                                                                        (1 = 50.0%) {50.0%}
9  ... 

Histogram: OptimizationGuide.PredictionManager.ModelDeliveryEvents.URLVisitResumptionRanker recorded 2 samples, mean = 5.5 (flags = 0x41)
0  ... 
3  -O                                                                        (1 = 50.0%) {0.0%}
4  ... 
8  -O                                                                        (1 = 50.0%) {50.0%}
9  ... 

Histogram: OptimizationGuide.PredictionManager.ModelDeliveryEvents.VisualSearchClassification recorded 2 samples, mean = 5.5 (flags = 0x41)
0  ... 
3  -O                                                                        (1 = 50.0%) {0.0%}
4  ... 
8  -O                                                                        (1 = 50.0%) {50.0%}
9  ... 

Histogram: OptimizationGuide.PredictionManager.ModelDeliveryEvents.WebAppInstallationPromo recorded 2 samples, mean = 5.5 (flags = 0x41)
0  ... 
3  -O                                                                        (1 = 50.0%) {0.0%}
4  ... 
8  -O                                                                        (1 = 50.0%) {50.0%}
9  ... 

Histogram: OptimizationGuide.PredictionManager.RegistrationTimeSinceServiceInit.ClientSidePhishing recorded 1 samples, mean = 0.0 (flags = 0x41)
0  -O                                                                        (1 = 100.0%)
1  ... 

Histogram: OptimizationGuide.PredictionManager.RegistrationTimeSinceServiceInit.GeolocationPermissions recorded 1 samples, mean = 0.0 (flags = 0x41)
0  -O                                                                        (1 = 100.0%)
1  ... 

Histogram: OptimizationGuide.PredictionManager.RegistrationTimeSinceServiceInit.LanguageDetection recorded 2 samples, mean = 13.0 (flags = 0x41)
0   -O                                                                        (1 = 50.0%)
1   ... 
25  -O                                                                        (1 = 50.0%) {50.0%}
32  ... 

Histogram: OptimizationGuide.PredictionManager.RegistrationTimeSinceServiceInit.NewTabPageHistoryClustersModuleRanking recorded 1 samples, mean = 0.0 (flags = 0x41)
0  -O                                                                        (1 = 100.0%)
1  ... 

Histogram: OptimizationGuide.PredictionManager.RegistrationTimeSinceServiceInit.NotificationPermissions recorded 1 samples, mean = 0.0 (flags = 0x41)
0  -O                                                                        (1 = 100.0%)
1  ... 

Histogram: OptimizationGuide.PredictionManager.RegistrationTimeSinceServiceInit.OmniboxUrlScoring recorded 1 samples, mean = 0.0 (flags = 0x41)
0  -O                                                                        (1 = 100.0%)
1  ... 

Histogram: OptimizationGuide.PredictionManager.RegistrationTimeSinceServiceInit.PageTopicsV2 recorded 1 samples, mean = 0.0 (flags = 0x41)
0  -O                                                                        (1 = 100.0%)
1  ... 

Histogram: OptimizationGuide.PredictionManager.RegistrationTimeSinceServiceInit.PageVisibility recorded 1 samples, mean = 0.0 (flags = 0x41)
0  -O                                                                        (1 = 100.0%)
1  ... 

Histogram: OptimizationGuide.PredictionManager.RegistrationTimeSinceServiceInit.SegmentationChromeLowUserEngagement recorded 1 samples, mean = 9340.0 (flags = 0x41)
0     ... 
8000  -O                                                                        (1 = 100.0%) {0.0%}
10165 ... 

Histogram: OptimizationGuide.PredictionManager.RegistrationTimeSinceServiceInit.SegmentationComposePromotion recorded 1 samples, mean = 9343.0 (flags = 0x41)
0     ... 
8000  -O                                                                        (1 = 100.0%) {0.0%}
10165 ... 

Histogram: OptimizationGuide.PredictionManager.RegistrationTimeSinceServiceInit.SegmentationDeviceSwitcher recorded 1 samples, mean = 9342.0 (flags = 0x41)
0     ... 
8000  -O                                                                        (1 = 100.0%) {0.0%}
10165 ... 

Histogram: OptimizationGuide.PredictionManager.RegistrationTimeSinceServiceInit.SegmentationSearchUser recorded 1 samples, mean = 9342.0 (flags = 0x41)
0     ... 
8000  -O                                                                        (1 = 100.0%) {0.0%}
10165 ... 

Histogram: OptimizationGuide.PredictionManager.RegistrationTimeSinceServiceInit.SegmentationShoppingUser recorded 1 samples, mean = 9342.0 (flags = 0x41)
0     ... 
8000  -O                                                                        (1 = 100.0%) {0.0%}
10165 ... 

Histogram: OptimizationGuide.PredictionManager.RegistrationTimeSinceServiceInit.TextSafety recorded 1 samples, mean = 0.0 (flags = 0x41)
0  -O                                                                        (1 = 100.0%)
1  ... 

Histogram: OptimizationGuide.PredictionManager.RegistrationTimeSinceServiceInit.URLVisitResumptionRanker recorded 1 samples, mean = 9343.0 (flags = 0x41)
0     ... 
8000  -O                                                                        (1 = 100.0%) {0.0%}
10165 ... 

Histogram: OptimizationGuide.PredictionManager.RegistrationTimeSinceServiceInit.VisualSearchClassification recorded 1 samples, mean = 0.0 (flags = 0x41)
0  -O                                                                        (1 = 100.0%)
1  ... 

Histogram: OptimizationGuide.PredictionManager.RegistrationTimeSinceServiceInit.WebAppInstallationPromo recorded 1 samples, mean = 9343.0 (flags = 0x41)
0     ... 
8000  -O                                                                        (1 = 100.0%) {0.0%}
10165 ... 

Histogram: OptimizationGuide.PredictionManager.StoreInitialized recorded 1 samples, mean = 1.0 (flags = 0x40)
0  O                                                                         (0 = 0.0%)
1  -O                                                                        (1 = 100.0%) {0.0%}
2  O                                                                         (0 = 0.0%) {100.0%}

Histogram: OptimizationGuide.PredictionManager.SupportedModelEngineVersion recorded 1 samples, mean = 18.0 (flags = 0x40)
0   ... 
18  -O                                                                        (1 = 100.0%) {0.0%}
19  ... 

Histogram: OptimizationGuide.PredictionModelFetcher.GetModelsResponse.NetErrorCode recorded 1 samples (flags = 0x41)
379  -O                                                                        (1 = 100.0%)

Histogram: OptimizationGuide.PredictionModelFetcher.GetModelsResponse.NetErrorCode.ClientSidePhishing recorded 1 samples (flags = 0x41)
379  -O                                                                        (1 = 100.0%)

Histogram: OptimizationGuide.PredictionModelFetcher.GetModelsResponse.NetErrorCode.GeolocationPermissions recorded 1 samples (flags = 0x41)
379  -O                                                                        (1 = 100.0%)

Histogram: OptimizationGuide.PredictionModelFetcher.GetModelsResponse.NetErrorCode.LanguageDetection recorded 1 samples (flags = 0x41)
379  -O                                                                        (1 = 100.0%)

Histogram: OptimizationGuide.PredictionModelFetcher.GetModelsResponse.NetErrorCode.NewTabPageHistoryClustersModuleRanking recorded 1 samples (flags = 0x41)
379  -O                                                                        (1 = 100.0%)

Histogram: OptimizationGuide.PredictionModelFetcher.GetModelsResponse.NetErrorCode.NotificationPermissions recorded 1 samples (flags = 0x41)
379  -O                                                                        (1 = 100.0%)

Histogram: OptimizationGuide.PredictionModelFetcher.GetModelsResponse.NetErrorCode.OmniboxUrlScoring recorded 1 samples (flags = 0x41)
379  -O                                                                        (1 = 100.0%)

Histogram: OptimizationGuide.PredictionModelFetcher.GetModelsResponse.NetErrorCode.PageTopicsV2 recorded 1 samples (flags = 0x41)
379  -O                                                                        (1 = 100.0%)

Histogram: OptimizationGuide.PredictionModelFetcher.GetModelsResponse.NetErrorCode.PageVisibility recorded 1 samples (flags = 0x41)
379  -O                                                                        (1 = 100.0%)

Histogram: OptimizationGuide.PredictionModelFetcher.GetModelsResponse.NetErrorCode.SegmentationChromeLowUserEngagement recorded 1 samples (flags = 0x41)
379  -O                                                                        (1 = 100.0%)

Histogram: OptimizationGuide.PredictionModelFetcher.GetModelsResponse.NetErrorCode.SegmentationComposePromotion recorded 1 samples (flags = 0x41)
379  -O                                                                        (1 = 100.0%)

Histogram: OptimizationGuide.PredictionModelFetcher.GetModelsResponse.NetErrorCode.SegmentationDeviceSwitcher recorded 1 samples (flags = 0x41)
379  -O                                                                        (1 = 100.0%)

Histogram: OptimizationGuide.PredictionModelFetcher.GetModelsResponse.NetErrorCode.SegmentationSearchUser recorded 1 samples (flags = 0x41)
379  -O                                                                        (1 = 100.0%)

Histogram: OptimizationGuide.PredictionModelFetcher.GetModelsResponse.NetErrorCode.SegmentationShoppingUser recorded 1 samples (flags = 0x41)
379  -O                                                                        (1 = 100.0%)

Histogram: OptimizationGuide.PredictionModelFetcher.GetModelsResponse.NetErrorCode.TextSafety recorded 1 samples (flags = 0x41)
379  -O                                                                        (1 = 100.0%)

Histogram: OptimizationGuide.PredictionModelFetcher.GetModelsResponse.NetErrorCode.URLVisitResumptionRanker recorded 1 samples (flags = 0x41)
379  -O                                                                        (1 = 100.0%)

Histogram: OptimizationGuide.PredictionModelFetcher.GetModelsResponse.NetErrorCode.VisualSearchClassification recorded 1 samples (flags = 0x41)
379  -O                                                                        (1 = 100.0%)

Histogram: OptimizationGuide.PredictionModelFetcher.GetModelsResponse.NetErrorCode.WebAppInstallationPromo recorded 1 samples (flags = 0x41)
379  -O                                                                        (1 = 100.0%)

Histogram: OptimizationGuide.PredictionModelFetcher.GetModelsResponse.Status recorded 1 samples, mean = 400.0 (flags = 0x41)
0    ... 
400  -O                                                                        (1 = 100.0%) {0.0%}
401  ... 

Histogram: OptimizationGuide.PredictionModelFetcher.GetModelsResponse.Status.ClientSidePhishing recorded 1 samples, mean = 400.0 (flags = 0x41)
0    ... 
400  -O                                                                        (1 = 100.0%) {0.0%}
401  ... 

Histogram: OptimizationGuide.PredictionModelFetcher.GetModelsResponse.Status.GeolocationPermissions recorded 1 samples, mean = 400.0 (flags = 0x41)
0    ... 
400  -O                                                                        (1 = 100.0%) {0.0%}
401  ... 

Histogram: OptimizationGuide.PredictionModelFetcher.GetModelsResponse.Status.LanguageDetection recorded 1 samples, mean = 400.0 (flags = 0x41)
0    ... 
400  -O                                                                        (1 = 100.0%) {0.0%}
401  ... 

Histogram: OptimizationGuide.PredictionModelFetcher.GetModelsResponse.Status.NewTabPageHistoryClustersModuleRanking recorded 1 samples, mean = 400.0 (flags = 0x41)
0    ... 
400  -O                                                                        (1 = 100.0%) {0.0%}
401  ... 

Histogram: OptimizationGuide.PredictionModelFetcher.GetModelsResponse.Status.NotificationPermissions recorded 1 samples, mean = 400.0 (flags = 0x41)
0    ... 
400  -O                                                                        (1 = 100.0%) {0.0%}
401  ... 

Histogram: OptimizationGuide.PredictionModelFetcher.GetModelsResponse.Status.OmniboxUrlScoring recorded 1 samples, mean = 400.0 (flags = 0x41)
0    ... 
400  -O                                                                        (1 = 100.0%) {0.0%}
401  ... 

Histogram: OptimizationGuide.PredictionModelFetcher.GetModelsResponse.Status.PageTopicsV2 recorded 1 samples, mean = 400.0 (flags = 0x41)
0    ... 
400  -O                                                                        (1 = 100.0%) {0.0%}
401  ... 

Histogram: OptimizationGuide.PredictionModelFetcher.GetModelsResponse.Status.PageVisibility recorded 1 samples, mean = 400.0 (flags = 0x41)
0    ... 
400  -O                                                                        (1 = 100.0%) {0.0%}
401  ... 

Histogram: OptimizationGuide.PredictionModelFetcher.GetModelsResponse.Status.SegmentationChromeLowUserEngagement recorded 1 samples, mean = 400.0 (flags = 0x41)
0    ... 
400  -O                                                                        (1 = 100.0%) {0.0%}
401  ... 

Histogram: OptimizationGuide.PredictionModelFetcher.GetModelsResponse.Status.SegmentationComposePromotion recorded 1 samples, mean = 400.0 (flags = 0x41)
0    ... 
400  -O                                                                        (1 = 100.0%) {0.0%}
401  ... 

Histogram: OptimizationGuide.PredictionModelFetcher.GetModelsResponse.Status.SegmentationDeviceSwitcher recorded 1 samples, mean = 400.0 (flags = 0x41)
0    ... 
400  -O                                                                        (1 = 100.0%) {0.0%}
401  ... 

Histogram: OptimizationGuide.PredictionModelFetcher.GetModelsResponse.Status.SegmentationSearchUser recorded 1 samples, mean = 400.0 (flags = 0x41)
0    ... 
400  -O                                                                        (1 = 100.0%) {0.0%}
401  ... 

Histogram: OptimizationGuide.PredictionModelFetcher.GetModelsResponse.Status.SegmentationShoppingUser recorded 1 samples, mean = 400.0 (flags = 0x41)
0    ... 
400  -O                                                                        (1 = 100.0%) {0.0%}
401  ... 

Histogram: OptimizationGuide.PredictionModelFetcher.GetModelsResponse.Status.TextSafety recorded 1 samples, mean = 400.0 (flags = 0x41)
0    ... 
400  -O                                                                        (1 = 100.0%) {0.0%}
401  ... 

Histogram: OptimizationGuide.PredictionModelFetcher.GetModelsResponse.Status.URLVisitResumptionRanker recorded 1 samples, mean = 400.0 (flags = 0x41)
0    ... 
400  -O                                                                        (1 = 100.0%) {0.0%}
401  ... 

Histogram: OptimizationGuide.PredictionModelFetcher.GetModelsResponse.Status.VisualSearchClassification recorded 1 samples, mean = 400.0 (flags = 0x41)
0    ... 
400  -O                                                                        (1 = 100.0%) {0.0%}
401  ... 

Histogram: OptimizationGuide.PredictionModelFetcher.GetModelsResponse.Status.WebAppInstallationPromo recorded 1 samples, mean = 400.0 (flags = 0x41)
0    ... 
400  -O                                                                        (1 = 100.0%) {0.0%}
401  ... 

Histogram: OptimizationGuide.ProcessingComponentAtShutdown recorded 1 samples, mean = 0.0 (flags = 0x41)
0  -O                                                                        (1 = 100.0%)
1  ... 

Histogram: OptimizationGuide.RemoteFetchingEnabled recorded 1 samples, mean = 0.0 (flags = 0x41)
0  -O                                                                        (1 = 100.0%)
1  ... 

Histogram: OriginTrials.PersistentOriginTrial.LevelDbInitSuccess recorded 1 samples, mean = 1.0 (flags = 0x41)
0  O                                                                         (0 = 0.0%)
1  -O                                                                        (1 = 100.0%) {0.0%}
2  O                                                                         (0 = 0.0%) {100.0%}

Histogram: OriginTrials.PersistentOriginTrial.LevelDbLoadSize recorded 1 samples, mean = 0.0 (flags = 0x41)
0  -O                                                                        (1 = 100.0%)
1  ... 

Histogram: OriginTrials.PersistentOriginTrial.LevelDbLoadSuccess recorded 1 samples, mean = 1.0 (flags = 0x41)
0  O                                                                         (0 = 0.0%)
1  -O                                                                        (1 = 100.0%) {0.0%}
2  O                                                                         (0 = 0.0%) {100.0%}

Histogram: OriginTrials.PersistentOriginTrial.LevelDbLoadTime recorded 1 samples, mean = 9397.0 (flags = 0x41)
0     ... 
8416  -O                                                                        (1 = 100.0%) {0.0%}
10000 O                                                                         (0 = 0.0%) {100.0%}

Histogram: OriginTrials.PersistentOriginTrial.OriginLookupsBeforeDbLoad recorded 1 samples, mean = 0.0 (flags = 0x41)
0  -O                                                                        (1 = 100.0%)
1  ... 

Histogram: OriginTrials.PersistentOriginTrial.OriginsAddedBeforeDbLoad recorded 1 samples, mean = 0.0 (flags = 0x41)
0  -O                                                                        (1 = 100.0%)
1  ... 

Histogram: PageActionController.ExtensionsWithPageActions recorded 1 samples, mean = 0.0 (flags = 0x41)
0  -O                                                                        (1 = 100.0%)
1  ... 

Histogram: PageContentAnnotations.AnnotateVisit.AnnotationRequestQueued recorded 4 samples, mean = 1.0 (flags = 0x40)
0  O                                                                         (0 = 0.0%)
1  ----O                                                                     (4 = 100.0%) {0.0%}
2  O                                                                         (0 = 0.0%) {100.0%}

Histogram: PageContentAnnotations.AnnotateVisit.AnnotationRequested recorded 4 samples, mean = 1.0 (flags = 0x40)
0  O                                                                         (0 = 0.0%)
1  ----O                                                                     (4 = 100.0%) {0.0%}
2  O                                                                         (0 = 0.0%) {100.0%}

Histogram: PageContentAnnotations.AnnotateVisit.BatchAnnotationStarted recorded 1 samples, mean = 1.0 (flags = 0x40)
0  O                                                                         (0 = 0.0%)
1  -O                                                                        (1 = 100.0%) {0.0%}
2  O                                                                         (0 = 0.0%) {100.0%}

Histogram: PageLoad.Clients.Ads.AllPages.NonAdNetworkBytes recorded 1 samples, mean = 1329.0 (flags = 0x41)
0     ... 
1174  -O                                                                        (1 = 100.0%) {0.0%}
1529  ... 

Histogram: PageLoad.Clients.Ads.AllPages.PercentNetworkBytesAds recorded 1 samples, mean = 0.0 (flags = 0x41)
0  -O                                                                        (1 = 100.0%)
1  ... 

Histogram: PageLoad.Clients.Ads.AllPages.PercentTotalBytesAds recorded 1 samples, mean = 0.0 (flags = 0x41)
0  -O                                                                        (1 = 100.0%)
1  ... 

Histogram: PageLoad.Clients.Ads.AverageViewportAdDensity recorded 1 samples, mean = 0.0 (flags = 0x41)
0  -O                                                                        (1 = 100.0%)
1  ... 

Histogram: PageLoad.Clients.Ads.FrameCounts.AdFrames.Total recorded 1 samples, mean = 0.0 (flags = 0x41)
0  -O                                                                        (1 = 100.0%)
1  ... 

Histogram: PageLoad.Clients.Ads.NonVisible.FrameCounts.AdFrames.Total recorded 1 samples, mean = 0.0 (flags = 0x41)
0  -O                                                                        (1 = 100.0%)
1  ... 

Histogram: PageLoad.Clients.Ads.Visible.FrameCounts.AdFrames.Total recorded 1 samples, mean = 0.0 (flags = 0x41)
0  -O                                                                        (1 = 100.0%)
1  ... 

Histogram: PageLoad.Clients.CrossOrigin.LayoutInstability.CumulativeShiftScore recorded 1 samples, mean = 0.0 (flags = 0x41)
0  -O                                                                        (1 = 100.0%)
1  ... 

Histogram: PageLoad.Clients.CrossOrigin.LayoutInstability.CumulativeShiftScore.MainFrame recorded 1 samples, mean = 0.0 (flags = 0x41)
0  -O                                                                        (1 = 100.0%)
1  ... 

Histogram: PageLoad.Clients.Leakage2.AbandonReasonAt.LoaderStart recorded 1 samples, mean = 10.0 (flags = 0x41)
0   ... 
10  -O                                                                        (1 = 100.0%) {0.0%}
11  ... 

Histogram: PageLoad.Clients.Leakage2.LastMilestoneBeforeAbandon.NewReloadNavigation recorded 1 samples, mean = 1.0 (flags = 0x41)
0  O                                                                         (0 = 0.0%)
1  -O                                                                        (1 = 100.0%) {0.0%}
2  ... 

Histogram: PageLoad.Clients.Leakage2.LoaderStartToAbandon.NewReloadNavigation recorded 1 samples, mean = 5885.0 (flags = 0x41)
0     ... 
5349  -O                                                                        (1 = 100.0%) {0.0%}
5985  ... 

Histogram: PageLoad.Clients.Leakage2.NavigationStart recorded 2 samples, mean = 7906.0 (flags = 0x41)
0     ... 
5349  -O                                                                        (1 = 50.0%) {0.0%}
5985  ... 
9382  -O                                                                        (1 = 50.0%) {50.0%}
10498 ... 

Histogram: PageLoad.Clients.Leakage2.NavigationStartToCommitReceived recorded 1 samples, mean = 9857.0 (flags = 0x41)
0     ... 
9382  -O                                                                        (1 = 100.0%) {0.0%}
10498 ... 

Histogram: PageLoad.Clients.Leakage2.NavigationStartToCommitSent recorded 1 samples, mean = 9847.0 (flags = 0x41)
0     ... 
9382  -O                                                                        (1 = 100.0%) {0.0%}
10498 ... 

Histogram: PageLoad.Clients.Leakage2.NavigationStartToDOMContentLoaded recorded 1 samples, mean = 10697.0 (flags = 0x41)
0      ... 
10498  -O                                                                        (1 = 100.0%) {0.0%}
11747  ... 

Histogram: PageLoad.Clients.Leakage2.NavigationStartToDidCommit recorded 1 samples, mean = 9882.0 (flags = 0x41)
0     ... 
9382  -O                                                                        (1 = 100.0%) {0.0%}
10498 ... 

Histogram: PageLoad.Clients.Leakage2.NavigationStartToFirstRedirectResponseLoaderCallback recorded 1 samples, mean = 9632.0 (flags = 0x41)
0     ... 
9382  -O                                                                        (1 = 100.0%) {0.0%}
10498 ... 

Histogram: PageLoad.Clients.Leakage2.NavigationStartToFirstRedirectResponseStart recorded 1 samples, mean = 9493.0 (flags = 0x41)
0     ... 
9382  -O                                                                        (1 = 100.0%) {0.0%}
10498 ... 

Histogram: PageLoad.Clients.Leakage2.NavigationStartToFirstRedirectedRequestStart recorded 1 samples, mean = 9371.0 (flags = 0x41)
0     ... 
8385  -O                                                                        (1 = 100.0%) {0.0%}
9382  ... 

Histogram: PageLoad.Clients.Leakage2.NavigationStartToLoadStarted recorded 1 samples, mean = 10731.0 (flags = 0x41)
0      ... 
10498  -O                                                                        (1 = 100.0%) {0.0%}
11747  ... 

Histogram: PageLoad.Clients.Leakage2.NavigationStartToLoaderStart recorded 2 samples, mean = 2956.5 (flags = 0x41)
0     ... 
38    -O                                                                        (1 = 50.0%) {0.0%}
43    ... 
5349  -O                                                                        (1 = 50.0%) {50.0%}
5985  ... 

Histogram: PageLoad.Clients.Leakage2.NavigationStartToNonRedirectResponseLoaderCallback recorded 1 samples, mean = 9832.0 (flags = 0x41)
0     ... 
9382  -O                                                                        (1 = 100.0%) {0.0%}
10498 ... 

Histogram: PageLoad.Clients.Leakage2.NavigationStartToNonRedirectResponseStart recorded 1 samples, mean = 9803.0 (flags = 0x41)
0     ... 
9382  -O                                                                        (1 = 100.0%) {0.0%}
10498 ... 

Histogram: PageLoad.Clients.Leakage2.NavigationStartToNonRedirectedRequestStart recorded 1 samples, mean = 9712.0 (flags = 0x41)
0     ... 
9382  -O                                                                        (1 = 100.0%) {0.0%}
10498 ... 

Histogram: PageLoad.Clients.Leakage2.NavigationStartToParseStart recorded 1 samples, mean = 9869.0 (flags = 0x41)
0     ... 
9382  -O                                                                        (1 = 100.0%) {0.0%}
10498 ... 

Histogram: PageLoad.Clients.Leakage2.RendererProcessCreatedBeforeNav recorded 1 samples, mean = 1.0 (flags = 0x41)
0  O                                                                         (0 = 0.0%)
1  -O                                                                        (1 = 100.0%) {0.0%}
2  O                                                                         (0 = 0.0%) {100.0%}

Histogram: PageLoad.Clients.LinkPreview.Usage recorded 1 samples, mean = 0.0 (flags = 0x41)
0  -O                                                                        (1 = 100.0%)
1  ... 

Histogram: PageLoad.Clients.MultiTabLoading.WithTabCount_0.DocumentTiming.NavigationToDOMContentLoadedEventFired recorded 1 samples, mean = 10697.0 (flags = 0x41)
0      ... 
10498  -O                                                                        (1 = 100.0%) {0.0%}
11747  ... 

Histogram: PageLoad.Clients.MultiTabLoading.WithTabCount_0.DocumentTiming.NavigationToLoadEventFired recorded 1 samples, mean = 10731.0 (flags = 0x41)
0      ... 
10498  -O                                                                        (1 = 100.0%) {0.0%}
11747  ... 

Histogram: PageLoad.Clients.MultiTabLoading.With_0_OtherLoading.DocumentTiming.NavigationToDOMContentLoadedEventFired recorded 1 samples, mean = 10697.0 (flags = 0x41)
0      ... 
10498  -O                                                                        (1 = 100.0%) {0.0%}
11747  ... 

Histogram: PageLoad.Clients.MultiTabLoading.With_0_OtherLoading.DocumentTiming.NavigationToLoadEventFired recorded 1 samples, mean = 10731.0 (flags = 0x41)
0      ... 
10498  -O                                                                        (1 = 100.0%) {0.0%}
11747  ... 

Histogram: PageLoad.Clients.PerformanceManager.LoadedIdleWithoutLCP recorded 1 samples, mean = 14236.0 (flags = 0x41)
0      ... 
12916  -O                                                                        (1 = 100.0%) {0.0%}
16411  ... 

Histogram: PageLoad.Clients.PerformanceManager.LoadedIdleWithoutLCP.Foreground recorded 1 samples, mean = 14236.0 (flags = 0x41)
0      ... 
12916  -O                                                                        (1 = 100.0%) {0.0%}
16411  ... 

Histogram: PageLoad.Clients.Protocol.H2.DocumentTiming.NavigationToDOMContentLoadedEventFired recorded 1 samples, mean = 10697.0 (flags = 0x41)
0      ... 
10498  -O                                                                        (1 = 100.0%) {0.0%}
11747  ... 

Histogram: PageLoad.Clients.Protocol.H2.DocumentTiming.NavigationToLoadEventFired recorded 1 samples, mean = 10731.0 (flags = 0x41)
0      ... 
10498  -O                                                                        (1 = 100.0%) {0.0%}
11747  ... 

Histogram: PageLoad.Clients.Protocol.H2.ParseTiming.NavigationToParseStart recorded 1 samples, mean = 9869.0 (flags = 0x41)
0     ... 
9382  -O                                                                        (1 = 100.0%) {0.0%}
10498 ... 

Histogram: PageLoad.Clients.Scheme.HTTPS.ParseTiming.NavigationToParseStart recorded 1 samples, mean = 9869.0 (flags = 0x41)
0     ... 
9382  -O                                                                        (1 = 100.0%) {0.0%}
10498 ... 

Histogram: PageLoad.Clients.SubresourceLoading.DaysSinceLastVisitToOrigin recorded 1 samples, mean = 0.0 (flags = 0x40)
0  -O                                                                        (1 = 100.0%)
1  ... 

Histogram: PageLoad.Clients.SubresourceLoading.HasPreviousVisitToOrigin recorded 1 samples, mean = 1.0 (flags = 0x40)
0  O                                                                         (0 = 0.0%)
1  -O                                                                        (1 = 100.0%) {0.0%}
2  O                                                                         (0 = 0.0%) {100.0%}

Histogram: PageLoad.Clients.TPCD.CookieAccess.ThirdPartyCookieAllowMechanism3 recorded 1 samples, mean = 2.0 (flags = 0x41)
0  ... 
2  -O                                                                        (1 = 100.0%) {0.0%}
3  ... 

Histogram: PageLoad.Clients.TPCD.ThirdPartyCookieAccessBlockedByExperiment2 recorded 1 samples, mean = 0.0 (flags = 0x41)
0  -O                                                                        (1 = 100.0%)
1  ... 

Histogram: PageLoad.Clients.ThirdParty.Origins.CookieRead2 recorded 1 samples, mean = 0.0 (flags = 0x41)
0  -O                                                                        (1 = 100.0%)
1  ... 

Histogram: PageLoad.Cpu.TotalUsage recorded 1 samples, mean = 1095.0 (flags = 0x41)
0    ... 
990  -O                                                                        (1 = 100.0%) {0.0%}
1108 ... 

Histogram: PageLoad.Cpu.TotalUsageForegrounded recorded 1 samples, mean = 1095.0 (flags = 0x41)
0    ... 
990  -O                                                                        (1 = 100.0%) {0.0%}
1108 ... 

Histogram: PageLoad.DocumentTiming.NavigationToDOMContentLoadedEventFired recorded 1 samples, mean = 10697.0 (flags = 0x41)
0      ... 
10498  -O                                                                        (1 = 100.0%) {0.0%}
11747  ... 

Histogram: PageLoad.DocumentTiming.NavigationToLoadEventFired recorded 1 samples, mean = 10731.0 (flags = 0x41)
0      ... 
10498  -O                                                                        (1 = 100.0%) {0.0%}
11747  ... 

Histogram: PageLoad.Experimental.NavigationTiming.FinalLoaderCallbackToNavigationCommitSent recorded 1 samples, mean = 15.0 (flags = 0x41)
0   ... 
15  -O                                                                        (1 = 100.0%) {0.0%}
17  ... 

Histogram: PageLoad.Experimental.NavigationTiming.FinalRequestStartToFinalResponseStart recorded 1 samples, mean = 90.0 (flags = 0x41)
0   ... 
84  -O                                                                        (1 = 100.0%) {0.0%}
94  ... 

Histogram: PageLoad.Experimental.NavigationTiming.FinalResponseStartToFinalLoaderCallback recorded 1 samples, mean = 29.0 (flags = 0x41)
0   ... 
27  -O                                                                        (1 = 100.0%) {0.0%}
30  ... 

Histogram: PageLoad.Experimental.NavigationTiming.FirstRequestStartToFirstResponseStart recorded 1 samples, mean = 122.0 (flags = 0x41)
0    ... 
117  -O                                                                        (1 = 100.0%) {0.0%}
131  ... 

Histogram: PageLoad.Experimental.NavigationTiming.FirstResponseStartToFirstLoaderCallback recorded 1 samples, mean = 138.0 (flags = 0x41)
0    ... 
131  -O                                                                        (1 = 100.0%) {0.0%}
147  ... 

Histogram: PageLoad.Experimental.NavigationTiming.NavigationStartToFinalLoaderCallback recorded 1 samples, mean = 9832.0 (flags = 0x41)
0     ... 
9382  -O                                                                        (1 = 100.0%) {0.0%}
10498 ... 

Histogram: PageLoad.Experimental.NavigationTiming.NavigationStartToFinalRequestStart recorded 1 samples, mean = 9712.0 (flags = 0x41)
0     ... 
9382  -O                                                                        (1 = 100.0%) {0.0%}
10498 ... 

Histogram: PageLoad.Experimental.NavigationTiming.NavigationStartToFinalResponseStart recorded 1 samples, mean = 9803.0 (flags = 0x41)
0     ... 
9382  -O                                                                        (1 = 100.0%) {0.0%}
10498 ... 

Histogram: PageLoad.Experimental.NavigationTiming.NavigationStartToFirstLoaderCallback recorded 1 samples, mean = 9632.0 (flags = 0x41)
0     ... 
9382  -O                                                                        (1 = 100.0%) {0.0%}
10498 ... 

Histogram: PageLoad.Experimental.NavigationTiming.NavigationStartToFirstRequestStart recorded 1 samples, mean = 9371.0 (flags = 0x41)
0     ... 
8385  -O                                                                        (1 = 100.0%) {0.0%}
9382  ... 

Histogram: PageLoad.Experimental.NavigationTiming.NavigationStartToFirstResponseStart recorded 1 samples, mean = 9493.0 (flags = 0x41)
0     ... 
9382  -O                                                                        (1 = 100.0%) {0.0%}
10498 ... 

Histogram: PageLoad.Experimental.NavigationTiming.NavigationStartToNavigationCommitSent recorded 1 samples, mean = 9847.0 (flags = 0x41)
0     ... 
9382  -O                                                                        (1 = 100.0%) {0.0%}
10498 ... 

Histogram: PageLoad.Experimental.PageTiming.CommitSentToFirstSubresourceLoadStart recorded 1 samples, mean = 96.0 (flags = 0x41)
0   ... 
94  -O                                                                        (1 = 100.0%) {0.0%}
105 ... 

Histogram: PageLoad.Experimental.PageTiming.NavigationToFirstSubresourceLoadStart recorded 1 samples, mean = 9943.0 (flags = 0x41)
0     ... 
9382  -O                                                                        (1 = 100.0%) {0.0%}
10498 ... 

Histogram: PageLoad.Experimental.PageTiming.ResourceLoadTime. recorded 6 samples, mean = 101.3 (flags = 0x41)
0    ... 
66   ---O                                                                      (3 = 50.0%) {0.0%}
84   --O                                                                       (2 = 33.3%) {50.0%}
107  ... 
173  -O                                                                        (1 = 16.7%) {83.3%}
220  ... 

Histogram: PageLoad.Experimental.PageTiming.ResourceLoadTime.document recorded 1 samples, mean = 132.0 (flags = 0x41)
0    ... 
107  -O                                                                        (1 = 100.0%) {0.0%}
136  ... 

Histogram: PageLoad.Experimental.PageTiming.ResourceLoadTime.font recorded 5 samples, mean = 98.4 (flags = 0x41)
0    ... 
32   -O                                                                        (1 = 20.0%) {0.0%}
41   O                                                                         (0 = 0.0%) {20.0%}
52   -O                                                                        (1 = 20.0%) {20.0%}
66   -O                                                                        (1 = 20.0%) {40.0%}
84   -O                                                                        (1 = 20.0%) {60.0%}
107  ... 
220  -O                                                                        (1 = 20.0%) {80.0%}
280  ... 

Histogram: PageLoad.Experimental.PageTiming.ResourceLoadTime.image recorded 2 samples, mean = 54.5 (flags = 0x41)
0   ... 
25  -O                                                                        (1 = 50.0%) {0.0%}
32  ... 
66  -O                                                                        (1 = 50.0%) {50.0%}
84  ... 

Histogram: PageLoad.Experimental.PageTiming.ResourceLoadTime.manifest recorded 1 samples, mean = 124.0 (flags = 0x41)
0    ... 
107  -O                                                                        (1 = 100.0%) {0.0%}
136  ... 

Histogram: PageLoad.Experimental.PageTiming.ResourceLoadTime.script recorded 26 samples, mean = 81.9 (flags = 0x41)
0    ... 
20   --O                                                                       (2 = 7.7%) {0.0%}
25   -O                                                                        (1 = 3.8%) {7.7%}
32   -O                                                                        (1 = 3.8%) {11.5%}
41   -O                                                                        (1 = 3.8%) {15.4%}
52   --O                                                                       (2 = 7.7%) {19.2%}
66   -----O                                                                    (5 = 19.2%) {26.9%}
84   -------O                                                                  (7 = 26.9%) {46.2%}
107  ------O                                                                   (6 = 23.1%) {73.1%}
136  -O                                                                        (1 = 3.8%) {96.2%}
173  ... 

Histogram: PageLoad.Experimental.PageTiming.ResourceLoadTime.style recorded 8 samples, mean = 235.5 (flags = 0x41)
0    ... 
136  -O                                                                        (1 = 12.5%) {0.0%}
173  O                                                                         (0 = 0.0%) {12.5%}
220  -------O                                                                  (7 = 87.5%) {12.5%}
280  ... 

Histogram: PageLoad.Experimental.PageVisitFinalStatus recorded 1 samples, mean = 1.0 (flags = 0x41)
0  O                                                                         (0 = 0.0%)
1  -O                                                                        (1 = 100.0%) {0.0%}
2  ... 

Histogram: PageLoad.Experimental.PageVisitType2 recorded 1 samples, mean = 6.0 (flags = 0x41)
0  ... 
6  -O                                                                        (1 = 100.0%) {0.0%}
7  ... 

Histogram: PageLoad.Experimental.PaintTiming.FirstEligibleToPaintToFirstPaint recorded 1 samples, mean = 480.0 (flags = 0x41)
0    ... 
451  -O                                                                        (1 = 100.0%) {0.0%}
505  ... 

Histogram: PageLoad.Experimental.TotalForegroundDuration recorded 1 samples, mean = 147101.0 (flags = 0x41)
0       ... 
138043  -O                                                                        (1 = 100.0%) {0.0%}
157277  ... 

Histogram: PageLoad.Experimental.TotalForegroundDuration.AllVisit recorded 1 samples, mean = 147102.0 (flags = 0x41)
0       ... 
138043  -O                                                                        (1 = 100.0%) {0.0%}
157277  ... 

Histogram: PageLoad.Experimental.TotalForegroundDuration.IndependentUIVisit recorded 1 samples, mean = 147102.0 (flags = 0x41)
0       ... 
138043  -O                                                                        (1 = 100.0%) {0.0%}
157277  ... 

Histogram: PageLoad.Expermental.SoftNavigations.Count recorded 1 samples, mean = 0.0 (flags = 0x41)
0  -O                                                                        (1 = 100.0%)
1  ... 

Histogram: PageLoad.Internal.PageLoadTimingStatus recorded 12 samples, mean = 0.0 (flags = 0x41)
0  ------------O                                                             (12 = 100.0%)
1  ... 

Histogram: PageLoad.Internal.PageLoadTimingStatus.AtTimingCallbackDispatch recorded 5 samples, mean = 0.0 (flags = 0x41)
0  -----O                                                                    (5 = 100.0%)
1  ... 

Histogram: PageLoad.Internal.PageType recorded 2 samples, mean = 0.0 (flags = 0x41)
0  --O                                                                       (2 = 100.0%)
1  ... 

Histogram: PageLoad.Internal.SuppressedEventsBeforeMissingFirstPaint recorded 1 samples, mean = 0.0 (flags = 0x41)
0  -O                                                                        (1 = 100.0%)
1  ... 

Histogram: PageLoad.Internal.SuppressedEventsCountBeforePaint3 recorded 1 samples, mean = 0.0 (flags = 0x41)
0  -O                                                                        (1 = 100.0%)
1  ... 

Histogram: PageLoad.Internal.SuppressedEventsTimingBeforePaint3 recorded 1 samples, mean = 0.0 (flags = 0x41)
0  -O                                                                        (1 = 100.0%)
1  ... 

Histogram: PageLoad.Internal.SuppressedInteractionsCountBeforePaint3 recorded 1 samples, mean = 0.0 (flags = 0x41)
0  -O                                                                        (1 = 100.0%)
1  ... 

Histogram: PageLoad.LayoutInstability.CumulativeShiftScore recorded 1 samples, mean = 0.0 (flags = 0x41)
0  -O                                                                        (1 = 100.0%)
1  ... 

Histogram: PageLoad.LayoutInstability.CumulativeShiftScore.MainFrame recorded 1 samples, mean = 0.0 (flags = 0x41)
0  -O                                                                        (1 = 100.0%)
1  ... 

Histogram: PageLoad.LayoutInstability.MaxCumulativeShiftScore.SessionWindow.Gap1000ms.Max5000ms recorded 1 samples, mean = 0.0 (flags = 0x41)
0  -O                                                                        (1 = 100.0%)
1  ... 

Histogram: PageLoad.LayoutInstability.MaxCumulativeShiftScore.SessionWindow.Gap1000ms.Max5000ms2 recorded 1 samples, mean = 0.0 (flags = 0x41)
0  -O                                                                        (1 = 100.0%)
1  ... 

Histogram: PageLoad.PageTiming.ForegroundDuration recorded 1 samples, mean = 147099.0 (flags = 0x41)
0       ... 
138043  -O                                                                        (1 = 100.0%) {0.0%}
157277  ... 

Histogram: PageLoad.PageTiming.ForegroundDuration.AfterPaint recorded 1 samples, mean = 136270.0 (flags = 0x41)
0       ... 
121161  -O                                                                        (1 = 100.0%) {0.0%}
138043  ... 

Histogram: PageLoad.PageTiming.ForegroundDuration.NoCommit recorded 1 samples, mean = 66.0 (flags = 0x41)
0   ... 
62  -O                                                                        (1 = 100.0%) {0.0%}
71  ... 

Histogram: PageLoad.PageTiming.ForegroundDuration.WithPaint recorded 1 samples, mean = 147099.0 (flags = 0x41)
0       ... 
138043  -O                                                                        (1 = 100.0%) {0.0%}
157277  ... 

Histogram: PageLoad.PaintTiming.NavigationToFirstPaint recorded 1 samples, mean = 10829.0 (flags = 0x41)
0      ... 
10498  -O                                                                        (1 = 100.0%) {0.0%}
11747  ... 

Histogram: PageLoad.ParseTiming.NavigationToParseStart recorded 1 samples, mean = 9869.0 (flags = 0x41)
0     ... 
9382  -O                                                                        (1 = 100.0%) {0.0%}
10498 ... 

Histogram: PageLoad.ParseTiming.NavigationToParseStart.LoadType.NewNavigation recorded 1 samples, mean = 9869.0 (flags = 0x41)
0     ... 
9382  -O                                                                        (1 = 100.0%) {0.0%}
10498 ... 

Histogram: PageLoad.ParseTiming.ParseBlockedOnScriptExecution recorded 1 samples, mean = 18.0 (flags = 0x41)
0   ... 
17  -O                                                                        (1 = 100.0%) {0.0%}
19  ... 

Histogram: PageLoad.ParseTiming.ParseBlockedOnScriptExecutionFromDocumentWrite recorded 1 samples, mean = 0.0 (flags = 0x41)
0  -O                                                                        (1 = 100.0%)
10 ... 

Histogram: PageLoad.ParseTiming.ParseBlockedOnScriptLoad recorded 1 samples, mean = 414.0 (flags = 0x41)
0    ... 
403  -O                                                                        (1 = 100.0%) {0.0%}
451  ... 

Histogram: PaintHolding.CommitTrigger2 recorded 1 samples, mean = 3.0 (flags = 0x41)
0  ... 
3  -O                                                                        (1 = 100.0%) {0.0%}
4  ... 

Histogram: PasswordManager.AccountStore.BlacklistedSitesHiRes3.WithoutCustomPassphrase recorded 1 samples, mean = 0.0 (flags = 0x41)
0  -O                                                                        (1 = 100.0%)
1  ... 

Histogram: PasswordManager.AccountStore.InaccessiblePasswords3 recorded 1 samples, mean = 0.0 (flags = 0x41)
0  -O                                                                        (1 = 100.0%)
1  ... 

Histogram: PasswordManager.AccountStore.LoginDatabaseEncryptionStatus recorded 1 samples, mean = 0.0 (flags = 0x41)
0  -O                                                                        (1 = 100.0%)
1  ... 

Histogram: PasswordManager.AccountStore.PasswordNotes.CountCredentialsWithNonEmptyNotes2 recorded 1 samples, mean = 0.0 (flags = 0x41)
0  -O                                                                        (1 = 100.0%)
1  ... 

Histogram: PasswordManager.AccountStore.TotalAccountsHiRes3.ByType.AutoGenerated.WithoutCustomPassphrase recorded 1 samples, mean = 0.0 (flags = 0x41)
0  -O                                                                        (1 = 100.0%)
1  ... 

Histogram: PasswordManager.AccountStore.TotalAccountsHiRes3.ByType.Overall recorded 1 samples, mean = 0.0 (flags = 0x41)
0  -O                                                                        (1 = 100.0%)
1  ... 

Histogram: PasswordManager.AccountStore.TotalAccountsHiRes3.ByType.Overall.WithoutCustomPassphrase recorded 1 samples, mean = 0.0 (flags = 0x41)
0  -O                                                                        (1 = 100.0%)
1  ... 

Histogram: PasswordManager.AccountStore.TotalAccountsHiRes3.ByType.ReceivedViaSharing.WithoutCustomPassphrase recorded 1 samples, mean = 0.0 (flags = 0x41)
0  -O                                                                        (1 = 100.0%)
1  ... 

Histogram: PasswordManager.AccountStore.TotalAccountsHiRes3.ByType.UserCreated.WithoutCustomPassphrase recorded 1 samples, mean = 0.0 (flags = 0x41)
0  -O                                                                        (1 = 100.0%)
1  ... 

Histogram: PasswordManager.AccountStore.TotalAccountsHiRes3.WithScheme.Android recorded 1 samples, mean = 0.0 (flags = 0x41)
0  -O                                                                        (1 = 100.0%)
1  ... 

Histogram: PasswordManager.AccountStore.TotalAccountsHiRes3.WithScheme.Ftp recorded 1 samples, mean = 0.0 (flags = 0x41)
0  -O                                                                        (1 = 100.0%)
1  ... 

Histogram: PasswordManager.AccountStore.TotalAccountsHiRes3.WithScheme.Http recorded 1 samples, mean = 0.0 (flags = 0x41)
0  -O                                                                        (1 = 100.0%)
1  ... 

Histogram: PasswordManager.AccountStore.TotalAccountsHiRes3.WithScheme.Https recorded 1 samples, mean = 0.0 (flags = 0x41)
0  -O                                                                        (1 = 100.0%)
1  ... 

Histogram: PasswordManager.AccountStore.TotalAccountsHiRes3.WithScheme.Other recorded 1 samples, mean = 0.0 (flags = 0x41)
0  -O                                                                        (1 = 100.0%)
1  ... 

Histogram: PasswordManager.AffiliationDatabase.DatabaseSize recorded 1 samples, mean = 52.0 (flags = 0x41)
0  -O                                                                        (1 = 100.0%)
1000... 

Histogram: PasswordManager.BiometricAuthBeforeFillingEnabled2 recorded 1 samples, mean = 0.0 (flags = 0x41)
0  -O                                                                        (1 = 100.0%)
1  ... 

Histogram: PasswordManager.BubbleSuppression.AccountsInStatisticsTable2 recorded 1 samples, mean = 0.0 (flags = 0x41)
0  -O                                                                        (1 = 100.0%)
1  ... 

Histogram: PasswordManager.CompromisedCredentials3.CountLeaked recorded 1 samples, mean = 0.0 (flags = 0x41)
0  -O                                                                        (1 = 100.0%)
1  ... 

Histogram: PasswordManager.CompromisedCredentials3.CountPhished recorded 1 samples, mean = 0.0 (flags = 0x41)
0  -O                                                                        (1 = 100.0%)
1  ... 

Histogram: PasswordManager.CredentialsWithDuplicates3 recorded 1 samples, mean = 0.0 (flags = 0x41)
0  -O                                                                        (1 = 100.0%)
1  ... 

Histogram: PasswordManager.CredentialsWithMismatchedDuplicates3 recorded 1 samples, mean = 0.0 (flags = 0x41)
0  -O                                                                        (1 = 100.0%)
1  ... 

Histogram: PasswordManager.EnableState recorded 1 samples, mean = 0.0 (flags = 0x41)
0  -O                                                                        (1 = 100.0%)
1  ... 

Histogram: PasswordManager.GetAllLogins.TimeSinceInit recorded 4 samples, mean = 30271.0 (flags = 0x41)
0      ... 
26495  ----O                                                                     (4 = 100.0%) {0.0%}
33665  ... 

Histogram: PasswordManager.GetAutofillableLogins.TimeSinceInit recorded 6 samples, mean = 43350.2 (flags = 0x41)
0      ... 
8000   --O                                                                       (2 = 33.3%) {0.0%}
10165  ... 
54351  ----O                                                                     (4 = 66.7%) {33.3%}
69059  ... 

Histogram: PasswordManager.LoginDatabaseInit2 recorded 2 samples, mean = 0.0 (flags = 0x41)
0  --O                                                                       (2 = 100.0%)
1  ... 

Histogram: PasswordManager.OnEncryptorReceived.Success recorded 2 samples, mean = 1.0 (flags = 0x41)
0  O                                                                         (0 = 0.0%)
1  --O                                                                       (2 = 100.0%) {0.0%}
2  O                                                                         (0 = 0.0%) {100.0%}

Histogram: PasswordManager.PasswordStore.InitTime recorded 2 samples, mean = 7594.0 (flags = 0x41)
0     ... 
7083  --O                                                                       (2 = 100.0%) {0.0%}
8416  ... 

Histogram: PasswordManager.PasswordStoreBackend.GetAllLoginsAsync recorded 8 samples, mean = 1.0 (flags = 0x41)
0  ----O                                                                     (4 = 50.0%)
1  O                                                                         (0 = 0.0%) {50.0%}
2  ----O                                                                     (4 = 50.0%) {50.0%}
3  ... 

Histogram: PasswordManager.PasswordStoreBackend.GetAllLoginsAsync.Latency recorded 4 samples, mean = 0.0 (flags = 0x41)
0  ----O                                                                     (4 = 100.0%)
1  ... 

Histogram: PasswordManager.PasswordStoreBackend.GetAllLoginsAsync.Success recorded 4 samples, mean = 1.0 (flags = 0x41)
0  O                                                                         (0 = 0.0%)
1  ----O                                                                     (4 = 100.0%) {0.0%}
2  O                                                                         (0 = 0.0%) {100.0%}

Histogram: PasswordManager.PasswordStoreBackend.GetAutofillableLoginsAsync recorded 12 samples, mean = 1.0 (flags = 0x41)
0  ------O                                                                   (6 = 50.0%)
1  O                                                                         (0 = 0.0%) {50.0%}
2  ------O                                                                   (6 = 50.0%) {50.0%}
3  ... 

Histogram: PasswordManager.PasswordStoreBackend.GetAutofillableLoginsAsync.Latency recorded 6 samples, mean = 45.2 (flags = 0x41)
0   -O                                                                        (1 = 16.7%)
1   ... 
32  --O                                                                       (2 = 33.3%) {16.7%}
41  ... 
66  ---O                                                                      (3 = 50.0%) {50.0%}
84  ... 

Histogram: PasswordManager.PasswordStoreBackend.GetAutofillableLoginsAsync.Success recorded 6 samples, mean = 1.0 (flags = 0x41)
0  O                                                                         (0 = 0.0%)
1  ------O                                                                   (6 = 100.0%) {0.0%}
2  O                                                                         (0 = 0.0%) {100.0%}

Histogram: PasswordManager.PasswordStoreBuiltInBackend.GetAllLoginsAsync recorded 8 samples, mean = 1.0 (flags = 0x41)
0  ----O                                                                     (4 = 50.0%)
1  O                                                                         (0 = 0.0%) {50.0%}
2  ----O                                                                     (4 = 50.0%) {50.0%}
3  ... 

Histogram: PasswordManager.PasswordStoreBuiltInBackend.GetAllLoginsAsync.Latency recorded 4 samples, mean = 0.0 (flags = 0x41)
0  ----O                                                                     (4 = 100.0%)
1  ... 

Histogram: PasswordManager.PasswordStoreBuiltInBackend.GetAllLoginsAsync.Success recorded 4 samples, mean = 1.0 (flags = 0x41)
0  O                                                                         (0 = 0.0%)
1  ----O                                                                     (4 = 100.0%) {0.0%}
2  O                                                                         (0 = 0.0%) {100.0%}

Histogram: PasswordManager.PasswordStoreBuiltInBackend.GetAutofillableLoginsAsync recorded 12 samples, mean = 1.0 (flags = 0x41)
0  ------O                                                                   (6 = 50.0%)
1  O                                                                         (0 = 0.0%) {50.0%}
2  ------O                                                                   (6 = 50.0%) {50.0%}
3  ... 

Histogram: PasswordManager.PasswordStoreBuiltInBackend.GetAutofillableLoginsAsync.Latency recorded 6 samples, mean = 45.2 (flags = 0x41)
0   -O                                                                        (1 = 16.7%)
1   ... 
32  --O                                                                       (2 = 33.3%) {16.7%}
41  ... 
66  ---O                                                                      (3 = 50.0%) {50.0%}
84  ... 

Histogram: PasswordManager.PasswordStoreBuiltInBackend.GetAutofillableLoginsAsync.Success recorded 6 samples, mean = 1.0 (flags = 0x41)
0  O                                                                         (0 = 0.0%)
1  ------O                                                                   (6 = 100.0%) {0.0%}
2  O                                                                         (0 = 0.0%) {100.0%}

Histogram: PasswordManager.ProfileStore.BlacklistedSitesHiRes3.WithoutCustomPassphrase recorded 1 samples, mean = 0.0 (flags = 0x41)
0  -O                                                                        (1 = 100.0%)
1  ... 

Histogram: PasswordManager.ProfileStore.InaccessiblePasswords3 recorded 1 samples, mean = 0.0 (flags = 0x41)
0  -O                                                                        (1 = 100.0%)
1  ... 

Histogram: PasswordManager.ProfileStore.LoginDatabaseEncryptionStatus recorded 1 samples, mean = 0.0 (flags = 0x41)
0  -O                                                                        (1 = 100.0%)
1  ... 

Histogram: PasswordManager.ProfileStore.PasswordNotes.CountCredentialsWithNonEmptyNotes2 recorded 1 samples, mean = 0.0 (flags = 0x41)
0  -O                                                                        (1 = 100.0%)
1  ... 

Histogram: PasswordManager.ProfileStore.TotalAccountsHiRes3.ByType.AutoGenerated.WithoutCustomPassphrase recorded 1 samples, mean = 0.0 (flags = 0x41)
0  -O                                                                        (1 = 100.0%)
1  ... 

Histogram: PasswordManager.ProfileStore.TotalAccountsHiRes3.ByType.Overall recorded 1 samples, mean = 0.0 (flags = 0x41)
0  -O                                                                        (1 = 100.0%)
1  ... 

Histogram: PasswordManager.ProfileStore.TotalAccountsHiRes3.ByType.Overall.WithoutCustomPassphrase recorded 1 samples, mean = 0.0 (flags = 0x41)
0  -O                                                                        (1 = 100.0%)
1  ... 

Histogram: PasswordManager.ProfileStore.TotalAccountsHiRes3.ByType.ReceivedViaSharing.WithoutCustomPassphrase recorded 1 samples, mean = 0.0 (flags = 0x41)
0  -O                                                                        (1 = 100.0%)
1  ... 

Histogram: PasswordManager.ProfileStore.TotalAccountsHiRes3.ByType.UserCreated.WithoutCustomPassphrase recorded 1 samples, mean = 0.0 (flags = 0x41)
0  -O                                                                        (1 = 100.0%)
1  ... 

Histogram: PasswordManager.ProfileStore.TotalAccountsHiRes3.WithScheme.Android recorded 1 samples, mean = 0.0 (flags = 0x41)
0  -O                                                                        (1 = 100.0%)
1  ... 

Histogram: PasswordManager.ProfileStore.TotalAccountsHiRes3.WithScheme.Ftp recorded 1 samples, mean = 0.0 (flags = 0x41)
0  -O                                                                        (1 = 100.0%)
1  ... 

Histogram: PasswordManager.ProfileStore.TotalAccountsHiRes3.WithScheme.Http recorded 1 samples, mean = 0.0 (flags = 0x41)
0  -O                                                                        (1 = 100.0%)
1  ... 

Histogram: PasswordManager.ProfileStore.TotalAccountsHiRes3.WithScheme.Https recorded 1 samples, mean = 0.0 (flags = 0x41)
0  -O                                                                        (1 = 100.0%)
1  ... 

Histogram: PasswordManager.ProfileStore.TotalAccountsHiRes3.WithScheme.Other recorded 1 samples, mean = 0.0 (flags = 0x41)
0  -O                                                                        (1 = 100.0%)
1  ... 

Histogram: PasswordManager.SavedGaiaPasswordHashCount2 recorded 1 samples, mean = 0.0 (flags = 0x41)
0  -O                                                                        (1 = 100.0%)
1  ... 

Histogram: PasswordManager.SyncMetadataReadError2 recorded 2 samples, mean = 0.0 (flags = 0x41)
0  --O                                                                       (2 = 100.0%)
1  ... 

Histogram: PasswordManager.SyncingAccountState3 recorded 1 samples, mean = 2.0 (flags = 0x41)
0  ... 
2  -O                                                                        (1 = 100.0%) {0.0%}
3  ... 

Histogram: PaymentRequest.IsCanMakePaymentAllowedByPref.Startup recorded 1 samples, mean = 1.0 (flags = 0x41)
0  O                                                                         (0 = 0.0%)
1  -O                                                                        (1 = 100.0%) {0.0%}
2  O                                                                         (0 = 0.0%) {100.0%}

Histogram: PerformanceManager.LoadingNotQuiescentPageCount.All recorded 4 samples, mean = 0.0 (flags = 0x41)
0  ----O                                                                     (4 = 100.0%)
1  ... 

Histogram: PerformanceManager.LoadingNotQuiescentPageCount.Hidden recorded 4 samples, mean = 0.0 (flags = 0x41)
0  ----O                                                                     (4 = 100.0%)
1  ... 

Histogram: PerformanceManager.LoadingNotQuiescentPageCount.MixedVisibility recorded 4 samples, mean = 0.0 (flags = 0x41)
0  ----O                                                                     (4 = 100.0%)
1  ... 

Histogram: PerformanceManager.LoadingNotQuiescentPageCount.Visible recorded 4 samples, mean = 0.0 (flags = 0x41)
0  ----O                                                                     (4 = 100.0%)
1  ... 

Histogram: PerformanceManager.QuiescentPageCount recorded 4 samples, mean = 1.0 (flags = 0x41)
0  O                                                                         (0 = 0.0%)
1  ----O                                                                     (4 = 100.0%) {0.0%}
2  ... 

Histogram: PerformanceManager.SiteDB.DatabaseInit recorded 1 samples, mean = 0.0 (flags = 0x41)
0  -O                                                                        (1 = 100.0%)
1  ... 

Histogram: PerformanceManager.SiteDB.WriteCompleted.WriteSiteDataIntoStore recorded 1 samples, mean = 1.0 (flags = 0x41)
0  O                                                                         (0 = 0.0%)
1  -O                                                                        (1 = 100.0%) {0.0%}
2  O                                                                         (0 = 0.0%) {100.0%}

Histogram: PerformanceManager.SiteDB.WriteScheduled.WriteSiteDataIntoStore recorded 1 samples, mean = 1.0 (flags = 0x41)
0  O                                                                         (0 = 0.0%)
1  -O                                                                        (1 = 100.0%) {0.0%}
2  O                                                                         (0 = 0.0%) {100.0%}

Histogram: PerformanceManager.TabRevisitTracker.TimeToClose2 recorded 1 samples, mean = 147.0 (flags = 0x41)
0    ... 
146  -O                                                                        (1 = 100.0%) {0.0%}
154  ... 

Histogram: PerformanceManager.UserTuning.BatterySaverModeEnabledPercent recorded 1 samples, mean = 0.0 (flags = 0x41)
0  -O                                                                        (1 = 100.0%)
1  ... 

Histogram: PerformanceManager.UserTuning.MemorySaverModeEnabledPercent recorded 1 samples, mean = 0.0 (flags = 0x41)
0  -O                                                                        (1 = 100.0%)
1  ... 

Histogram: PerformanceMonitor.AverageCPU8.BrowserProcess recorded 1 samples, mean = 7351.0 (flags = 0x41)
0     ... 
6462  -O                                                                        (1 = 100.0%) {0.0%}
7801  ... 

Histogram: PerformanceMonitor.AverageCPU8.GPUProcess recorded 1 samples, mean = 14.0 (flags = 0x41)
0   ... 
12  -O                                                                        (1 = 100.0%) {0.0%}
15  ... 

Histogram: PerformanceMonitor.AverageCPU8.NetworkProcess recorded 1 samples, mean = 35.0 (flags = 0x41)
0   ... 
33  -O                                                                        (1 = 100.0%) {0.0%}
40  ... 

Histogram: PerformanceMonitor.AverageCPU8.OtherProcess recorded 1 samples, mean = 0.0 (flags = 0x41)
0  -O                                                                        (1 = 100.0%)
1  ... 

Histogram: PerformanceMonitor.AverageCPU8.RendererExtensionEventProcess recorded 1 samples, mean = 0.0 (flags = 0x41)
0  -O                                                                        (1 = 100.0%)
1  ... 

Histogram: PerformanceMonitor.AverageCPU8.RendererExtensionPersistentProcess recorded 1 samples, mean = 0.0 (flags = 0x41)
0  -O                                                                        (1 = 100.0%)
1  ... 

Histogram: PerformanceMonitor.AverageCPU8.RendererProcess recorded 1 samples, mean = 294.0 (flags = 0x41)
0    ... 
263  -O                                                                        (1 = 100.0%) {0.0%}
317  ... 

Histogram: PerformanceMonitor.AverageCPU8.Total recorded 1 samples, mean = 7556.0 (flags = 0x41)
0     ... 
6462  -O                                                                        (1 = 100.0%) {0.0%}
7801  ... 

Histogram: PerformanceMonitor.AverageCPU8.Total.ZeroWindow recorded 1 samples, mean = 7556.0 (flags = 0x41)
0     ... 
6462  -O                                                                        (1 = 100.0%) {0.0%}
7801  ... 

Histogram: PerformanceMonitor.AverageCPU8.UtilityProcess recorded 1 samples, mean = 957.0 (flags = 0x41)
0    ... 
814  -O                                                                        (1 = 100.0%) {0.0%}
983  ... 

Histogram: PerformanceMonitor.HasPreciseCPUUsage recorded 12 samples, mean = 1.0 (flags = 0x41)
0  O                                                                         (0 = 0.0%)
1  ------------O                                                             (12 = 100.0%) {0.0%}
2  O                                                                         (0 = 0.0%) {100.0%}

Histogram: PerformanceMonitor.UsageScenario.LongInterval recorded 1 samples, mean = 13.0 (flags = 0x41)
0   ... 
13  -O                                                                        (1 = 100.0%) {0.0%}
14  ... 

Histogram: Permissions.API.CreatedPermissionStatusObjects recorded 1 samples, mean = 0.0 (flags = 0x41)
0  -O                                                                        (1 = 100.0%)
1  ... 

Histogram: Permissions.Experimental.PrimaryMainNavigationFinished.AudioCapture.TopLevelHeaderPolicy recorded 1 samples, mean = 0.0 (flags = 0x41)
0  -O                                                                        (1 = 100.0%)
1  ... 

Histogram: Permissions.Experimental.PrimaryMainNavigationFinished.Geolocation.TopLevelHeaderPolicy recorded 1 samples, mean = 0.0 (flags = 0x41)
0  -O                                                                        (1 = 100.0%)
1  ... 

Histogram: Permissions.Experimental.PrimaryMainNavigationFinished.VideoCapture.TopLevelHeaderPolicy recorded 1 samples, mean = 0.0 (flags = 0x41)
0  -O                                                                        (1 = 100.0%)
1  ... 

Histogram: Permissions.QuietNotificationPrompts.EnabledStateInPrefsChangedTo recorded 1 samples, mean = 0.0 (flags = 0x41)
0  -O                                                                        (1 = 100.0%)
1  ... 

Histogram: Permissions.QuietNotificationPrompts.RegularProfile.IsEnabledInPrefs recorded 1 samples, mean = 0.0 (flags = 0x41)
0  -O                                                                        (1 = 100.0%)
1  ... 

Histogram: Platform.IntelMaxMicroArchitecture recorded 1 samples, mean = 8.0 (flags = 0x41)
0  ... 
8  -O                                                                        (1 = 100.0%) {0.0%}
9  ... 

Histogram: Power.BatteryDischargeGranularityIsOrdered recorded 5 samples, mean = 1.0 (flags = 0x41)
0  O                                                                         (0 = 0.0%)
1  -----O                                                                    (5 = 100.0%) {0.0%}
2  O                                                                         (0 = 0.0%) {100.0%}

Histogram: Power.BatteryDischargeMode5 recorded 2 samples, mean = 1.0 (flags = 0x41)
0  O                                                                         (0 = 0.0%)
1  --O                                                                       (2 = 100.0%) {0.0%}
2  ... 

Histogram: Power.BatteryDischargeMode5.Initial recorded 1 samples, mean = 1.0 (flags = 0x41)
0  O                                                                         (0 = 0.0%)
1  -O                                                                        (1 = 100.0%) {0.0%}
2  ... 

Histogram: Power.BatteryDischargeMode5.Periodic recorded 1 samples, mean = 1.0 (flags = 0x41)
0  O                                                                         (0 = 0.0%)
1  -O                                                                        (1 = 100.0%) {0.0%}
2  ... 

Histogram: Power.BatteryDischargeMode5.ZeroWindow recorded 2 samples, mean = 1.0 (flags = 0x41)
0  O                                                                         (0 = 0.0%)
1  --O                                                                       (2 = 100.0%) {0.0%}
2  ... 

Histogram: Power.BatteryDischargeMode5.ZeroWindow.Initial recorded 1 samples, mean = 1.0 (flags = 0x41)
0  O                                                                         (0 = 0.0%)
1  -O                                                                        (1 = 100.0%) {0.0%}
2  ... 

Histogram: Power.BatteryDischargeMode5.ZeroWindow.Periodic recorded 1 samples, mean = 1.0 (flags = 0x41)
0  O                                                                         (0 = 0.0%)
1  -O                                                                        (1 = 100.0%) {0.0%}
2  ... 

Histogram: Power.HasPreciseBatteryDischargeGranularity recorded 2 samples, mean = 0.0 (flags = 0x41)
0  --O                                                                       (2 = 100.0%)
1  ... 

Histogram: Prefs.JSonStore.SetValueKey recorded 227 samples (flags = 0x41)
11877007    -O                                                                        (1 = 0.4%)
13789350    -O                                                                        (1 = 0.4%)
21974204    -O                                                                        (1 = 0.4%)
30175592    -O                                                                        (1 = 0.4%)
35350868    -O                                                                        (1 = 0.4%)
38959120    -O                                                                        (1 = 0.4%)
48308786    -O                                                                        (1 = 0.4%)
48970665    -O                                                                        (1 = 0.4%)
50385643    -O                                                                        (1 = 0.4%)
58852327    -O                                                                        (1 = 0.4%)
60074882    -O                                                                        (1 = 0.4%)
63143740    -O                                                                        (1 = 0.4%)
67499933    -O                                                                        (1 = 0.4%)
71261148    -O                                                                        (1 = 0.4%)
74917821    -O                                                                        (1 = 0.4%)
83401060    --O                                                                       (2 = 0.9%)
87117049    -O                                                                        (1 = 0.4%)
95451438    -O                                                                        (1 = 0.4%)
96985887    -O                                                                        (1 = 0.4%)
98402640    -O                                                                        (1 = 0.4%)
114468136   -O                                                                        (1 = 0.4%)
148962216   -O                                                                        (1 = 0.4%)
158955843   -O                                                                        (1 = 0.4%)
159868137   -O                                                                        (1 = 0.4%)
160553050   -O                                                                        (1 = 0.4%)
174384190   --O                                                                       (2 = 0.9%)
179465432   -O                                                                        (1 = 0.4%)
252196214   -O                                                                        (1 = 0.4%)
257191935   -O                                                                        (1 = 0.4%)
263038368   -O                                                                        (1 = 0.4%)
319755574   -O                                                                        (1 = 0.4%)
321757638   -O                                                                        (1 = 0.4%)
342617479   -O                                                                        (1 = 0.4%)
372921139   -O                                                                        (1 = 0.4%)
380934801   -O                                                                        (1 = 0.4%)
386474016   -O                                                                        (1 = 0.4%)
407473099   -O                                                                        (1 = 0.4%)
418797199   -O                                                                        (1 = 0.4%)
422102490   -O                                                                        (1 = 0.4%)
424104555   -O                                                                        (1 = 0.4%)
427767793   -O                                                                        (1 = 0.4%)
433956830   -O                                                                        (1 = 0.4%)
445925679   -O                                                                        (1 = 0.4%)
463198118   -O                                                                        (1 = 0.4%)
471148032   -O                                                                        (1 = 0.4%)
480376758   -O                                                                        (1 = 0.4%)
482523034   -O                                                                        (1 = 0.4%)
488892608   -O                                                                        (1 = 0.4%)
493324768   -O                                                                        (1 = 0.4%)
499024108   -O                                                                        (1 = 0.4%)
511540468   -O                                                                        (1 = 0.4%)
519030766   -O                                                                        (1 = 0.4%)
527162312   -O                                                                        (1 = 0.4%)
540775701   -O                                                                        (1 = 0.4%)
555970183   -O                                                                        (1 = 0.4%)
563306967   -O                                                                        (1 = 0.4%)
572707311   -O                                                                        (1 = 0.4%)
575189634   -O                                                                        (1 = 0.4%)
598130904   -O                                                                        (1 = 0.4%)
601536729   -O                                                                        (1 = 0.4%)
608410936   -O                                                                        (1 = 0.4%)
613827290   -O                                                                        (1 = 0.4%)
627084923   -O                                                                        (1 = 0.4%)
671461121   -O                                                                        (1 = 0.4%)
679539879   -O                                                                        (1 = 0.4%)
683498415   -O                                                                        (1 = 0.4%)
696297815   -O                                                                        (1 = 0.4%)
730380737   -O                                                                        (1 = 0.4%)
740991542   -O                                                                        (1 = 0.4%)
768896682   -O                                                                        (1 = 0.4%)
786116064   -O                                                                        (1 = 0.4%)
802715303   -O                                                                        (1 = 0.4%)
802924577   -O                                                                        (1 = 0.4%)
810792148   -O                                                                        (1 = 0.4%)
819550135   -O                                                                        (1 = 0.4%)
830521985   -O                                                                        (1 = 0.4%)
830867825   -O                                                                        (1 = 0.4%)
844769099   -O                                                                        (1 = 0.4%)
848744689   -O                                                                        (1 = 0.4%)
852125461   --O                                                                       (2 = 0.9%)
864339002   -O                                                                        (1 = 0.4%)
872963730   -O                                                                        (1 = 0.4%)
905734692   -O                                                                        (1 = 0.4%)
913260513   -O                                                                        (1 = 0.4%)
925026084   -O                                                                        (1 = 0.4%)
945162316   -O                                                                        (1 = 0.4%)
960545962   -O                                                                        (1 = 0.4%)
962247939   -O                                                                        (1 = 0.4%)
962764485   -O                                                                        (1 = 0.4%)
987246806   -O                                                                        (1 = 0.4%)
991428855   -O                                                                        (1 = 0.4%)
1011313312  -O                                                                        (1 = 0.4%)
1012213893  -O                                                                        (1 = 0.4%)
1029937321  -O                                                                        (1 = 0.4%)
1031488582  -O                                                                        (1 = 0.4%)
1033796515  -O                                                                        (1 = 0.4%)
1035736007  -O                                                                        (1 = 0.4%)
1046477838  -O                                                                        (1 = 0.4%)
1051113028  -O                                                                        (1 = 0.4%)
1062610837  -O                                                                        (1 = 0.4%)
1078890699  -O                                                                        (1 = 0.4%)
1081542008  -O                                                                        (1 = 0.4%)
1132730623  -O                                                                        (1 = 0.4%)
1134056779  -O                                                                        (1 = 0.4%)
1139831465  -O                                                                        (1 = 0.4%)
1146036050  -O                                                                        (1 = 0.4%)
1157759408  -O                                                                        (1 = 0.4%)
1164925885  -O                                                                        (1 = 0.4%)
1168265797  -O                                                                        (1 = 0.4%)
1170146864  -O                                                                        (1 = 0.4%)
1186893056  -O                                                                        (1 = 0.4%)
1191649915  -O                                                                        (1 = 0.4%)
1194755828  -O                                                                        (1 = 0.4%)
1202919152  -O                                                                        (1 = 0.4%)
1204513693  -O                                                                        (1 = 0.4%)
1206946240  -O                                                                        (1 = 0.4%)
1217018470  -O                                                                        (1 = 0.4%)
1227647714  -O                                                                        (1 = 0.4%)
1250642367  -O                                                                        (1 = 0.4%)
1254057572  -O                                                                        (1 = 0.4%)
1264414433  -O                                                                        (1 = 0.4%)
1276459689  --O                                                                       (2 = 0.9%)
1280906219  -O                                                                        (1 = 0.4%)
1285180254  -O                                                                        (1 = 0.4%)
1294696564  -O                                                                        (1 = 0.4%)
1301278111  -O                                                                        (1 = 0.4%)
1313270070  -O                                                                        (1 = 0.4%)
1333612670  -O                                                                        (1 = 0.4%)
1339319477  -O                                                                        (1 = 0.4%)
1347268800  -O                                                                        (1 = 0.4%)
1365845067  -O                                                                        (1 = 0.4%)
1377129115  -O                                                                        (1 = 0.4%)
1379540386  -O                                                                        (1 = 0.4%)
1395982606  -O                                                                        (1 = 0.4%)
1396044923  -O                                                                        (1 = 0.4%)
1413520755  -O                                                                        (1 = 0.4%)
1436230589  -O                                                                        (1 = 0.4%)
1441835268  -O                                                                        (1 = 0.4%)
1447558635  -O                                                                        (1 = 0.4%)
1449621037  -O                                                                        (1 = 0.4%)
1458079951  -O                                                                        (1 = 0.4%)
1460117349  -O                                                                        (1 = 0.4%)
1475173162  -O                                                                        (1 = 0.4%)
1484611892  -O                                                                        (1 = 0.4%)
1494542448  -O                                                                        (1 = 0.4%)
1502249846  -O                                                                        (1 = 0.4%)
1526276751  -O                                                                        (1 = 0.4%)
1527195949  -O                                                                        (1 = 0.4%)
1535918026  -O                                                                        (1 = 0.4%)
1542400596  -O                                                                        (1 = 0.4%)
1545989813  -O                                                                        (1 = 0.4%)
1548031716  -O                                                                        (1 = 0.4%)
1565577301  -O                                                                        (1 = 0.4%)
1568695205  -O                                                                        (1 = 0.4%)
1575119942  -O                                                                        (1 = 0.4%)
1590148671  -O                                                                        (1 = 0.4%)
1627819528  -O                                                                        (1 = 0.4%)
1634993303  -O                                                                        (1 = 0.4%)
1637903150  -O                                                                        (1 = 0.4%)
1645764719  -O                                                                        (1 = 0.4%)
1648221394  -O                                                                        (1 = 0.4%)
1654304277  -O                                                                        (1 = 0.4%)
1664178055  -O                                                                        (1 = 0.4%)
1673724330  -O                                                                        (1 = 0.4%)
1678274389  -O                                                                        (1 = 0.4%)
1692858862  -O                                                                        (1 = 0.4%)
1702456600  -O                                                                        (1 = 0.4%)
1705059164  -O                                                                        (1 = 0.4%)
1706934116  -O                                                                        (1 = 0.4%)
1722128228  -O                                                                        (1 = 0.4%)
1733430817  -O                                                                        (1 = 0.4%)
1764284517  -O                                                                        (1 = 0.4%)
1764633608  -O                                                                        (1 = 0.4%)
1768850504  -O                                                                        (1 = 0.4%)
1771736614  -O                                                                        (1 = 0.4%)
1774207023  -O                                                                        (1 = 0.4%)
1807713282  -O                                                                        (1 = 0.4%)
1817269169  -O                                                                        (1 = 0.4%)
1820432981  -O                                                                        (1 = 0.4%)
1828908270  -O                                                                        (1 = 0.4%)
1856694654  -O                                                                        (1 = 0.4%)
1858548678  -O                                                                        (1 = 0.4%)
1865358985  -O                                                                        (1 = 0.4%)
1869182481  -O                                                                        (1 = 0.4%)
1871704243  -O                                                                        (1 = 0.4%)
1879695078  -O                                                                        (1 = 0.4%)
1884546623  -O                                                                        (1 = 0.4%)
1886855768  -O                                                                        (1 = 0.4%)
1910938029  -O                                                                        (1 = 0.4%)
1923415074  --O                                                                       (2 = 0.9%)
1924400671  -O                                                                        (1 = 0.4%)
1924555831  -O                                                                        (1 = 0.4%)
1924865606  -O                                                                        (1 = 0.4%)
1927273959  --O                                                                       (2 = 0.9%)
1927847838  -O                                                                        (1 = 0.4%)
1936820420  --O                                                                       (2 = 0.9%)
1946235510  -O                                                                        (1 = 0.4%)
1953058349  -O                                                                        (1 = 0.4%)
1956100443  -O                                                                        (1 = 0.4%)
1958764657  -O                                                                        (1 = 0.4%)
1965922208  -O                                                                        (1 = 0.4%)
1985461610  -O                                                                        (1 = 0.4%)
1993242959  -O                                                                        (1 = 0.4%)
1994005658  -O                                                                        (1 = 0.4%)
2005681410  -O                                                                        (1 = 0.4%)
2022894957  -O                                                                        (1 = 0.4%)
2049316039  -O                                                                        (1 = 0.4%)
2056672062  -O                                                                        (1 = 0.4%)
2074180478  -O                                                                        (1 = 0.4%)
2082071419  -O                                                                        (1 = 0.4%)
2082524502  -O                                                                        (1 = 0.4%)
2097306482  -O                                                                        (1 = 0.4%)
2109884390  -O                                                                        (1 = 0.4%)
2116434298  -O                                                                        (1 = 0.4%)
2133246549  -O                                                                        (1 = 0.4%)
2137725514  -O                                                                        (1 = 0.4%)
2138054526  -O                                                                        (1 = 0.4%)
2139099957  -O                                                                        (1 = 0.4%)
2141172979  -O                                                                        (1 = 0.4%)
2141675741  -O                                                                        (1 = 0.4%)

Histogram: Privacy.CookieControlsSetting.RegularProfile recorded 1 samples, mean = 2.0 (flags = 0x41)
0  ... 
2  -O                                                                        (1 = 100.0%) {0.0%}
3  O                                                                         (0 = 0.0%) {100.0%}

Histogram: Privacy.DIPS.BounceCategoryServer.Block3PC recorded 1 samples, mean = 0.0 (flags = 0x41)
0  -O                                                                        (1 = 100.0%)
1  ... 

Histogram: Privacy.DIPS.ClearedSitesCount.Block3PC recorded 1 samples, mean = 0.0 (flags = 0x41)
0  -O                                                                        (1 = 100.0%)
1  ... 

Histogram: Privacy.DIPS.DIPSErrorCodes recorded 3 samples, mean = 4.0 (flags = 0x41)
0  -O                                                                        (1 = 33.3%)
1  ... 
6  --O                                                                       (2 = 66.7%) {33.3%}
7  ... 

Histogram: Privacy.DIPS.Database.Operation.FilterSitesWithProtectiveEventTime recorded 1 samples, mean = 0.0 (flags = 0x41)
0  -O                                                                        (1 = 100.0%)
1  ... 

Histogram: Privacy.DIPS.Database.Operation.GetSitesThatBouncedWithStateTime recorded 1 samples, mean = 0.0 (flags = 0x41)
0  -O                                                                        (1 = 100.0%)
1  ... 

Histogram: Privacy.DIPS.Database.Operation.InitTime recorded 1 samples, mean = 131.0 (flags = 0x41)
0    ... 
114  -O                                                                        (1 = 100.0%) {0.0%}
135  ... 

Histogram: Privacy.DIPS.Database.Operation.ReadPopupTime recorded 1 samples, mean = 0.0 (flags = 0x41)
0  -O                                                                        (1 = 100.0%)
1  ... 

Histogram: Privacy.DIPS.Database.Operation.ReadTime recorded 4 samples, mean = 0.5 (flags = 0x41)
0  ---O                                                                      (3 = 75.0%)
1  O                                                                         (0 = 0.0%) {75.0%}
2  -O                                                                        (1 = 25.0%) {75.0%}
3  ... 

Histogram: Privacy.DIPS.Database.Operation.RemoveRowsTime recorded 1 samples, mean = 2.0 (flags = 0x41)
0  ... 
2  -O                                                                        (1 = 100.0%) {0.0%}
3  ... 

Histogram: Privacy.DIPS.Database.Operation.WriteTime recorded 2 samples, mean = 59.5 (flags = 0x41)
0   ... 
48  -O                                                                        (1 = 50.0%) {0.0%}
57  O                                                                         (0 = 0.0%) {50.0%}
68  -O                                                                        (1 = 50.0%) {50.0%}
81  ... 

Histogram: Privacy.DIPS.DatabaseEntryCount recorded 1 samples, mean = 0.0 (flags = 0x41)
0  -O                                                                        (1 = 100.0%)
1  ... 

Histogram: Privacy.DIPS.DatabaseHealthMetricsTime recorded 1 samples, mean = 2.0 (flags = 0x41)
0  ... 
2  -O                                                                        (1 = 100.0%) {0.0%}
3  ... 

Histogram: Privacy.DIPS.DatabaseInit recorded 1 samples, mean = 1.0 (flags = 0x41)
0  O                                                                         (0 = 0.0%)
1  -O                                                                        (1 = 100.0%) {0.0%}
2  ... 

Histogram: Privacy.DIPS.DatabaseSize recorded 1 samples, mean = 36.0 (flags = 0x41)
0  -O                                                                        (1 = 100.0%)
1000... 

Histogram: Privacy.DoNotTrackSetting2 recorded 1 samples, mean = 0.0 (flags = 0x41)
0  -O                                                                        (1 = 100.0%)
1  ... 

Histogram: Privacy.ThirdPartyCookieBlockingSetting.RegularProfile recorded 1 samples, mean = 0.0 (flags = 0x41)
0  -O                                                                        (1 = 100.0%)
1  ... 

Histogram: PrivacyBudget.Identifiability.FinchConfigValidationResult recorded 1 samples, mean = 1.0 (flags = 0x41)
0  O                                                                         (0 = 0.0%)
1  -O                                                                        (1 = 100.0%) {0.0%}
2  O                                                                         (0 = 0.0%) {100.0%}

Histogram: PrivacySandbox.IsTopicsAllowed recorded 1 samples, mean = 3.0 (flags = 0x41)
0  ... 
3  -O                                                                        (1 = 100.0%) {0.0%}
4  ... 

Histogram: PrivacySandbox.NoticeRequirement.IsVariationCountryEmpty recorded 3 samples, mean = 1.0 (flags = 0x41)
0  O                                                                         (0 = 0.0%)
1  ---O                                                                      (3 = 100.0%) {0.0%}
2  O                                                                         (0 = 0.0%) {100.0%}

Histogram: PrivacySandbox.NoticeRequirement.IsVariationServiceReady recorded 3 samples, mean = 1.0 (flags = 0x41)
0  O                                                                         (0 = 0.0%)
1  ---O                                                                      (3 = 100.0%) {0.0%}
2  O                                                                         (0 = 0.0%) {100.0%}

Histogram: PrivacySandbox.TrackingProtection.OnboardingStartup.State recorded 1 samples, mean = 0.0 (flags = 0x41)
0  -O                                                                        (1 = 100.0%)
1  ... 

Histogram: PrivacySandbox.TrackingProtection.SilentOnboardingStartup.State recorded 1 samples, mean = 0.0 (flags = 0x41)
0  -O                                                                        (1 = 100.0%)
1  ... 

Histogram: Profile.AppCount recorded 1 samples, mean = 0.0 (flags = 0x41)
0  -O                                                                        (1 = 100.0%)
1  ... 

Histogram: Profile.BookmarksSize recorded 1 samples, mean = 0.0 (flags = 0x41)
0  -O                                                                        (1 = 100.0%)
1  ... 

Histogram: Profile.CookiesSize recorded 1 samples, mean = 0.0 (flags = 0x41)
0  -O                                                                        (1 = 100.0%)
1  ... 

Histogram: Profile.Destroyer.OffTheRecord recorded 1 samples, mean = 1.0 (flags = 0x41)
0  O                                                                         (0 = 0.0%)
1  -O                                                                        (1 = 100.0%) {0.0%}
2  ... 

Histogram: Profile.DidDestroyProfileBeforeShutdown recorded 1 samples, mean = 0.0 (flags = 0x41)
0  -O                                                                        (1 = 100.0%)
1  ... 

Histogram: Profile.ExtensionSize recorded 1 samples, mean = 0.0 (flags = 0x41)
0  -O                                                                        (1 = 100.0%)
1  ... 

Histogram: Profile.FaviconsSize recorded 1 samples, mean = 0.0 (flags = 0x41)
0  -O                                                                        (1 = 100.0%)
1  ... 

Histogram: Profile.HistorySize recorded 1 samples, mean = 0.0 (flags = 0x41)
0  -O                                                                        (1 = 100.0%)
1  ... 

Histogram: Profile.KeepAliveLeakAtShutdown recorded 2 samples, mean = 3.5 (flags = 0x41)
0  -O                                                                        (1 = 50.0%)
1  ... 
7  -O                                                                        (1 = 50.0%) {50.0%}
8  ... 

Histogram: Profile.NumberOfProfiles recorded 1 samples, mean = 0.0 (flags = 0x41)
0  -O                                                                        (1 = 100.0%)
1  ... 

Histogram: Profile.TopSitesSize recorded 1 samples, mean = 0.0 (flags = 0x41)
0  -O                                                                        (1 = 100.0%)
1  ... 

Histogram: Profile.TotalHistorySize recorded 1 samples, mean = 0.0 (flags = 0x41)
0  -O                                                                        (1 = 100.0%)
1  ... 

Histogram: Profile.TotalSize recorded 1 samples, mean = 0.0 (flags = 0x41)
0  -O                                                                        (1 = 100.0%)
1  ... 

Histogram: Profile.TotalSizeRecursive recorded 1 samples, mean = 7.0 (flags = 0x41)
0  ... 
7  -O                                                                        (1 = 100.0%) {0.0%}
8  ... 

Histogram: Profile.TriggeredReset recorded 1 samples, mean = 0.0 (flags = 0x41)
0  -O                                                                        (1 = 100.0%)
1  ... 

Histogram: Profile.VisitedLinksSize recorded 1 samples, mean = 0.0 (flags = 0x41)
0  -O                                                                        (1 = 100.0%)
1  ... 

Histogram: Profile.WebDataSize recorded 1 samples, mean = 0.0 (flags = 0x41)
0  -O                                                                        (1 = 100.0%)
1  ... 

Histogram: ProfilePicker.StartupMode.CreateInitialProfile recorded 1 samples, mean = 0.0 (flags = 0x41)
0  -O                                                                        (1 = 100.0%)
1  ... 

Histogram: ProfilePicker.StartupMode.GetStartupProfile recorded 1 samples, mean = 0.0 (flags = 0x41)
0  -O                                                                        (1 = 100.0%)
1  ... 

Histogram: ProfilePicker.StartupReason.GetStartupProfile recorded 1 samples, mean = 27.0 (flags = 0x41)
0   ... 
27  -O                                                                        (1 = 100.0%) {0.0%}
28  ... 

Histogram: ProtoDB.GetErrorStatus.Metadata recorded 0 samples (flags = 0x41)
0 ... 

Histogram: ProtoDB.GetFound.Metadata recorded 18 samples, mean = 0.0 (flags = 0x41)
0  ------------------O                                                       (18 = 100.0%)
1  ... 

Histogram: ProtoDB.GetSuccess.Metadata recorded 18 samples, mean = 1.0 (flags = 0x41)
0  O                                                                         (0 = 0.0%)
1  ------------------O                                                       (18 = 100.0%) {0.0%}
2  O                                                                         (0 = 0.0%) {100.0%}

Histogram: ProtoDB.InitStatus.BudgetManager recorded 1 samples, mean = 4.0 (flags = 0x41)
0  ... 
4  -O                                                                        (1 = 100.0%) {0.0%}
5  ... 

Histogram: ProtoDB.InitStatus.CartDatabase recorded 1 samples, mean = 4.0 (flags = 0x41)
0  ... 
4  -O                                                                        (1 = 100.0%) {0.0%}
5  ... 

Histogram: ProtoDB.InitStatus.ClientCertificatesDatabase recorded 1 samples, mean = 4.0 (flags = 0x41)
0  ... 
4  -O                                                                        (1 = 100.0%) {0.0%}
5  ... 

Histogram: ProtoDB.InitStatus.CommerceParcelTrackingDatabase recorded 1 samples, mean = 4.0 (flags = 0x41)
0  ... 
4  -O                                                                        (1 = 100.0%) {0.0%}
5  ... 

Histogram: ProtoDB.InitStatus.CommerceSubscriptionDatabase recorded 1 samples, mean = 4.0 (flags = 0x41)
0  ... 
4  -O                                                                        (1 = 100.0%) {0.0%}
5  ... 

Histogram: ProtoDB.InitStatus.CouponDatabase recorded 1 samples, mean = 4.0 (flags = 0x41)
0  ... 
4  -O                                                                        (1 = 100.0%) {0.0%}
5  ... 

Histogram: ProtoDB.InitStatus.DiscountsDatabase recorded 1 samples, mean = 4.0 (flags = 0x41)
0  ... 
4  -O                                                                        (1 = 100.0%) {0.0%}
5  ... 

Histogram: ProtoDB.InitStatus.DownloadDB recorded 1 samples, mean = 4.0 (flags = 0x41)
0  ... 
4  -O                                                                        (1 = 100.0%) {0.0%}
5  ... 

Histogram: ProtoDB.InitStatus.DownloadService recorded 1 samples, mean = 4.0 (flags = 0x41)
0  ... 
4  -O                                                                        (1 = 100.0%) {0.0%}
5  ... 

Histogram: ProtoDB.InitStatus.FeatureEngagementTrackerAvailabilityStore recorded 1 samples, mean = 4.0 (flags = 0x41)
0  ... 
4  -O                                                                        (1 = 100.0%) {0.0%}
5  ... 

Histogram: ProtoDB.InitStatus.FeatureEngagementTrackerEventStore recorded 1 samples, mean = 4.0 (flags = 0x41)
0  ... 
4  -O                                                                        (1 = 100.0%) {0.0%}
5  ... 

Histogram: ProtoDB.InitStatus.Metadata recorded 1 samples, mean = 0.0 (flags = 0x41)
0  -O                                                                        (1 = 100.0%)
1  ... 

Histogram: ProtoDB.InitStatus.PersistentOriginTrials recorded 1 samples, mean = 4.0 (flags = 0x41)
0  ... 
4  -O                                                                        (1 = 100.0%) {0.0%}
5  ... 

Histogram: ProtoDB.InitStatus.PreviewsHintCacheStore recorded 1 samples, mean = 4.0 (flags = 0x41)
0  ... 
4  -O                                                                        (1 = 100.0%) {0.0%}
5  ... 

Histogram: ProtoDB.InitStatus.SegmentInfoDatabase recorded 1 samples, mean = 4.0 (flags = 0x41)
0  ... 
4  -O                                                                        (1 = 100.0%) {0.0%}
5  ... 

Histogram: ProtoDB.InitStatus.SharedDb recorded 1 samples, mean = 0.0 (flags = 0x41)
0  -O                                                                        (1 = 100.0%)
1  ... 

Histogram: ProtoDB.InitStatus.SignalDatabase recorded 1 samples, mean = 4.0 (flags = 0x41)
0  ... 
4  -O                                                                        (1 = 100.0%) {0.0%}
5  ... 

Histogram: ProtoDB.InitStatus.SignalStorageConfigDatabase recorded 1 samples, mean = 4.0 (flags = 0x41)
0  ... 
4  -O                                                                        (1 = 100.0%) {0.0%}
5  ... 

Histogram: ProtoDB.InitStatus.StrikeService recorded 1 samples, mean = 4.0 (flags = 0x41)
0  ... 
4  -O                                                                        (1 = 100.0%) {0.0%}
5  ... 

Histogram: ProtoDB.LoadEntriesSuccess.CartDatabase recorded 1 samples, mean = 1.0 (flags = 0x41)
0  O                                                                         (0 = 0.0%)
1  -O                                                                        (1 = 100.0%) {0.0%}
2  O                                                                         (0 = 0.0%) {100.0%}

Histogram: ProtoDB.LoadEntriesSuccess.CommerceSubscriptionDatabase recorded 1 samples, mean = 1.0 (flags = 0x41)
0  O                                                                         (0 = 0.0%)
1  -O                                                                        (1 = 100.0%) {0.0%}
2  O                                                                         (0 = 0.0%) {100.0%}

Histogram: ProtoDB.LoadEntriesSuccess.CouponDatabase recorded 1 samples, mean = 1.0 (flags = 0x41)
0  O                                                                         (0 = 0.0%)
1  -O                                                                        (1 = 100.0%) {0.0%}
2  O                                                                         (0 = 0.0%) {100.0%}

Histogram: ProtoDB.LoadEntriesSuccess.DownloadDB recorded 1 samples, mean = 1.0 (flags = 0x41)
0  O                                                                         (0 = 0.0%)
1  -O                                                                        (1 = 100.0%) {0.0%}
2  O                                                                         (0 = 0.0%) {100.0%}

Histogram: ProtoDB.LoadEntriesSuccess.DownloadService recorded 1 samples, mean = 1.0 (flags = 0x41)
0  O                                                                         (0 = 0.0%)
1  -O                                                                        (1 = 100.0%) {0.0%}
2  O                                                                         (0 = 0.0%) {100.0%}

Histogram: ProtoDB.LoadEntriesSuccess.FeatureEngagementTrackerAvailabilityStore recorded 1 samples, mean = 1.0 (flags = 0x41)
0  O                                                                         (0 = 0.0%)
1  -O                                                                        (1 = 100.0%) {0.0%}
2  O                                                                         (0 = 0.0%) {100.0%}

Histogram: ProtoDB.LoadEntriesSuccess.FeatureEngagementTrackerEventStore recorded 1 samples, mean = 1.0 (flags = 0x41)
0  O                                                                         (0 = 0.0%)
1  -O                                                                        (1 = 100.0%) {0.0%}
2  O                                                                         (0 = 0.0%) {100.0%}

Histogram: ProtoDB.LoadEntriesSuccess.PersistentOriginTrials recorded 1 samples, mean = 1.0 (flags = 0x41)
0  O                                                                         (0 = 0.0%)
1  -O                                                                        (1 = 100.0%) {0.0%}
2  O                                                                         (0 = 0.0%) {100.0%}

Histogram: ProtoDB.LoadEntriesSuccess.SegmentInfoDatabase recorded 1 samples, mean = 1.0 (flags = 0x41)
0  O                                                                         (0 = 0.0%)
1  -O                                                                        (1 = 100.0%) {0.0%}
2  O                                                                         (0 = 0.0%) {100.0%}

Histogram: ProtoDB.LoadEntriesSuccess.SignalStorageConfigDatabase recorded 1 samples, mean = 1.0 (flags = 0x41)
0  O                                                                         (0 = 0.0%)
1  -O                                                                        (1 = 100.0%) {0.0%}
2  O                                                                         (0 = 0.0%) {100.0%}

Histogram: ProtoDB.LoadKeysAndEntriesSuccess.PreviewsHintCacheStore recorded 2 samples, mean = 1.0 (flags = 0x41)
0  O                                                                         (0 = 0.0%)
1  --O                                                                       (2 = 100.0%) {0.0%}
2  O                                                                         (0 = 0.0%) {100.0%}

Histogram: ProtoDB.LoadKeysAndEntriesSuccess.SignalDatabase recorded 1180 samples, mean = 1.0 (flags = 0x41)
0  O                                                                         (0 = 0.0%)
1  ------------------------------------------------------------------------O (1180 = 100.0%) {0.0%}
2  O                                                                         (0 = 0.0%) {100.0%}

Histogram: ProtoDB.LoadKeysAndEntriesSuccess.StrikeService recorded 1 samples, mean = 1.0 (flags = 0x41)
0  O                                                                         (0 = 0.0%)
1  -O                                                                        (1 = 100.0%) {0.0%}
2  O                                                                         (0 = 0.0%) {100.0%}

Histogram: ProtoDB.SharedDbInitStatus recorded 53 samples, mean = 9.5 (flags = 0x41)
0   ------------------O                                                       (18 = 34.0%)
1   ... 
7   -----------------O                                                        (17 = 32.1%) {34.0%}
8   ... 
21  -----------------O                                                        (17 = 32.1%) {66.0%}
22  ... 
27  -O                                                                        (1 = 1.9%) {98.1%}
28  ... 

Histogram: ProtoDB.UpdateErrorStatus.CartDatabase recorded 0 samples (flags = 0x41)
0 ... 

Histogram: ProtoDB.UpdateErrorStatus.CouponDatabase recorded 0 samples (flags = 0x41)
0 ... 

Histogram: ProtoDB.UpdateErrorStatus.Default recorded 0 samples (flags = 0x41)
0 ... 

Histogram: ProtoDB.UpdateErrorStatus.FeatureEngagementTrackerAvailabilityStore recorded 0 samples (flags = 0x41)
0 ... 

Histogram: ProtoDB.UpdateErrorStatus.Metadata recorded 0 samples (flags = 0x41)
0 ... 

Histogram: ProtoDB.UpdateErrorStatus.PreviewsHintCacheStore recorded 0 samples (flags = 0x41)
0 ... 

Histogram: ProtoDB.UpdateErrorStatus.SegmentInfoDatabase recorded 0 samples (flags = 0x41)
0 ... 

Histogram: ProtoDB.UpdateErrorStatus.SignalDatabase recorded 0 samples (flags = 0x41)
0 ... 

Histogram: ProtoDB.UpdateErrorStatus.SignalStorageConfigDatabase recorded 0 samples (flags = 0x41)
0 ... 

Histogram: ProtoDB.UpdateSuccess.CartDatabase recorded 1 samples, mean = 1.0 (flags = 0x41)
0  O                                                                         (0 = 0.0%)
1  -O                                                                        (1 = 100.0%) {0.0%}
2  O                                                                         (0 = 0.0%) {100.0%}

Histogram: ProtoDB.UpdateSuccess.CouponDatabase recorded 1 samples, mean = 1.0 (flags = 0x41)
0  O                                                                         (0 = 0.0%)
1  -O                                                                        (1 = 100.0%) {0.0%}
2  O                                                                         (0 = 0.0%) {100.0%}

Histogram: ProtoDB.UpdateSuccess.Default recorded 5 samples, mean = 1.0 (flags = 0x41)
0  O                                                                         (0 = 0.0%)
1  -----O                                                                    (5 = 100.0%) {0.0%}
2  O                                                                         (0 = 0.0%) {100.0%}

Histogram: ProtoDB.UpdateSuccess.FeatureEngagementTrackerAvailabilityStore recorded 1 samples, mean = 1.0 (flags = 0x41)
0  O                                                                         (0 = 0.0%)
1  -O                                                                        (1 = 100.0%) {0.0%}
2  O                                                                         (0 = 0.0%) {100.0%}

Histogram: ProtoDB.UpdateSuccess.Metadata recorded 36 samples, mean = 1.0 (flags = 0x41)
0  O                                                                         (0 = 0.0%)
1  ------------------------------------O                                     (36 = 100.0%) {0.0%}
2  O                                                                         (0 = 0.0%) {100.0%}

Histogram: ProtoDB.UpdateSuccess.PreviewsHintCacheStore recorded 2 samples, mean = 1.0 (flags = 0x41)
0  O                                                                         (0 = 0.0%)
1  --O                                                                       (2 = 100.0%) {0.0%}
2  O                                                                         (0 = 0.0%) {100.0%}

Histogram: ProtoDB.UpdateSuccess.SegmentInfoDatabase recorded 11 samples, mean = 1.0 (flags = 0x41)
0  O                                                                         (0 = 0.0%)
1  -----------O                                                              (11 = 100.0%) {0.0%}
2  O                                                                         (0 = 0.0%) {100.0%}

Histogram: ProtoDB.UpdateSuccess.SignalDatabase recorded 1 samples, mean = 1.0 (flags = 0x41)
0  O                                                                         (0 = 0.0%)
1  -O                                                                        (1 = 100.0%) {0.0%}
2  O                                                                         (0 = 0.0%) {100.0%}

Histogram: ProtoDB.UpdateSuccess.SignalStorageConfigDatabase recorded 8 samples, mean = 1.0 (flags = 0x41)
0  O                                                                         (0 = 0.0%)
1  --------O                                                                 (8 = 100.0%) {0.0%}
2  O                                                                         (0 = 0.0%) {100.0%}

Histogram: Quota.AvailableDiskSpace recorded 1 samples, mean = 295673.0 (flags = 0x41)
0       ... 
259979  -O                                                                        (1 = 100.0%) {0.0%}
303278  ... 

Histogram: Quota.GlobalTemporaryPoolSize recorded 1 samples, mean = 375038.0 (flags = 0x41)
0       ... 
353788  -O                                                                        (1 = 100.0%) {0.0%}
412711  ... 

Histogram: Quota.PercentDiskAvailable recorded 1 samples, mean = 63.0 (flags = 0x41)
0   ... 
63  -O                                                                        (1 = 100.0%) {0.0%}
64  ... 

Histogram: Quota.TotalDiskSpace recorded 1 samples, mean = 468797.0 (flags = 0x41)
0       ... 
412711  -O                                                                        (1 = 100.0%) {0.0%}
481447  ... 

Histogram: Quota.TotalDiskSpaceIsZero recorded 1 samples, mean = 0.0 (flags = 0x41)
0  -O                                                                        (1 = 100.0%)
1  ... 

Histogram: ReadingList.Read.Count.OnModelLoaded.AccountStorage recorded 1 samples, mean = 0.0 (flags = 0x41)
0  -O                                                                        (1 = 100.0%)
1  ... 

Histogram: ReadingList.Read.Count.OnModelLoaded.LocalStorage recorded 1 samples, mean = 0.0 (flags = 0x41)
0  -O                                                                        (1 = 100.0%)
1  ... 

Histogram: ReadingList.Unread.Count.OnModelLoaded.AccountStorage recorded 1 samples, mean = 0.0 (flags = 0x41)
0  -O                                                                        (1 = 100.0%)
1  ... 

Histogram: ReadingList.Unread.Count.OnModelLoaded.LocalStorage recorded 1 samples, mean = 0.0 (flags = 0x41)
0  -O                                                                        (1 = 100.0%)
1  ... 

Histogram: Renderer.BrowserLaunchToRunLoopStart recorded 1 samples, mean = 748.0 (flags = 0x41)
0    ... 
633  -O                                                                        (1 = 100.0%) {0.0%}
752  ... 

Histogram: Renderer.Core.Timing.Performance.SwapsPerPerformanceEntryInsertion recorded 65 samples, mean = 2.0 (flags = 0x41)
0   -------------------------------O                                          (31 = 47.7%)
1   --O                                                                       (2 = 3.1%) {47.7%}
2   -------------O                                                            (13 = 20.0%) {50.8%}
3   --------O                                                                 (8 = 12.3%) {70.8%}
4   --O                                                                       (2 = 3.1%) {83.1%}
5   --O                                                                       (2 = 3.1%) {86.2%}
6   -O                                                                        (1 = 1.5%) {89.2%}
7   ---O                                                                      (3 = 4.6%) {90.8%}
8   -O                                                                        (1 = 1.5%) {95.4%}
9   O                                                                         (0 = 0.0%) {96.9%}
10  -O                                                                        (1 = 1.5%) {96.9%}
11  ... 
14  -O                                                                        (1 = 1.5%) {98.5%}
16  ... 

Histogram: Renderer.CriticalFonts.BlockingResourcesLoadTime recorded 1 samples, mean = 10297.0 (flags = 0x41)
0      ... 
10000  -O                                                                        (1 = 100.0%) {0.0%}

Histogram: Renderer.CriticalFonts.CriticalFontDelay recorded 1 samples, mean = 63.0 (flags = 0x41)
0   ... 
57  -O                                                                        (1 = 100.0%) {0.0%}
68  ... 

Histogram: Renderer.CriticalFonts.PreloadedFontsLoadTime recorded 1 samples, mean = 10360.0 (flags = 0x41)
0      ... 
10000  -O                                                                        (1 = 100.0%) {0.0%}

Histogram: Renderer.Font.PrimaryFont.DomContentLoaded recorded 1 samples, mean = 0.0 (flags = 0x41)
0  -O                                                                        (1 = 100.0%)
1  ... 

Histogram: Renderer.Font.PrimaryFont.DomContentLoaded.Style recorded 1 samples, mean = 0.0 (flags = 0x41)
0  -O                                                                        (1 = 100.0%)
1  ... 

Histogram: Renderer.Font.SystemFallback.DomContentLoaded recorded 1 samples, mean = 0.0 (flags = 0x41)
0  -O                                                                        (1 = 100.0%)
1  ... 

Histogram: Renderer.Layout.TextWrapBalance recorded 4 samples, mean = 0.0 (flags = 0x41)
0  ----O                                                                     (4 = 100.0%)
1  ... 

Histogram: Renderer.ProcessLifetime3 recorded 3 samples, mean = 93095.3 (flags = 0x41)
0       ... 
2253    -O                                                                        (1 = 33.3%) {0.0%}
2530    ... 
130533  --O                                                                       (2 = 66.7%) {33.3%}
146586  ... 

Histogram: Renderer.ProcessLifetime3.Empty recorded 1 samples, mean = 137237.0 (flags = 0x41)
0       ... 
130533  -O                                                                        (1 = 100.0%) {0.0%}
146586  ... 

Histogram: Renderer.ProcessLifetime3.MainFrame recorded 1 samples, mean = 139578.0 (flags = 0x41)
0       ... 
130533  -O                                                                        (1 = 100.0%) {0.0%}
146586  ... 

Histogram: Renderer.ProcessLifetime3.Speculative recorded 1 samples, mean = 2471.0 (flags = 0x41)
0     ... 
2253  -O                                                                        (1 = 100.0%) {0.0%}
2530  ... 

Histogram: Renderer.ReduceSubresourceResponseIPC.DidNotifyBrowser recorded 48 samples, mean = 1.0 (flags = 0x41)
0  O                                                                         (0 = 0.0%)
1  ------------------------------------------------O                         (48 = 100.0%) {0.0%}
2  O                                                                         (0 = 0.0%) {100.0%}

Histogram: Renderer.RenderThreadImpl.Init recorded 1 samples, mean = 240.0 (flags = 0x41)
0    ... 
226  -O                                                                        (1 = 100.0%) {0.0%}
268  ... 

Histogram: Renderer4.GpuRasterizationEnabled recorded 1 samples, mean = 1.0 (flags = 0x41)
0  O                                                                         (0 = 0.0%)
1  -O                                                                        (1 = 100.0%) {0.0%}
2  O                                                                         (0 = 0.0%) {100.0%}

Histogram: RendererScheduler.RendererMainThreadLoad5 recorded 293 samples, mean = 1.2 (flags = 0x41)
0    ------------------------------------------------------------------------O (285 = 97.3%)
1    O                                                                         (1 = 0.3%) {97.3%}
2    ... 
8    O                                                                         (1 = 0.3%) {97.6%}
9    ... 
21   O                                                                         (1 = 0.3%) {98.0%}
22   ... 
46   O                                                                         (1 = 0.3%) {98.3%}
47   ... 
49   -O                                                                        (2 = 0.7%) {98.6%}
50   ... 
87   O                                                                         (1 = 0.3%) {99.3%}
88   ... 
100  O                                                                         (1 = 0.3%) {99.7%}
101  O                                                                         (0 = 0.0%) {100.0%}

Histogram: RendererScheduler.RendererMainThreadLoad5.Background recorded 138 samples, mean = 0.4 (flags = 0x41)
0   ------------------------------------------------------------------------O (135 = 97.8%)
1   -O                                                                        (1 = 0.7%) {97.8%}
2   ... 
20  -O                                                                        (1 = 0.7%) {98.6%}
21  ... 
35  -O                                                                        (1 = 0.7%) {99.3%}
36  ... 

Histogram: RendererScheduler.RendererMainThreadLoad5.Background.AfterFirstMinute recorded 77 samples, mean = 0.0 (flags = 0x41)
0  ------------------------------------------------------------------------O (77 = 100.0%)
1  ... 

Histogram: RendererScheduler.RendererMainThreadLoad5.Foreground recorded 153 samples, mean = 2.0 (flags = 0x41)
0    ------------------------------------------------------------------------O (147 = 96.1%)
1    O                                                                         (1 = 0.7%) {96.1%}
2    ... 
6    O                                                                         (1 = 0.7%) {96.7%}
7    ... 
49   O                                                                         (1 = 0.7%) {97.4%}
50   ... 
69   O                                                                         (1 = 0.7%) {98.0%}
70   ... 
78   O                                                                         (1 = 0.7%) {98.7%}
79   ... 
100  O                                                                         (1 = 0.7%) {99.3%}
101  O                                                                         (0 = 0.0%) {100.0%}

Histogram: RendererScheduler.RendererMainThreadLoad5.Foreground.AfterFirstMinute recorded 78 samples, mean = 0.0 (flags = 0x41)
0  ------------------------------------------------------------------------O (78 = 100.0%)
1  ... 

Histogram: ReportingAndNEL.NumberOfLoadedNELPolicies recorded 1 samples, mean = 0.0 (flags = 0x41)
0  -O                                                                        (1 = 100.0%)
1  ... 

Histogram: ReportingAndNEL.NumberOfLoadedNELPolicies2 recorded 1 samples, mean = 0.0 (flags = 0x41)
0  -O                                                                        (1 = 100.0%)
1  ... 

Histogram: ReportingAndNEL.TimeInitializeDB recorded 1 samples, mean = 5.0 (flags = 0x41)
0  ... 
5  -O                                                                        (1 = 100.0%) {0.0%}
6  ... 

Histogram: ResourceScheduler.RequestQueuingDuration.Priority1 recorded 6 samples, mean = 0.0 (flags = 0x41)
0  ------O                                                                   (6 = 100.0%)
1  ... 

Histogram: ResourceScheduler.RequestQueuingDuration.Priority2 recorded 29 samples, mean = 131.1 (flags = 0x41)
0    ---------O                                                                (9 = 31.0%)
1    ... 
173  --------------------O                                                     (20 = 69.0%) {31.0%}
220  ... 

Histogram: ResourceScheduler.RequestQueuingDuration.Priority3 recorded 1 samples, mean = 0.0 (flags = 0x41)
0  -O                                                                        (1 = 100.0%)
1  ... 

Histogram: ResourceScheduler.RequestQueuingDuration.Priority4 recorded 7 samples, mean = 0.0 (flags = 0x41)
0  -------O                                                                  (7 = 100.0%)
1  ... 

Histogram: ResourceScheduler.RequestQueuingDuration.Priority5 recorded 18 samples, mean = 0.0 (flags = 0x41)
0  ------------------O                                                       (18 = 100.0%)
1  ... 

Histogram: SBClientPhishing.Classifier.Event recorded 2 samples, mean = 1.0 (flags = 0x41)
0  O                                                                         (0 = 0.0%)
1  --O                                                                       (2 = 100.0%) {0.0%}
2  ... 

Histogram: SBClientPhishing.HighConfidenceAllowlistCheckDuration recorded 1 samples, mean = 51.0 (flags = 0x41)
0   ... 
41  -O                                                                        (1 = 100.0%) {0.0%}
52  ... 

Histogram: SBClientPhishing.ImageEmbedder.Event recorded 2 samples, mean = 1.0 (flags = 0x41)
0  O                                                                         (0 = 0.0%)
1  --O                                                                       (2 = 100.0%) {0.0%}
2  ... 

Histogram: SBClientPhishing.LoadReportTimesFromPrefAtServiceCreationSuccessful recorded 1 samples, mean = 1.0 (flags = 0x41)
0  O                                                                         (0 = 0.0%)
1  -O                                                                        (1 = 100.0%) {0.0%}
2  O                                                                         (0 = 0.0%) {100.0%}

Histogram: SBClientPhishing.MatchHighConfidenceAllowlist recorded 1 samples, mean = 3.0 (flags = 0x41)
0  ... 
3  -O                                                                        (1 = 100.0%) {0.0%}
4  O                                                                         (0 = 0.0%) {100.0%}

Histogram: SBClientPhishing.MatchHighConfidenceAllowlist.TriggerModel recorded 1 samples, mean = 3.0 (flags = 0x41)
0  ... 
3  -O                                                                        (1 = 100.0%) {0.0%}
4  O                                                                         (0 = 0.0%) {100.0%}

Histogram: SBClientPhishing.PreClassificationCheckResult recorded 1 samples, mean = 3.0 (flags = 0x41)
0  ... 
3  -O                                                                        (1 = 100.0%) {0.0%}
4  ... 

Histogram: SBIRS.DroppedIncident recorded 2 samples, mean = 1.0 (flags = 0x41)
0  O                                                                         (0 = 0.0%)
1  --O                                                                       (2 = 100.0%) {0.0%}
2  ... 

Histogram: SBIRS.ReceivedIncident recorded 2 samples, mean = 1.0 (flags = 0x41)
0  O                                                                         (0 = 0.0%)
1  --O                                                                       (2 = 100.0%) {0.0%}
2  ... 

Histogram: SSL.Experimental.SubresourceResponse recorded 48 samples, mean = 0.0 (flags = 0x41)
0  ------------------------------------------------O                         (48 = 100.0%)
1  ... 

Histogram: SafeBrowsing.AsyncCheck.CommittedNavigationIdsSize recorded 5 samples, mean = 1.6 (flags = 0x41)
0  -O                                                                        (1 = 20.0%)
1  -O                                                                        (1 = 20.0%) {20.0%}
2  --O                                                                       (2 = 40.0%) {40.0%}
3  -O                                                                        (1 = 20.0%) {80.0%}
4  ... 

Histogram: SafeBrowsing.BrowserThrottle.CheckerOnIOLifetime recorded 1 samples, mean = 3964.0 (flags = 0x41)
0     ... 
3900  -O                                                                        (1 = 100.0%) {0.0%}
4955  ... 

Histogram: SafeBrowsing.BrowserThrottle.IntervalBetweenStartAndProcess recorded 1 samples, mean = 3964.0 (flags = 0x41)
0     ... 
3553  -O                                                                        (1 = 100.0%) {0.0%}
4222  ... 

Histogram: SafeBrowsing.BrowserThrottle.IntervalBetweenStartAndProcess.FromNetwork recorded 1 samples, mean = 3964.0 (flags = 0x41)
0     ... 
3553  -O                                                                        (1 = 100.0%) {0.0%}
4222  ... 

Histogram: SafeBrowsing.BrowserThrottle.IsCheckCompletedOnProcessResponse recorded 1 samples, mean = 1.0 (flags = 0x41)
0  O                                                                         (0 = 0.0%)
1  -O                                                                        (1 = 100.0%) {0.0%}
2  O                                                                         (0 = 0.0%) {100.0%}

Histogram: SafeBrowsing.BrowserThrottle.RequestDestination recorded 1 samples, mean = 3.0 (flags = 0x41)
0  ... 
3  -O                                                                        (1 = 100.0%) {0.0%}
4  ... 

Histogram: SafeBrowsing.BrowserThrottle.RequestDestination.Checked recorded 1 samples, mean = 3.0 (flags = 0x41)
0  ... 
3  -O                                                                        (1 = 100.0%) {0.0%}
4  ... 

Histogram: SafeBrowsing.BrowserThrottle.TotalDelay2.FromNetwork recorded 1 samples, mean = 0.0 (flags = 0x41)
0  -O                                                                        (1 = 100.0%)
1  ... 

Histogram: SafeBrowsing.BrowserThrottle.TotalDelay2.HashPrefixDatabaseCheck recorded 2 samples, mean = 0.0 (flags = 0x41)
0  --O                                                                       (2 = 100.0%)
1  ... 

Histogram: SafeBrowsing.BrowserThrottle.WillProcessResponseCount recorded 1 samples, mean = 1.0 (flags = 0x41)
0  O                                                                         (0 = 0.0%)
1  -O                                                                        (1 = 100.0%) {0.0%}
2  ... 

Histogram: SafeBrowsing.CheckBrowseUrl.HasLocalMatch recorded 2 samples, mean = 1.0 (flags = 0x41)
0  O                                                                         (0 = 0.0%)
1  --O                                                                       (2 = 100.0%) {0.0%}
2  O                                                                         (0 = 0.0%) {100.0%}

Histogram: SafeBrowsing.CheckUrl.Action recorded 2 samples, mean = 0.0 (flags = 0x41)
0  --O                                                                       (2 = 100.0%)
1  ... 

Histogram: SafeBrowsing.CheckUrl.FirstRequestThreatType2 recorded 1 samples, mean = 1.0 (flags = 0x41)
0  O                                                                         (0 = 0.0%)
1  -O                                                                        (1 = 100.0%) {0.0%}
2  ... 

Histogram: SafeBrowsing.CheckUrl.FirstRequestThreatType2.LocalPVer4 recorded 1 samples, mean = 1.0 (flags = 0x41)
0  O                                                                         (0 = 0.0%)
1  -O                                                                        (1 = 100.0%) {0.0%}
2  ... 

Histogram: SafeBrowsing.CheckUrl.FirstRequestTimedOut recorded 1 samples, mean = 0.0 (flags = 0x41)
0  -O                                                                        (1 = 100.0%)
1  ... 

Histogram: SafeBrowsing.CheckUrl.FirstRequestTimedOut.LocalPVer4 recorded 1 samples, mean = 0.0 (flags = 0x41)
0  -O                                                                        (1 = 100.0%)
1  ... 

Histogram: SafeBrowsing.CheckUrl.IsDocumentCheckPrefetch recorded 2 samples, mean = 0.0 (flags = 0x41)
0  --O                                                                       (2 = 100.0%)
1  ... 

Histogram: SafeBrowsing.CheckUrl.TimeTaken.HashDatabase recorded 2 samples, mean = 1488.5 (flags = 0x41)
0     ... 
3     -O                                                                        (1 = 50.0%) {0.0%}
4     ... 
2516  -O                                                                        (1 = 50.0%) {50.0%}
2990  ... 

Histogram: SafeBrowsing.CheckUrl.Timeout recorded 2 samples, mean = 0.0 (flags = 0x41)
0  --O                                                                       (2 = 100.0%)
1  ... 

Histogram: SafeBrowsing.CheckUrl.UrlScheme recorded 2 samples, mean = 10.0 (flags = 0x41)
0   ... 
10  --O                                                                       (2 = 100.0%) {0.0%}
11  ... 

Histogram: SafeBrowsing.ClientSidePhishingDetection.AllowlistMatchResult recorded 1 samples, mean = 1.0 (flags = 0x41)
0  O                                                                         (0 = 0.0%)
1  -O                                                                        (1 = 100.0%) {0.0%}
2  ... 

Histogram: SafeBrowsing.Daily.BypassCountLast28Days.StandardProtection.AllEvents recorded 1 samples, mean = 0.0 (flags = 0x41)
0  -O                                                                        (1 = 100.0%)
1  ... 

Histogram: SafeBrowsing.Daily.SecuritySensitiveCountLast28Days.StandardProtection.AllEvents recorded 1 samples, mean = 0.0 (flags = 0x41)
0  -O                                                                        (1 = 100.0%)
1  ... 

Histogram: SafeBrowsing.FileTypeUpdate.ResourceBundleResult recorded 1 samples (flags = 0x41)
1  -O                                                                        (1 = 100.0%)

Histogram: SafeBrowsing.FileTypeUpdate.ResourceBundleVersion recorded 1 samples (flags = 0x41)
66  -O                                                                        (1 = 100.0%)

Histogram: SafeBrowsing.HPRT.Cache.FullHashCount recorded 2 samples, mean = 0.0 (flags = 0x41)
0  --O                                                                       (2 = 100.0%)
1  ... 

Histogram: SafeBrowsing.HPRT.Cache.HashPrefixCount recorded 2 samples, mean = 0.0 (flags = 0x41)
0  --O                                                                       (2 = 100.0%)
1  ... 

Histogram: SafeBrowsing.HPRT.Ineligible.FeatureOff recorded 1 samples, mean = 0.0 (flags = 0x41)
0  -O                                                                        (1 = 100.0%)
1  ... 

Histogram: SafeBrowsing.HPRT.Ineligible.IneligibleForLocation recorded 1 samples, mean = 0.0 (flags = 0x41)
0  -O                                                                        (1 = 100.0%)
1  ... 

Histogram: SafeBrowsing.HPRT.Ineligible.IneligibleForSessionOrLocation recorded 1 samples, mean = 1.0 (flags = 0x41)
0  O                                                                         (0 = 0.0%)
1  -O                                                                        (1 = 100.0%) {0.0%}
2  O                                                                         (0 = 0.0%) {100.0%}

Histogram: SafeBrowsing.HPRT.Ineligible.NoGoogleChromeBranding recorded 1 samples, mean = 1.0 (flags = 0x41)
0  O                                                                         (0 = 0.0%)
1  -O                                                                        (1 = 100.0%) {0.0%}
2  O                                                                         (0 = 0.0%) {100.0%}

Histogram: SafeBrowsing.HPRT.Ineligible.NotAllowedByPolicy recorded 1 samples, mean = 0.0 (flags = 0x41)
0  -O                                                                        (1 = 100.0%)
1  ... 

Histogram: SafeBrowsing.HPRT.Ineligible.NotStandardProtection recorded 1 samples, mean = 0.0 (flags = 0x41)
0  -O                                                                        (1 = 100.0%)
1  ... 

Histogram: SafeBrowsing.HPRT.Ineligible.OffTheRecord recorded 1 samples, mean = 0.0 (flags = 0x41)
0  -O                                                                        (1 = 100.0%)
1  ... 

Histogram: SafeBrowsing.HasCookieAtStartup2 recorded 1 samples, mean = 0.0 (flags = 0x41)
0  -O                                                                        (1 = 100.0%)
1  ... 

Histogram: SafeBrowsing.PageLoadToken.TokenCount recorded 2 samples, mean = 0.0 (flags = 0x41)
0  --O                                                                       (2 = 100.0%)
1  ... 

Histogram: SafeBrowsing.Pref.Daily.Extended recorded 1 samples, mean = 0.0 (flags = 0x41)
0  -O                                                                        (1 = 100.0%)
1  ... 

Histogram: SafeBrowsing.Pref.Daily.PasswordLeakToggle recorded 1 samples, mean = 1.0 (flags = 0x41)
0  O                                                                         (0 = 0.0%)
1  -O                                                                        (1 = 100.0%) {0.0%}
2  O                                                                         (0 = 0.0%) {100.0%}

Histogram: SafeBrowsing.Pref.Daily.SafeBrowsingModeManaged recorded 1 samples, mean = 0.0 (flags = 0x41)
0  -O                                                                        (1 = 100.0%)
1  ... 

Histogram: SafeBrowsing.Pref.Daily.SafeBrowsingState recorded 1 samples, mean = 1.0 (flags = 0x41)
0  O                                                                         (0 = 0.0%)
1  -O                                                                        (1 = 100.0%) {0.0%}
2  ... 

Histogram: SafeBrowsing.Pref.Enhanced recorded 1 samples, mean = 0.0 (flags = 0x41)
0  -O                                                                        (1 = 100.0%)
1  ... 

Histogram: SafeBrowsing.Pref.Enhanced.RegularProfile recorded 1 samples, mean = 0.0 (flags = 0x41)
0  -O                                                                        (1 = 100.0%)
1  ... 

Histogram: SafeBrowsing.Pref.Extended recorded 1 samples, mean = 0.0 (flags = 0x41)
0  -O                                                                        (1 = 100.0%)
1  ... 

Histogram: SafeBrowsing.Pref.General recorded 1 samples, mean = 1.0 (flags = 0x41)
0  O                                                                         (0 = 0.0%)
1  -O                                                                        (1 = 100.0%) {0.0%}
2  O                                                                         (0 = 0.0%) {100.0%}

Histogram: SafeBrowsing.RT.CacheManager.CleanUpTime recorded 2 samples, mean = 0.0 (flags = 0x41)
0  --O                                                                       (2 = 100.0%)
1  ... 

Histogram: SafeBrowsing.RT.CanCheckDatabase recorded 2 samples, mean = 1.0 (flags = 0x41)
0  O                                                                         (0 = 0.0%)
1  --O                                                                       (2 = 100.0%) {0.0%}
2  O                                                                         (0 = 0.0%) {100.0%}

Histogram: SafeBrowsing.RT.ConsumerVersionReason recorded 2 samples, mean = 1.0 (flags = 0x41)
0  -O                                                                        (1 = 50.0%)
1  O                                                                         (0 = 0.0%) {50.0%}
2  -O                                                                        (1 = 50.0%) {50.0%}
3  ... 

Histogram: SafeBrowsing.RendererThrottle.IsCheckCompletedOnProcessResponse recorded 48 samples, mean = 1.0 (flags = 0x41)
0  O                                                                         (0 = 0.0%)
1  ------------------------------------------------O                         (48 = 100.0%) {0.0%}
2  O                                                                         (0 = 0.0%) {100.0%}

Histogram: SafeBrowsing.RendererThrottle.RequestDestination recorded 52 samples, mean = 10.3 (flags = 0x41)
0   ------O                                                                   (6 = 11.5%)
1   ... 
5   ---------O                                                                (9 = 17.3%) {11.5%}
6   ... 
8   --O                                                                       (2 = 3.8%) {28.8%}
9   -O                                                                        (1 = 1.9%) {32.7%}
10  ... 
13  --------------------------O                                               (26 = 50.0%) {34.6%}
14  ... 
16  --------O                                                                 (8 = 15.4%) {84.6%}
17  ... 

Histogram: SafeBrowsing.V4Database.Size recorded 1 samples, mean = 0.0 (flags = 0x41)
0  -O                                                                        (1 = 100.0%)
1  ... 

Histogram: SafeBrowsing.V4Database.Size.ChromeExtMalware recorded 1 samples, mean = 0.0 (flags = 0x41)
0  -O                                                                        (1 = 100.0%)
1  ... 

Histogram: SafeBrowsing.V4Database.Size.UrlBilling recorded 1 samples, mean = 0.0 (flags = 0x41)
0  -O                                                                        (1 = 100.0%)
1  ... 

Histogram: SafeBrowsing.V4Database.Size.UrlCsdDownloadAllowlist recorded 1 samples, mean = 0.0 (flags = 0x41)
0  -O                                                                        (1 = 100.0%)
1  ... 

Histogram: SafeBrowsing.V4Database.Size.UrlMalBin recorded 1 samples, mean = 0.0 (flags = 0x41)
0  -O                                                                        (1 = 100.0%)
1  ... 

Histogram: SafeBrowsing.V4Database.Size.UrlMalware recorded 1 samples, mean = 0.0 (flags = 0x41)
0  -O                                                                        (1 = 100.0%)
1  ... 

Histogram: SafeBrowsing.V4Database.Size.UrlSoceng recorded 1 samples, mean = 0.0 (flags = 0x41)
0  -O                                                                        (1 = 100.0%)
1  ... 

Histogram: SafeBrowsing.V4Database.Size.UrlUws recorded 1 samples, mean = 0.0 (flags = 0x41)
0  -O                                                                        (1 = 100.0%)
1  ... 

Histogram: SafeBrowsing.V4Database.SizeLinear recorded 1 samples, mean = 0.0 (flags = 0x41)
0  -O                                                                        (1 = 100.0%)
1  ... 

Histogram: SafeBrowsing.V4Database.SizeLinear.ChromeExtMalware recorded 1 samples, mean = 0.0 (flags = 0x41)
0  -O                                                                        (1 = 100.0%)
1  ... 

Histogram: SafeBrowsing.V4Database.SizeLinear.UrlMalBin recorded 1 samples, mean = 0.0 (flags = 0x41)
0  -O                                                                        (1 = 100.0%)
1  ... 

Histogram: SafeBrowsing.V4Database.SizeLinear.UrlSoceng recorded 1 samples, mean = 0.0 (flags = 0x41)
0  -O                                                                        (1 = 100.0%)
1  ... 

Histogram: SafeBrowsing.V4DatabaseInitializationTime recorded 1 samples, mean = 7276.0 (flags = 0x41)
0     ... 
7083  -O                                                                        (1 = 100.0%) {0.0%}
8416  ... 

Histogram: SafeBrowsing.V4Store.IsStoreValid recorded 7 samples, mean = 0.0 (flags = 0x41)
0  -------O                                                                  (7 = 100.0%)
1  ... 

Histogram: SafeBrowsing.V4Store.IsStoreValid.ChromeExtMalware recorded 1 samples, mean = 0.0 (flags = 0x41)
0  -O                                                                        (1 = 100.0%)
1  ... 

Histogram: SafeBrowsing.V4Store.IsStoreValid.UrlBilling recorded 1 samples, mean = 0.0 (flags = 0x41)
0  -O                                                                        (1 = 100.0%)
1  ... 

Histogram: SafeBrowsing.V4Store.IsStoreValid.UrlCsdDownloadAllowlist recorded 1 samples, mean = 0.0 (flags = 0x41)
0  -O                                                                        (1 = 100.0%)
1  ... 

Histogram: SafeBrowsing.V4Store.IsStoreValid.UrlMalBin recorded 1 samples, mean = 0.0 (flags = 0x41)
0  -O                                                                        (1 = 100.0%)
1  ... 

Histogram: SafeBrowsing.V4Store.IsStoreValid.UrlMalware recorded 1 samples, mean = 0.0 (flags = 0x41)
0  -O                                                                        (1 = 100.0%)
1  ... 

Histogram: SafeBrowsing.V4Store.IsStoreValid.UrlSoceng recorded 1 samples, mean = 0.0 (flags = 0x41)
0  -O                                                                        (1 = 100.0%)
1  ... 

Histogram: SafeBrowsing.V4Store.IsStoreValid.UrlUws recorded 1 samples, mean = 0.0 (flags = 0x41)
0  -O                                                                        (1 = 100.0%)
1  ... 

Histogram: SafeBrowsing.V4Store.ReadyOnStartup recorded 7 samples, mean = 0.0 (flags = 0x41)
0  -------O                                                                  (7 = 100.0%)
1  ... 

Histogram: SafeBrowsing.V4StoreRead.Result recorded 7 samples, mean = 2.0 (flags = 0x41)
0  ... 
2  -------O                                                                  (7 = 100.0%) {0.0%}
3  ... 

Histogram: Scheduling.MessagePumpTimeKeeper.BrowserIO recorded 0 samples (flags = 0x41)
0 ... 

Histogram: Scheduling.MessagePumpTimeKeeper.BrowserUI recorded 0 samples (flags = 0x41)
0 ... 

Histogram: Scheduling.ThreadController.ActiveIntervalDuration.Any.BrowserUI recorded 10 samples, mean = 0.0 (flags = 0x41)
0  ----------O                                                               (10 = 100.0%)
1  ... 

Histogram: Scheduling.ThreadController.ActiveIntervalDuration.Any.Other recorded 24 samples, mean = 0.0 (flags = 0x41)
0  ------------------------O                                                 (24 = 100.0%)
1  ... 

Histogram: Scheduling.ThreadController.ActiveIntervalDuration.Short.BrowserUI recorded 10 samples, mean = 1.7 (flags = 0x41)
0  --O                                                                       (2 = 20.0%)
1  ------O                                                                   (6 = 60.0%) {20.0%}
2  ... 
4  -O                                                                        (1 = 10.0%) {80.0%}
5  ... 
7  -O                                                                        (1 = 10.0%) {90.0%}
8  ... 

Histogram: Scheduling.ThreadController.ActiveIntervalDuration.Short.Other recorded 24 samples, mean = 110.7 (flags = 0x41)
0    ... 
13   -O                                                                        (1 = 4.2%) {0.0%}
14   ... 
16   -O                                                                        (1 = 4.2%) {4.2%}
17   ... 
20   -O                                                                        (1 = 4.2%) {8.3%}
21   O                                                                         (0 = 0.0%) {12.5%}
22   --O                                                                       (2 = 8.3%) {12.5%}
23   ... 
26   -O                                                                        (1 = 4.2%) {20.8%}
27   O                                                                         (0 = 0.0%) {25.0%}
28   -O                                                                        (1 = 4.2%) {25.0%}
29   -O                                                                        (1 = 4.2%) {29.2%}
31   ... 
35   -O                                                                        (1 = 4.2%) {33.3%}
37   ... 
47   -O                                                                        (1 = 4.2%) {37.5%}
49   -O                                                                        (1 = 4.2%) {41.7%}
52   ... 
64   -O                                                                        (1 = 4.2%) {45.8%}
67   O                                                                         (0 = 0.0%) {50.0%}
70   ---O                                                                      (3 = 12.5%) {50.0%}
74   ... 
86   -O                                                                        (1 = 4.2%) {62.5%}
90   -O                                                                        (1 = 4.2%) {66.7%}
95   ... 
110  --O                                                                       (2 = 8.3%) {70.8%}
116  ... 
135  -O                                                                        (1 = 4.2%) {79.2%}
142  ... 
182  --O                                                                       (2 = 8.3%) {83.3%}
191  ... 
222  -O                                                                        (1 = 4.2%) {91.7%}
233  ... 
904  -O                                                                        (1 = 4.2%) {95.8%}
951  ... 

Histogram: Scheduling.ThreadController.ActiveIntervalOffCpuDuration.Any.BrowserUI recorded 10 samples, mean = 0.0 (flags = 0x41)
0  ----------O                                                               (10 = 100.0%)
1  ... 

Histogram: Scheduling.ThreadController.ActiveIntervalOffCpuDuration.Any.Other recorded 24 samples, mean = 0.0 (flags = 0x41)
0  ------------------------O                                                 (24 = 100.0%)
1  ... 

Histogram: Scheduling.ThreadController.ActiveIntervalOffCpuDuration.Short.BrowserUI recorded 10 samples, mean = 0.8 (flags = 0x41)
0  -------O                                                                  (7 = 70.0%)
1  -O                                                                        (1 = 10.0%) {70.0%}
2  -O                                                                        (1 = 10.0%) {80.0%}
3  ... 
5  -O                                                                        (1 = 10.0%) {90.0%}
6  ... 

Histogram: Scheduling.ThreadController.ActiveIntervalOffCpuDuration.Short.Other recorded 24 samples, mean = 12.2 (flags = 0x41)
0   O                                                                         (0 = 0.0%)
1   -O                                                                        (1 = 4.2%) {0.0%}
2   --------O                                                                 (8 = 33.3%) {4.2%}
3   ----O                                                                     (4 = 16.7%) {37.5%}
4   -O                                                                        (1 = 4.2%) {54.2%}
5   ---O                                                                      (3 = 12.5%) {58.3%}
6   O                                                                         (0 = 0.0%) {70.8%}
7   -O                                                                        (1 = 4.2%) {70.8%}
8   ... 
11  --O                                                                       (2 = 8.3%) {75.0%}
12  ... 
14  -O                                                                        (1 = 4.2%) {83.3%}
15  ... 
58  -O                                                                        (1 = 4.2%) {87.5%}
61  O                                                                         (0 = 0.0%) {91.7%}
64  -O                                                                        (1 = 4.2%) {91.7%}
67  ... 
78  -O                                                                        (1 = 4.2%) {95.8%}
82  ... 

Histogram: Scheduling.ThreadController.ActiveIntervalOnCpuDuration.Any.BrowserUI recorded 10 samples, mean = 0.0 (flags = 0x41)
0  ----------O                                                               (10 = 100.0%)
1  ... 

Histogram: Scheduling.ThreadController.ActiveIntervalOnCpuDuration.Any.Other recorded 24 samples, mean = 0.0 (flags = 0x41)
0  ------------------------O                                                 (24 = 100.0%)
1  ... 

Histogram: Scheduling.ThreadController.ActiveIntervalOnCpuDuration.Short.BrowserUI recorded 10 samples, mean = 0.9 (flags = 0x41)
0  ---O                                                                      (3 = 30.0%)
1  -----O                                                                    (5 = 50.0%) {30.0%}
2  --O                                                                       (2 = 20.0%) {80.0%}
3  ... 

Histogram: Scheduling.ThreadController.ActiveIntervalOnCpuDuration.Short.Other recorded 24 samples, mean = 98.5 (flags = 0x41)
0    -O                                                                        (1 = 4.2%)
1    ... 
11   -O                                                                        (1 = 4.2%) {4.2%}
12   ... 
14   -O                                                                        (1 = 4.2%) {8.3%}
15   O                                                                         (0 = 0.0%) {12.5%}
16   -O                                                                        (1 = 4.2%) {12.5%}
17   --O                                                                       (2 = 8.3%) {16.7%}
18   O                                                                         (0 = 0.0%) {25.0%}
19   -O                                                                        (1 = 4.2%) {25.0%}
20   ... 
23   -O                                                                        (1 = 4.2%) {29.2%}
24   ... 
26   -O                                                                        (1 = 4.2%) {33.3%}
27   O                                                                         (0 = 0.0%) {37.5%}
28   -O                                                                        (1 = 4.2%) {37.5%}
29   ... 
47   --O                                                                       (2 = 8.3%) {41.7%}
49   ... 
64   -O                                                                        (1 = 4.2%) {50.0%}
67   --O                                                                       (2 = 8.3%) {54.2%}
70   ... 
82   -O                                                                        (1 = 4.2%) {62.5%}
86   -O                                                                        (1 = 4.2%) {66.7%}
90   ... 
100  -O                                                                        (1 = 4.2%) {70.8%}
105  O                                                                         (0 = 0.0%) {75.0%}
110  -O                                                                        (1 = 4.2%) {75.0%}
116  ... 
135  -O                                                                        (1 = 4.2%) {79.2%}
142  ... 
165  -O                                                                        (1 = 4.2%) {83.3%}
173  O                                                                         (0 = 0.0%) {87.5%}
182  --O                                                                       (2 = 8.3%) {87.5%}
191  ... 
817  -O                                                                        (1 = 4.2%) {95.8%}
859  ... 

Histogram: Scheduling.ThreadController.ActiveIntervalOnCpuPercentage.Any.BrowserUI recorded 10 samples, mean = 77.8 (flags = 0x41)
0    -O                                                                        (1 = 10.0%)
1    ... 
28   -O                                                                        (1 = 10.0%) {10.0%}
29   ... 
50   -O                                                                        (1 = 10.0%) {20.0%}
51   ... 
100  -------O                                                                  (7 = 70.0%) {30.0%}
101  O                                                                         (0 = 0.0%) {100.0%}

Histogram: Scheduling.ThreadController.ActiveIntervalOnCpuPercentage.Any.Other recorded 24 samples, mean = 84.8 (flags = 0x41)
0   -O                                                                        (1 = 4.2%)
1   ... 
53  -O                                                                        (1 = 4.2%) {4.2%}
54  ... 
74  -O                                                                        (1 = 4.2%) {8.3%}
75  ... 
77  -O                                                                        (1 = 4.2%) {12.5%}
78  ... 
80  -O                                                                        (1 = 4.2%) {16.7%}
81  ... 
84  -O                                                                        (1 = 4.2%) {20.8%}
85  -O                                                                        (1 = 4.2%) {25.0%}
86  -O                                                                        (1 = 4.2%) {29.2%}
87  -O                                                                        (1 = 4.2%) {33.3%}
88  --O                                                                       (2 = 8.3%) {37.5%}
89  O                                                                         (0 = 0.0%) {45.8%}
90  -O                                                                        (1 = 4.2%) {45.8%}
91  -O                                                                        (1 = 4.2%) {50.0%}
92  --O                                                                       (2 = 8.3%) {54.2%}
93  -O                                                                        (1 = 4.2%) {62.5%}
94  -O                                                                        (1 = 4.2%) {66.7%}
95  O                                                                         (0 = 0.0%) {70.8%}
96  -O                                                                        (1 = 4.2%) {70.8%}
97  ---O                                                                      (3 = 12.5%) {75.0%}
98  ---O                                                                      (3 = 12.5%) {87.5%}
99  ... 

Histogram: Scheduling.ThreadController.ActiveIntervalOnCpuPercentage.Short.BrowserUI recorded 10 samples, mean = 77.8 (flags = 0x41)
0    -O                                                                        (1 = 10.0%)
1    ... 
28   -O                                                                        (1 = 10.0%) {10.0%}
29   ... 
50   -O                                                                        (1 = 10.0%) {20.0%}
51   ... 
100  -------O                                                                  (7 = 70.0%) {30.0%}
101  O                                                                         (0 = 0.0%) {100.0%}

Histogram: Scheduling.ThreadController.ActiveIntervalOnCpuPercentage.Short.Other recorded 24 samples, mean = 84.8 (flags = 0x41)
0   -O                                                                        (1 = 4.2%)
1   ... 
53  -O                                                                        (1 = 4.2%) {4.2%}
54  ... 
74  -O                                                                        (1 = 4.2%) {8.3%}
75  ... 
77  -O                                                                        (1 = 4.2%) {12.5%}
78  ... 
80  -O                                                                        (1 = 4.2%) {16.7%}
81  ... 
84  -O                                                                        (1 = 4.2%) {20.8%}
85  -O                                                                        (1 = 4.2%) {25.0%}
86  -O                                                                        (1 = 4.2%) {29.2%}
87  -O                                                                        (1 = 4.2%) {33.3%}
88  --O                                                                       (2 = 8.3%) {37.5%}
89  O                                                                         (0 = 0.0%) {45.8%}
90  -O                                                                        (1 = 4.2%) {45.8%}
91  -O                                                                        (1 = 4.2%) {50.0%}
92  --O                                                                       (2 = 8.3%) {54.2%}
93  -O                                                                        (1 = 4.2%) {62.5%}
94  -O                                                                        (1 = 4.2%) {66.7%}
95  O                                                                         (0 = 0.0%) {70.8%}
96  -O                                                                        (1 = 4.2%) {70.8%}
97  ---O                                                                      (3 = 12.5%) {75.0%}
98  ---O                                                                      (3 = 12.5%) {87.5%}
99  ... 

Histogram: Scheduling.ThreadController.IdleDuration.Any.BrowserUI recorded 10 samples, mean = 0.0 (flags = 0x41)
0  ----------O                                                               (10 = 100.0%)
1  ... 

Histogram: Scheduling.ThreadController.IdleDuration.Any.Other recorded 24 samples, mean = 4.2 (flags = 0x41)
0   ----------------O                                                         (16 = 66.7%)
1   ------O                                                                   (6 = 25.0%) {66.7%}
2   -O                                                                        (1 = 4.2%) {91.7%}
3   ... 
81  -O                                                                        (1 = 4.2%) {95.8%}
96  ... 

Histogram: Scheduling.ThreadController.IdleDuration.Medium.Other recorded 8 samples, mean = 12.5 (flags = 0x41)
0   O                                                                         (0 = 0.0%)
1   ------O                                                                   (6 = 75.0%) {0.0%}
2   -O                                                                        (1 = 12.5%) {75.0%}
3   ... 
92  -O                                                                        (1 = 12.5%) {87.5%}
93  ... 

Histogram: Scheduling.ThreadController.IdleDuration.Short.BrowserUI recorded 10 samples, mean = 16.3 (flags = 0x41)
0   ... 
4   --O                                                                       (2 = 20.0%) {0.0%}
5   ----O                                                                     (4 = 40.0%) {20.0%}
6   -O                                                                        (1 = 10.0%) {60.0%}
7   ... 
13  -O                                                                        (1 = 10.0%) {70.0%}
14  ... 
25  -O                                                                        (1 = 10.0%) {80.0%}
26  ... 
90  -O                                                                        (1 = 10.0%) {90.0%}
95  ... 

Histogram: Scheduling.ThreadController.IdleDuration.Short.Other recorded 16 samples, mean = 343.7 (flags = 0x41)
0    ... 
37   -O                                                                        (1 = 6.2%) {0.0%}
39   ... 
55   -O                                                                        (1 = 6.2%) {6.2%}
58   ... 
70   -O                                                                        (1 = 6.2%) {12.5%}
74   ... 
95   -O                                                                        (1 = 6.2%) {18.8%}
100  O                                                                         (0 = 0.0%) {25.0%}
105  -O                                                                        (1 = 6.2%) {25.0%}
110  ... 
135  -O                                                                        (1 = 6.2%) {31.2%}
142  ... 
191  --O                                                                       (2 = 12.5%) {37.5%}
201  ... 
258  -O                                                                        (1 = 6.2%) {50.0%}
271  ... 
300  -O                                                                        (1 = 6.2%) {56.2%}
315  O                                                                         (0 = 0.0%) {62.5%}
331  -O                                                                        (1 = 6.2%) {62.5%}
348  ... 
448  -O                                                                        (1 = 6.2%) {68.8%}
471  ... 
520  -O                                                                        (1 = 6.2%) {75.0%}
547  ... 
777  -O                                                                        (1 = 6.2%) {81.2%}
817  ... 
904  -O                                                                        (1 = 6.2%) {87.5%}
951  -O                                                                        (1 = 6.2%) {93.8%}
1000 O                                                                         (0 = 0.0%) {100.0%}

Histogram: Search.ChoiceReprompt recorded 1 samples, mean = 6.0 (flags = 0x41)
0  ... 
6  -O                                                                        (1 = 100.0%) {0.0%}
7  O                                                                         (0 = 0.0%) {100.0%}

Histogram: Search.SearchProviderOverrideStatus recorded 1 samples, mean = 0.0 (flags = 0x41)
0  -O                                                                        (1 = 100.0%)
1  ... 

Histogram: Security.DataDecoder.Json.DecodingTime recorded 1 samples, mean = 119.0 (flags = 0x41)
0    ... 
114  -O                                                                        (1 = 100.0%) {0.0%}
135  ... 

Histogram: Security.GwpAsan.Activated.Malloc.Browser recorded 1 samples, mean = 0.0 (flags = 0x41)
0  -O                                                                        (1 = 100.0%)
1  ... 

Histogram: Security.GwpAsan.Activated.PartitionAlloc.Browser recorded 1 samples, mean = 0.0 (flags = 0x41)
0  -O                                                                        (1 = 100.0%)
1  ... 

Histogram: Security.HttpsFirstMode.SettingEnabledAtStartup recorded 1 samples, mean = 0.0 (flags = 0x41)
0  -O                                                                        (1 = 100.0%)
1  ... 

Histogram: Security.JSONParser.ChromiumExtensionUsage recorded 1 samples, mean = 1.0 (flags = 0x41)
0  O                                                                         (0 = 0.0%)
1  -O                                                                        (1 = 100.0%) {0.0%}
2  ... 

Histogram: Security.JSONParser.ParsingTime recorded 9 samples, mean = 61.0 (flags = 0x41)
0    ... 
2    -O                                                                        (1 = 11.1%) {0.0%}
3    ... 
12   -O                                                                        (1 = 11.1%) {11.1%}
16   -O                                                                        (1 = 11.1%) {22.2%}
21   -O                                                                        (1 = 11.1%) {33.3%}
28   ... 
49   -O                                                                        (1 = 11.1%) {44.4%}
65   --O                                                                       (2 = 22.2%) {55.6%}
86   O                                                                         (0 = 0.0%) {77.8%}
113  -O                                                                        (1 = 11.1%) {77.8%}
149  -O                                                                        (1 = 11.1%) {88.9%}
196  ... 

Histogram: Security.NavigationRequestSecurityLevel recorded 2 samples, mean = 1.0 (flags = 0x41)
0  O                                                                         (0 = 0.0%)
1  --O                                                                       (2 = 100.0%) {0.0%}
2  ... 

Histogram: Security.PageEndReason.SECURE recorded 1 samples, mean = 6.0 (flags = 0x41)
0  ... 
6  -O                                                                        (1 = 100.0%) {0.0%}
7  ... 

Histogram: Security.PageEndReason.SafetyTip_None recorded 1 samples, mean = 6.0 (flags = 0x41)
0  ... 
6  -O                                                                        (1 = 100.0%) {0.0%}
7  ... 

Histogram: Security.PrivateNetworkAccess.CheckResult recorded 57 samples, mean = 2.6 (flags = 0x41)
0   -------O                                                                  (7 = 12.3%)
1   -----------------------------------------O                                (41 = 71.9%) {12.3%}
2   ... 
12  ---------O                                                                (9 = 15.8%) {84.2%}
13  O                                                                         (0 = 0.0%) {100.0%}

Histogram: Security.PrivateNetworkAccess.PrivateIpInferrable recorded 3 samples, mean = 1.0 (flags = 0x41)
0  O                                                                         (0 = 0.0%)
1  ---O                                                                      (3 = 100.0%) {0.0%}
2  O                                                                         (0 = 0.0%) {100.0%}

Histogram: Security.PrivateNetworkAccess.PrivateIpResolveMatch recorded 3 samples, mean = 1.0 (flags = 0x41)
0  O                                                                         (0 = 0.0%)
1  ---O                                                                      (3 = 100.0%) {0.0%}
2  O                                                                         (0 = 0.0%) {100.0%}

Histogram: Security.SCTAuditing.NumPersistedReportsLoaded recorded 1 samples, mean = 0.0 (flags = 0x41)
0  -O                                                                        (1 = 100.0%)
1  ... 

Histogram: Security.SafetyTips.GetReputationStatusWithEngagedSitesTime recorded 1 samples, mean = 0.0 (flags = 0x41)
0  -O                                                                        (1 = 100.0%)
1  ... 

Histogram: Security.SafetyTips.ReputationCheckComplete.DidFinishNavigation recorded 1 samples, mean = 1.0 (flags = 0x41)
0  O                                                                         (0 = 0.0%)
1  -O                                                                        (1 = 100.0%) {0.0%}
2  ... 

Histogram: Security.SafetyTips.SafetyTipShown recorded 1 samples, mean = 1.0 (flags = 0x41)
0  O                                                                         (0 = 0.0%)
1  -O                                                                        (1 = 100.0%) {0.0%}
2  ... 

Histogram: Security.SafetyTips.StatusWithInitiator.Unknown recorded 1 samples, mean = 1.0 (flags = 0x41)
0  O                                                                         (0 = 0.0%)
1  -O                                                                        (1 = 100.0%) {0.0%}
2  ... 

Histogram: Security.SecurityLevel.OnCommit recorded 1 samples, mean = 3.0 (flags = 0x41)
0  ... 
3  -O                                                                        (1 = 100.0%) {0.0%}
4  ... 

Histogram: Security.SecurityLevel.OnComplete recorded 1 samples, mean = 3.0 (flags = 0x41)
0  ... 
3  -O                                                                        (1 = 100.0%) {0.0%}
4  ... 

Histogram: Security.SiteEngagement.SECURE recorded 1 samples, mean = 3.0 (flags = 0x41)
0  ... 
3  -O                                                                        (1 = 100.0%) {0.0%}
4  ... 

Histogram: Security.SiteEngagement.SafetyTip_None recorded 1 samples, mean = 3.0 (flags = 0x41)
0  ... 
3  -O                                                                        (1 = 100.0%) {0.0%}
4  ... 

Histogram: Security.TimeOnPage2.SECURE recorded 1 samples, mean = 141243.0 (flags = 0x41)
0       ... 
132874  -O                                                                        (1 = 100.0%) {0.0%}
153369  ... 

Histogram: Security.TimeOnPage2.SafetyTip_None recorded 1 samples, mean = 141243.0 (flags = 0x41)
0       ... 
132874  -O                                                                        (1 = 100.0%) {0.0%}
153369  ... 

Histogram: SegmentationPlatform.ClassificationRequest.TotalDuration.DeviceSwitcher recorded 1 samples, mean = 69797.0 (flags = 0x41)
0      ... 
10000  -O                                                                        (1 = 100.0%) {0.0%}

Histogram: SegmentationPlatform.Database.AddUmaMetric recorded 1 samples, mean = 0.0 (flags = 0x41)
0  -O                                                                        (1 = 100.0%)
1  ... 

Histogram: SegmentationPlatform.Database.UpdateUrlForUkmSource recorded 6 samples, mean = 0.3 (flags = 0x41)
0  ----O                                                                     (4 = 66.7%)
1  --O                                                                       (2 = 33.3%) {66.7%}
2  ... 

Histogram: SegmentationPlatform.DefaultModelDelivery.Metadata.FeatureCount.ChromeLowUserEngagement recorded 1 samples, mean = 1.0 (flags = 0x41)
0  O                                                                         (0 = 0.0%)
1  -O                                                                        (1 = 100.0%) {0.0%}
2  ... 

Histogram: SegmentationPlatform.DefaultModelDelivery.Metadata.FeatureCount.ComposePromotion recorded 1 samples, mean = 1.0 (flags = 0x41)
0  O                                                                         (0 = 0.0%)
1  -O                                                                        (1 = 100.0%) {0.0%}
2  ... 

Histogram: SegmentationPlatform.DefaultModelDelivery.Metadata.FeatureCount.CrossDeviceUserSegment recorded 1 samples, mean = 4.0 (flags = 0x41)
0  ... 
4  -O                                                                        (1 = 100.0%) {0.0%}
5  ... 

Histogram: SegmentationPlatform.DefaultModelDelivery.Metadata.FeatureCount.DatabaseApiClients recorded 1 samples, mean = 3.0 (flags = 0x41)
0  ... 
3  -O                                                                        (1 = 100.0%) {0.0%}
4  ... 

Histogram: SegmentationPlatform.DefaultModelDelivery.Metadata.FeatureCount.DeviceSwitcher recorded 1 samples, mean = 1.0 (flags = 0x41)
0  O                                                                         (0 = 0.0%)
1  -O                                                                        (1 = 100.0%) {0.0%}
2  ... 

Histogram: SegmentationPlatform.DefaultModelDelivery.Metadata.FeatureCount.PasswordManagerUser recorded 1 samples, mean = 7.0 (flags = 0x41)
0  ... 
7  -O                                                                        (1 = 100.0%) {0.0%}
8  ... 

Histogram: SegmentationPlatform.DefaultModelDelivery.Metadata.FeatureCount.ResumeHeavyUserSegment recorded 1 samples, mean = 5.0 (flags = 0x41)
0  ... 
5  -O                                                                        (1 = 100.0%) {0.0%}
6  ... 

Histogram: SegmentationPlatform.DefaultModelDelivery.Metadata.FeatureCount.SearchUser recorded 1 samples, mean = 2.0 (flags = 0x41)
0  ... 
2  -O                                                                        (1 = 100.0%) {0.0%}
3  ... 

Histogram: SegmentationPlatform.DefaultModelDelivery.Metadata.FeatureCount.ShoppingUser recorded 1 samples, mean = 2.0 (flags = 0x41)
0  ... 
2  -O                                                                        (1 = 100.0%) {0.0%}
3  ... 

Histogram: SegmentationPlatform.DefaultModelDelivery.Metadata.FeatureCount.UrlVisitResumptionRanker recorded 1 samples, mean = 23.0 (flags = 0x41)
0   ... 
23  -O                                                                        (1 = 100.0%) {0.0%}
26  ... 

Histogram: SegmentationPlatform.DefaultModelDelivery.Metadata.Validation.Processed.ChromeLowUserEngagement recorded 1 samples, mean = 0.0 (flags = 0x41)
0  -O                                                                        (1 = 100.0%)
1  ... 

Histogram: SegmentationPlatform.DefaultModelDelivery.Metadata.Validation.Processed.ComposePromotion recorded 1 samples, mean = 0.0 (flags = 0x41)
0  -O                                                                        (1 = 100.0%)
1  ... 

Histogram: SegmentationPlatform.DefaultModelDelivery.Metadata.Validation.Processed.CrossDeviceUserSegment recorded 1 samples, mean = 0.0 (flags = 0x41)
0  -O                                                                        (1 = 100.0%)
1  ... 

Histogram: SegmentationPlatform.DefaultModelDelivery.Metadata.Validation.Processed.DatabaseApiClients recorded 1 samples, mean = 0.0 (flags = 0x41)
0  -O                                                                        (1 = 100.0%)
1  ... 

Histogram: SegmentationPlatform.DefaultModelDelivery.Metadata.Validation.Processed.DeviceSwitcher recorded 1 samples, mean = 0.0 (flags = 0x41)
0  -O                                                                        (1 = 100.0%)
1  ... 

Histogram: SegmentationPlatform.DefaultModelDelivery.Metadata.Validation.Processed.PasswordManagerUser recorded 1 samples, mean = 0.0 (flags = 0x41)
0  -O                                                                        (1 = 100.0%)
1  ... 

Histogram: SegmentationPlatform.DefaultModelDelivery.Metadata.Validation.Processed.ResumeHeavyUserSegment recorded 1 samples, mean = 0.0 (flags = 0x41)
0  -O                                                                        (1 = 100.0%)
1  ... 

Histogram: SegmentationPlatform.DefaultModelDelivery.Metadata.Validation.Processed.SearchUser recorded 1 samples, mean = 0.0 (flags = 0x41)
0  -O                                                                        (1 = 100.0%)
1  ... 

Histogram: SegmentationPlatform.DefaultModelDelivery.Metadata.Validation.Processed.ShoppingUser recorded 1 samples, mean = 0.0 (flags = 0x41)
0  -O                                                                        (1 = 100.0%)
1  ... 

Histogram: SegmentationPlatform.DefaultModelDelivery.Metadata.Validation.Processed.UrlVisitResumptionRanker recorded 1 samples, mean = 0.0 (flags = 0x41)
0  -O                                                                        (1 = 100.0%)
1  ... 

Histogram: SegmentationPlatform.DefaultModelDelivery.Received recorded 10 samples (flags = 0x41)
16    -O                                                                        (1 = 10.0%)
21    -O                                                                        (1 = 10.0%)
23    -O                                                                        (1 = 10.0%)
27    -O                                                                        (1 = 10.0%)
45    -O                                                                        (1 = 10.0%)
46    -O                                                                        (1 = 10.0%)
1001  -O                                                                        (1 = 10.0%)
1004  -O                                                                        (1 = 10.0%)
1007  -O                                                                        (1 = 10.0%)
1009  -O                                                                        (1 = 10.0%)

Histogram: SegmentationPlatform.DefaultModelDelivery.SaveResult.ChromeLowUserEngagement recorded 1 samples, mean = 1.0 (flags = 0x41)
0  O                                                                         (0 = 0.0%)
1  -O                                                                        (1 = 100.0%) {0.0%}
2  O                                                                         (0 = 0.0%) {100.0%}

Histogram: SegmentationPlatform.DefaultModelDelivery.SaveResult.ComposePromotion recorded 1 samples, mean = 1.0 (flags = 0x41)
0  O                                                                         (0 = 0.0%)
1  -O                                                                        (1 = 100.0%) {0.0%}
2  O                                                                         (0 = 0.0%) {100.0%}

Histogram: SegmentationPlatform.DefaultModelDelivery.SaveResult.CrossDeviceUserSegment recorded 1 samples, mean = 1.0 (flags = 0x41)
0  O                                                                         (0 = 0.0%)
1  -O                                                                        (1 = 100.0%) {0.0%}
2  O                                                                         (0 = 0.0%) {100.0%}

Histogram: SegmentationPlatform.DefaultModelDelivery.SaveResult.DatabaseApiClients recorded 1 samples, mean = 1.0 (flags = 0x41)
0  O                                                                         (0 = 0.0%)
1  -O                                                                        (1 = 100.0%) {0.0%}
2  O                                                                         (0 = 0.0%) {100.0%}

Histogram: SegmentationPlatform.DefaultModelDelivery.SaveResult.DeviceSwitcher recorded 1 samples, mean = 1.0 (flags = 0x41)
0  O                                                                         (0 = 0.0%)
1  -O                                                                        (1 = 100.0%) {0.0%}
2  O                                                                         (0 = 0.0%) {100.0%}

Histogram: SegmentationPlatform.DefaultModelDelivery.SaveResult.PasswordManagerUser recorded 1 samples, mean = 1.0 (flags = 0x41)
0  O                                                                         (0 = 0.0%)
1  -O                                                                        (1 = 100.0%) {0.0%}
2  O                                                                         (0 = 0.0%) {100.0%}

Histogram: SegmentationPlatform.DefaultModelDelivery.SaveResult.ResumeHeavyUserSegment recorded 1 samples, mean = 1.0 (flags = 0x41)
0  O                                                                         (0 = 0.0%)
1  -O                                                                        (1 = 100.0%) {0.0%}
2  O                                                                         (0 = 0.0%) {100.0%}

Histogram: SegmentationPlatform.DefaultModelDelivery.SaveResult.SearchUser recorded 1 samples, mean = 1.0 (flags = 0x41)
0  O                                                                         (0 = 0.0%)
1  -O                                                                        (1 = 100.0%) {0.0%}
2  O                                                                         (0 = 0.0%) {100.0%}

Histogram: SegmentationPlatform.DefaultModelDelivery.SaveResult.ShoppingUser recorded 1 samples, mean = 1.0 (flags = 0x41)
0  O                                                                         (0 = 0.0%)
1  -O                                                                        (1 = 100.0%) {0.0%}
2  O                                                                         (0 = 0.0%) {100.0%}

Histogram: SegmentationPlatform.DefaultModelDelivery.SaveResult.UrlVisitResumptionRanker recorded 1 samples, mean = 1.0 (flags = 0x41)
0  O                                                                         (0 = 0.0%)
1  -O                                                                        (1 = 100.0%) {0.0%}
2  O                                                                         (0 = 0.0%) {100.0%}

Histogram: SegmentationPlatform.DeviceSwitcher.PostProcessing.TopLabel.Computed recorded 1 samples (flags = 0x41)
7  -O                                                                        (1 = 100.0%)

Histogram: SegmentationPlatform.FeatureProcessing.Error.DeviceSwitcher recorded 1 samples, mean = 7.0 (flags = 0x41)
0  ... 
7  -O                                                                        (1 = 100.0%) {0.0%}
8  O                                                                         (0 = 0.0%) {100.0%}

Histogram: SegmentationPlatform.Init.CreationToInitializationLatency recorded 1 samples, mean = 9351.0 (flags = 0x41)
0     ... 
8000  -O                                                                        (1 = 100.0%) {0.0%}
10165 ... 

Histogram: SegmentationPlatform.Init.ModelUpdatedTimeDifferenceInDays.ChromeLowUserEngagement recorded 1 samples, mean = 0.0 (flags = 0x41)
0  -O                                                                        (1 = 100.0%)
1  ... 

Histogram: SegmentationPlatform.Init.ModelUpdatedTimeDifferenceInDays.ComposePromotion recorded 1 samples, mean = 0.0 (flags = 0x41)
0  -O                                                                        (1 = 100.0%)
1  ... 

Histogram: SegmentationPlatform.Init.ModelUpdatedTimeDifferenceInDays.CrossDeviceUserSegment recorded 1 samples, mean = 0.0 (flags = 0x41)
0  -O                                                                        (1 = 100.0%)
1  ... 

Histogram: SegmentationPlatform.Init.ModelUpdatedTimeDifferenceInDays.DatabaseApiClients recorded 1 samples, mean = 0.0 (flags = 0x41)
0  -O                                                                        (1 = 100.0%)
1  ... 

Histogram: SegmentationPlatform.Init.ModelUpdatedTimeDifferenceInDays.DeviceSwitcher recorded 1 samples, mean = 0.0 (flags = 0x41)
0  -O                                                                        (1 = 100.0%)
1  ... 

Histogram: SegmentationPlatform.Init.ModelUpdatedTimeDifferenceInDays.PasswordManagerUser recorded 1 samples, mean = 0.0 (flags = 0x41)
0  -O                                                                        (1 = 100.0%)
1  ... 

Histogram: SegmentationPlatform.Init.ModelUpdatedTimeDifferenceInDays.ResumeHeavyUserSegment recorded 1 samples, mean = 0.0 (flags = 0x41)
0  -O                                                                        (1 = 100.0%)
1  ... 

Histogram: SegmentationPlatform.Init.ModelUpdatedTimeDifferenceInDays.SearchUser recorded 1 samples, mean = 0.0 (flags = 0x41)
0  -O                                                                        (1 = 100.0%)
1  ... 

Histogram: SegmentationPlatform.Init.ModelUpdatedTimeDifferenceInDays.ShoppingUser recorded 1 samples, mean = 0.0 (flags = 0x41)
0  -O                                                                        (1 = 100.0%)
1  ... 

Histogram: SegmentationPlatform.Init.ModelUpdatedTimeDifferenceInDays.UrlVisitResumptionRanker recorded 1 samples, mean = 0.0 (flags = 0x41)
0  -O                                                                        (1 = 100.0%)
1  ... 

Histogram: SegmentationPlatform.Init.ProcessCreationToServiceCreationLatency recorded 1 samples, mean = 127515.0 (flags = 0x41)
0       ... 
111493  -O                                                                        (1 = 100.0%) {0.0%}
141664  ... 

Histogram: SegmentationPlatform.Maintenance.CleanupSignalSuccessCount recorded 1 samples, mean = 0.0 (flags = 0x41)
0  -O                                                                        (1 = 100.0%)
1  ... 

Histogram: SegmentationPlatform.Maintenance.CompactionResult.HistogramEnum recorded 413 samples, mean = 1.0 (flags = 0x41)
0  O                                                                         (0 = 0.0%)
1  ------------------------------------------------------------------------O (413 = 100.0%) {0.0%}
2  O                                                                         (0 = 0.0%) {100.0%}

Histogram: SegmentationPlatform.Maintenance.CompactionResult.HistogramValue recorded 354 samples, mean = 1.0 (flags = 0x41)
0  O                                                                         (0 = 0.0%)
1  ------------------------------------------------------------------------O (354 = 100.0%) {0.0%}
2  O                                                                         (0 = 0.0%) {100.0%}

Histogram: SegmentationPlatform.Maintenance.CompactionResult.UserAction recorded 413 samples, mean = 1.0 (flags = 0x41)
0  O                                                                         (0 = 0.0%)
1  ------------------------------------------------------------------------O (413 = 100.0%) {0.0%}
2  O                                                                         (0 = 0.0%) {100.0%}

Histogram: SegmentationPlatform.Maintenance.SignalIdentifierCount recorded 1 samples, mean = 20.0 (flags = 0x41)
0   ... 
20  -O                                                                        (1 = 100.0%) {0.0%}
23  ... 

Histogram: SegmentationPlatform.ModelAvailability.ChromeLowUserEngagement recorded 1 samples, mean = 0.0 (flags = 0x41)
0  -O                                                                        (1 = 100.0%)
1  ... 

Histogram: SegmentationPlatform.ModelAvailability.ComposePromotion recorded 1 samples, mean = 0.0 (flags = 0x41)
0  -O                                                                        (1 = 100.0%)
1  ... 

Histogram: SegmentationPlatform.ModelAvailability.DeviceSwitcher recorded 1 samples, mean = 0.0 (flags = 0x41)
0  -O                                                                        (1 = 100.0%)
1  ... 

Histogram: SegmentationPlatform.ModelAvailability.SearchUser recorded 1 samples, mean = 0.0 (flags = 0x41)
0  -O                                                                        (1 = 100.0%)
1  ... 

Histogram: SegmentationPlatform.ModelAvailability.ShoppingUser recorded 1 samples, mean = 0.0 (flags = 0x41)
0  -O                                                                        (1 = 100.0%)
1  ... 

Histogram: SegmentationPlatform.ModelAvailability.UrlVisitResumptionRanker recorded 1 samples, mean = 0.0 (flags = 0x41)
0  -O                                                                        (1 = 100.0%)
1  ... 

Histogram: SegmentationPlatform.ModelAvailability.WebAppInstallationPromo recorded 1 samples, mean = 0.0 (flags = 0x41)
0  -O                                                                        (1 = 100.0%)
1  ... 

Histogram: SegmentationPlatform.ModelExecution.DefaultProvider.Status.DeviceSwitcher recorded 1 samples, mean = 0.0 (flags = 0x41)
0  -O                                                                        (1 = 100.0%)
1  ... 

Histogram: SegmentationPlatform.ModelExecution.Duration.Model.DeviceSwitcher.Success recorded 1 samples, mean = 0.0 (flags = 0x41)
0  -O                                                                        (1 = 100.0%)
1  ... 

Histogram: SegmentationPlatform.ModelExecution.Duration.Total.DeviceSwitcher.Success recorded 1 samples, mean = 60054.0 (flags = 0x41)
0      ... 
10000  -O                                                                        (1 = 100.0%) {0.0%}

Histogram: SegmentationPlatform.ModelExecution.Result.0.DeviceSwitcher recorded 1 samples, mean = 0.0 (flags = 0x41)
0  -O                                                                        (1 = 100.0%)
1  ... 

Histogram: SegmentationPlatform.ModelExecution.Result.1.DeviceSwitcher recorded 1 samples, mean = 0.0 (flags = 0x41)
0  -O                                                                        (1 = 100.0%)
1  ... 

Histogram: SegmentationPlatform.ModelExecution.Result.2.DeviceSwitcher recorded 1 samples, mean = 0.0 (flags = 0x41)
0  -O                                                                        (1 = 100.0%)
1  ... 

Histogram: SegmentationPlatform.ModelExecution.Result.3.DeviceSwitcher recorded 1 samples, mean = 0.0 (flags = 0x41)
0  -O                                                                        (1 = 100.0%)
1  ... 

Histogram: SegmentationPlatform.ModelExecution.Result.4.DeviceSwitcher recorded 1 samples, mean = 0.0 (flags = 0x41)
0  -O                                                                        (1 = 100.0%)
1  ... 

Histogram: SegmentationPlatform.ModelExecution.Result.5.DeviceSwitcher recorded 1 samples, mean = 0.0 (flags = 0x41)
0  -O                                                                        (1 = 100.0%)
1  ... 

Histogram: SegmentationPlatform.ModelExecution.Result.6.DeviceSwitcher recorded 1 samples, mean = 0.0 (flags = 0x41)
0  -O                                                                        (1 = 100.0%)
1  ... 

Histogram: SegmentationPlatform.ModelExecution.Result.7.DeviceSwitcher recorded 1 samples, mean = 100.0 (flags = 0x41)
0    ... 
100  -O                                                                        (1 = 100.0%) {0.0%}
101  O                                                                         (0 = 0.0%) {100.0%}

Histogram: SegmentationPlatform.ModelExecution.ZeroValuePercent.DeviceSwitcher recorded 1 samples, mean = 90.0 (flags = 0x41)
0   ... 
90  -O                                                                        (1 = 100.0%) {0.0%}
91  ... 

Histogram: SegmentationPlatform.SegmentInfoDatabase.ProtoDBUpdateResult.ChromeLowUserEngagement recorded 1 samples, mean = 1.0 (flags = 0x41)
0  O                                                                         (0 = 0.0%)
1  -O                                                                        (1 = 100.0%) {0.0%}
2  O                                                                         (0 = 0.0%) {100.0%}

Histogram: SegmentationPlatform.SegmentInfoDatabase.ProtoDBUpdateResult.ComposePromotion recorded 1 samples, mean = 1.0 (flags = 0x41)
0  O                                                                         (0 = 0.0%)
1  -O                                                                        (1 = 100.0%) {0.0%}
2  O                                                                         (0 = 0.0%) {100.0%}

Histogram: SegmentationPlatform.SegmentInfoDatabase.ProtoDBUpdateResult.CrossDeviceUserSegment recorded 1 samples, mean = 1.0 (flags = 0x41)
0  O                                                                         (0 = 0.0%)
1  -O                                                                        (1 = 100.0%) {0.0%}
2  O                                                                         (0 = 0.0%) {100.0%}

Histogram: SegmentationPlatform.SegmentInfoDatabase.ProtoDBUpdateResult.DatabaseApiClients recorded 1 samples, mean = 1.0 (flags = 0x41)
0  O                                                                         (0 = 0.0%)
1  -O                                                                        (1 = 100.0%) {0.0%}
2  O                                                                         (0 = 0.0%) {100.0%}

Histogram: SegmentationPlatform.SegmentInfoDatabase.ProtoDBUpdateResult.DeviceSwitcher recorded 1 samples, mean = 1.0 (flags = 0x41)
0  O                                                                         (0 = 0.0%)
1  -O                                                                        (1 = 100.0%) {0.0%}
2  O                                                                         (0 = 0.0%) {100.0%}

Histogram: SegmentationPlatform.SegmentInfoDatabase.ProtoDBUpdateResult.PasswordManagerUser recorded 1 samples, mean = 1.0 (flags = 0x41)
0  O                                                                         (0 = 0.0%)
1  -O                                                                        (1 = 100.0%) {0.0%}
2  O                                                                         (0 = 0.0%) {100.0%}

Histogram: SegmentationPlatform.SegmentInfoDatabase.ProtoDBUpdateResult.ResumeHeavyUserSegment recorded 1 samples, mean = 1.0 (flags = 0x41)
0  O                                                                         (0 = 0.0%)
1  -O                                                                        (1 = 100.0%) {0.0%}
2  O                                                                         (0 = 0.0%) {100.0%}

Histogram: SegmentationPlatform.SegmentInfoDatabase.ProtoDBUpdateResult.SearchUser recorded 1 samples, mean = 1.0 (flags = 0x41)
0  O                                                                         (0 = 0.0%)
1  -O                                                                        (1 = 100.0%) {0.0%}
2  O                                                                         (0 = 0.0%) {100.0%}

Histogram: SegmentationPlatform.SegmentInfoDatabase.ProtoDBUpdateResult.ShoppingUser recorded 1 samples, mean = 1.0 (flags = 0x41)
0  O                                                                         (0 = 0.0%)
1  -O                                                                        (1 = 100.0%) {0.0%}
2  O                                                                         (0 = 0.0%) {100.0%}

Histogram: SegmentationPlatform.SegmentInfoDatabase.ProtoDBUpdateResult.UrlVisitResumptionRanker recorded 1 samples, mean = 1.0 (flags = 0x41)
0  O                                                                         (0 = 0.0%)
1  -O                                                                        (1 = 100.0%) {0.0%}
2  O                                                                         (0 = 0.0%) {100.0%}

Histogram: SegmentationPlatform.SegmentInfoDatabase.ProtoDBUpdateResult.WebAppInstallationPromo recorded 1 samples, mean = 1.0 (flags = 0x41)
0  O                                                                         (0 = 0.0%)
1  -O                                                                        (1 = 100.0%) {0.0%}
2  O                                                                         (0 = 0.0%) {100.0%}

Histogram: SegmentationPlatform.SelectionFailedReason.ChromeLowUserEngagement recorded 2 samples, mean = 14.5 (flags = 0x41)
0   ... 
12  -O                                                                        (1 = 50.0%) {0.0%}
13  ... 
17  -O                                                                        (1 = 50.0%) {50.0%}
18  ... 

Histogram: SegmentationPlatform.SelectionFailedReason.ComposePromotion recorded 1 samples, mean = 17.0 (flags = 0x41)
0   ... 
17  -O                                                                        (1 = 100.0%) {0.0%}
18  ... 

Histogram: SegmentationPlatform.SelectionFailedReason.CrossDeviceUser recorded 2 samples, mean = 14.5 (flags = 0x41)
0   ... 
12  -O                                                                        (1 = 50.0%) {0.0%}
13  ... 
17  -O                                                                        (1 = 50.0%) {50.0%}
18  ... 

Histogram: SegmentationPlatform.SelectionFailedReason.DatabaseApiClients recorded 1 samples, mean = 17.0 (flags = 0x41)
0   ... 
17  -O                                                                        (1 = 100.0%) {0.0%}
18  ... 

Histogram: SegmentationPlatform.SelectionFailedReason.DeviceSwitcher recorded 2 samples, mean = 19.0 (flags = 0x41)
0   ... 
17  -O                                                                        (1 = 50.0%) {0.0%}
18  ... 
21  -O                                                                        (1 = 50.0%) {50.0%}
22  ... 

Histogram: SegmentationPlatform.SelectionFailedReason.PasswordManagerUser recorded 2 samples, mean = 14.5 (flags = 0x41)
0   ... 
12  -O                                                                        (1 = 50.0%) {0.0%}
13  ... 
17  -O                                                                        (1 = 50.0%) {50.0%}
18  ... 

Histogram: SegmentationPlatform.SelectionFailedReason.ResumeHeavyUser recorded 2 samples, mean = 14.5 (flags = 0x41)
0   ... 
12  -O                                                                        (1 = 50.0%) {0.0%}
13  ... 
17  -O                                                                        (1 = 50.0%) {50.0%}
18  ... 

Histogram: SegmentationPlatform.SelectionFailedReason.SearchUser recorded 2 samples, mean = 14.5 (flags = 0x41)
0   ... 
12  -O                                                                        (1 = 50.0%) {0.0%}
13  ... 
17  -O                                                                        (1 = 50.0%) {50.0%}
18  ... 

Histogram: SegmentationPlatform.SelectionFailedReason.ShoppingUser recorded 2 samples, mean = 14.5 (flags = 0x41)
0   ... 
12  -O                                                                        (1 = 50.0%) {0.0%}
13  ... 
17  -O                                                                        (1 = 50.0%) {50.0%}
18  ... 

Histogram: SegmentationPlatform.SelectionFailedReason.URLVisitResumptionRanker recorded 1 samples, mean = 17.0 (flags = 0x41)
0   ... 
17  -O                                                                        (1 = 100.0%) {0.0%}
18  ... 

Histogram: SegmentationPlatform.SelectionFailedReason.WebAppInstallationPromo recorded 1 samples, mean = 17.0 (flags = 0x41)
0   ... 
17  -O                                                                        (1 = 100.0%) {0.0%}
18  ... 

Histogram: SegmentationPlatform.Signals.ListeningCount.HistogramEnum recorded 1 samples, mean = 7.0 (flags = 0x41)
0  ... 
7  -O                                                                        (1 = 100.0%) {0.0%}
8  ... 

Histogram: SegmentationPlatform.Signals.ListeningCount.HistogramValue recorded 1 samples, mean = 6.0 (flags = 0x41)
0  ... 
6  -O                                                                        (1 = 100.0%) {0.0%}
7  ... 

Histogram: SegmentationPlatform.Signals.ListeningCount.UserAction recorded 1 samples, mean = 7.0 (flags = 0x41)
0  ... 
7  -O                                                                        (1 = 100.0%) {0.0%}
8  ... 

Histogram: SegmentationPlatform.SyncSessions.TabsCountAtStartup recorded 1 samples, mean = 0.0 (flags = 0x41)
0  -O                                                                        (1 = 100.0%)
1  ... 

Histogram: SegmentationPlatform.UkmDatabase.InitTime recorded 1 samples, mean = 15.0 (flags = 0x41)
0   ... 
14  -O                                                                        (1 = 100.0%) {0.0%}
17  ... 

Histogram: ServiceWorker.FindRegistrationForClientUrl.IsCalledForNavigation recorded 5 samples, mean = 0.2 (flags = 0x41)
0  ----O                                                                     (4 = 80.0%)
1  -O                                                                        (1 = 20.0%) {80.0%}
2  O                                                                         (0 = 0.0%) {100.0%}

Histogram: ServiceWorker.FindRegistrationForClientUrl.SkippedMojoCall.OnNavigation recorded 1 samples, mean = 0.0 (flags = 0x41)
0  -O                                                                        (1 = 100.0%)
1  ... 

Histogram: ServiceWorker.OnBrowserStartup.SkipServiceWorkerOnFirstNavigation recorded 1 samples, mean = 0.0 (flags = 0x41)
0  -O                                                                        (1 = 100.0%)
1  ... 

Histogram: ServiceWorker.RegisteredStorageKeyCount recorded 1 samples, mean = 0.0 (flags = 0x41)
0  -O                                                                        (1 = 100.0%)
1  ... 

Histogram: ServiceWorker.SkipCallingFindRegistrationForClientUrl recorded 1 samples, mean = 1.0 (flags = 0x41)
0  O                                                                         (0 = 0.0%)
1  -O                                                                        (1 = 100.0%) {0.0%}
2  O                                                                         (0 = 0.0%) {100.0%}

Histogram: ServiceWorker.Storage.ReadInitialDataFromDB.Time recorded 1 samples, mean = 0.0 (flags = 0x41)
0  -O                                                                        (1 = 100.0%)
1  ... 

Histogram: ServiceWorker.Storage.RegisteredStorageKeyCacheInitialization.Time recorded 1 samples, mean = 5972.0 (flags = 0x41)
0     ... 
4955  -O                                                                        (1 = 100.0%) {0.0%}
6296  ... 

Histogram: SessionRestore.UnrecoverableWriteErrorCount recorded 1 samples, mean = 0.0 (flags = 0x41)
0  -O                                                                        (1 = 100.0%)
1  ... 

Histogram: SessionStorageContext.CommitResult recorded 3 samples, mean = 0.0 (flags = 0x41)
0  ---O                                                                      (3 = 100.0%)
1  ... 

Histogram: Settings.AdvancedSpellcheck.OnStartup2 recorded 1 samples, mean = 0.0 (flags = 0x41)
0  -O                                                                        (1 = 100.0%)
1  ... 

Histogram: Settings.AutocompleteSearches.OnStartup2 recorded 1 samples, mean = 1.0 (flags = 0x41)
0  O                                                                         (0 = 0.0%)
1  -O                                                                        (1 = 100.0%) {0.0%}
2  O                                                                         (0 = 0.0%) {100.0%}

Histogram: Settings.FingerprintingProtection.Enabled recorded 1 samples, mean = 0.0 (flags = 0x41)
0  -O                                                                        (1 = 100.0%)
1  ... 

Histogram: Settings.FirstPartySets.State recorded 1 samples, mean = 0.0 (flags = 0x41)
0  -O                                                                        (1 = 100.0%)
1  ... 

Histogram: Settings.IpProtection.Enabled recorded 1 samples, mean = 0.0 (flags = 0x41)
0  -O                                                                        (1 = 100.0%)
1  ... 

Histogram: Settings.PreloadStatus.OnStartup3 recorded 1 samples, mean = 1.0 (flags = 0x41)
0  O                                                                         (0 = 0.0%)
1  -O                                                                        (1 = 100.0%) {0.0%}
2  ... 

Histogram: Settings.PrivacySandbox.AdMeasurement.Enabled recorded 1 samples, mean = 0.0 (flags = 0x41)
0  -O                                                                        (1 = 100.0%)
1  ... 

Histogram: Settings.PrivacySandbox.Fledge.Enabled recorded 1 samples, mean = 0.0 (flags = 0x41)
0  -O                                                                        (1 = 100.0%)
1  ... 

Histogram: Settings.PrivacySandbox.Topics.Enabled recorded 1 samples, mean = 0.0 (flags = 0x41)
0  -O                                                                        (1 = 100.0%)
1  ... 

Histogram: Settings.ShowHomeButton2 recorded 1 samples, mean = 0.0 (flags = 0x41)
0  -O                                                                        (1 = 100.0%)
1  ... 

Histogram: Settings.StartupPageLoadSettings2 recorded 1 samples, mean = 5.0 (flags = 0x41)
0  ... 
5  -O                                                                        (1 = 100.0%) {0.0%}
6  ... 

Histogram: Settings.TrackedPreferenceCleared.FromRegistry recorded 2 samples, mean = 4.0 (flags = 0x41)
0  ... 
3  -O                                                                        (1 = 50.0%) {0.0%}
4  O                                                                         (0 = 0.0%) {50.0%}
5  -O                                                                        (1 = 50.0%) {50.0%}
6  ... 

Histogram: Settings.TrackedPreferenceNullInitialized recorded 17 samples, mean = 15.1 (flags = 0x41)
0   -O                                                                        (1 = 5.9%)
1   -O                                                                        (1 = 5.9%) {5.9%}
2   -O                                                                        (1 = 5.9%) {11.8%}
3   -O                                                                        (1 = 5.9%) {17.6%}
4   -O                                                                        (1 = 5.9%) {23.5%}
5   O                                                                         (0 = 0.0%) {29.4%}
6   -O                                                                        (1 = 5.9%) {29.4%}
7   -O                                                                        (1 = 5.9%) {35.3%}
8   ... 
11  -O                                                                        (1 = 5.9%) {41.2%}
12  ... 
14  -O                                                                        (1 = 5.9%) {47.1%}
15  -O                                                                        (1 = 5.9%) {52.9%}
16  ... 
18  -O                                                                        (1 = 5.9%) {58.8%}
19  ... 
23  -O                                                                        (1 = 5.9%) {64.7%}
24  -O                                                                        (1 = 5.9%) {70.6%}
25  ... 
29  -O                                                                        (1 = 5.9%) {76.5%}
30  ... 
32  -O                                                                        (1 = 5.9%) {82.4%}
33  -O                                                                        (1 = 5.9%) {88.2%}
34  -O                                                                        (1 = 5.9%) {94.1%}
35  O                                                                         (0 = 0.0%) {100.0%}

Histogram: Settings.TrackedPreferenceUnchanged recorded 1 samples, mean = 5.0 (flags = 0x41)
0  ... 
5  -O                                                                        (1 = 100.0%) {0.0%}
6  ... 

Histogram: Settings.TrackedPreferenceUnchanged.FromRegistry recorded 16 samples, mean = 15.8 (flags = 0x41)
0   -O                                                                        (1 = 6.2%)
1   -O                                                                        (1 = 6.2%) {6.2%}
2   -O                                                                        (1 = 6.2%) {12.5%}
3   O                                                                         (0 = 0.0%) {18.8%}
4   -O                                                                        (1 = 6.2%) {18.8%}
5   O                                                                         (0 = 0.0%) {25.0%}
6   -O                                                                        (1 = 6.2%) {25.0%}
7   -O                                                                        (1 = 6.2%) {31.2%}
8   ... 
11  -O                                                                        (1 = 6.2%) {37.5%}
12  ... 
14  -O                                                                        (1 = 6.2%) {43.8%}
15  -O                                                                        (1 = 6.2%) {50.0%}
16  ... 
18  -O                                                                        (1 = 6.2%) {56.2%}
19  ... 
23  -O                                                                        (1 = 6.2%) {62.5%}
24  -O                                                                        (1 = 6.2%) {68.8%}
25  ... 
29  -O                                                                        (1 = 6.2%) {75.0%}
30  ... 
32  -O                                                                        (1 = 6.2%) {81.2%}
33  -O                                                                        (1 = 6.2%) {87.5%}
34  -O                                                                        (1 = 6.2%) {93.8%}
35  O                                                                         (0 = 0.0%) {100.0%}

Histogram: Settings.TrackingProtection.Enabled recorded 1 samples, mean = 0.0 (flags = 0x41)
0  -O                                                                        (1 = 100.0%)
1  ... 

Histogram: SharedDictionary.TimeInitializeDB recorded 1 samples, mean = 12.0 (flags = 0x41)
0   ... 
11  -O                                                                        (1 = 100.0%) {0.0%}
14  ... 

Histogram: Signin.APIKeyMatchesFeatureOnStartup recorded 3 samples, mean = 0.0 (flags = 0x41)
0  ---O                                                                      (3 = 100.0%)
1  ... 

Histogram: Signin.AccountTracker.CountOfLoadedAccounts recorded 1 samples, mean = 0.0 (flags = 0x41)
0  -O                                                                        (1 = 100.0%)
1  ... 

Histogram: Signin.CookieJar.SignedInCount_OnChange recorded 1 samples, mean = 0.0 (flags = 0x41)
0  -O                                                                        (1 = 100.0%)
1  ... 

Histogram: Signin.CookieJar.SignedOutCount_OnChange recorded 1 samples, mean = 0.0 (flags = 0x41)
0  -O                                                                        (1 = 100.0%)
1  ... 

Histogram: Signin.CookieJar.StableAge_OnChange recorded 1 samples, mean = 0.0 (flags = 0x41)
0  -O                                                                        (1 = 100.0%)
1  ... 

Histogram: Signin.CookieJar.TotalCount_OnChange recorded 1 samples, mean = 0.0 (flags = 0x41)
0  -O                                                                        (1 = 100.0%)
1  ... 

Histogram: Signin.ExplicitSigninMigration recorded 1 samples, mean = 0.0 (flags = 0x41)
0  -O                                                                        (1 = 100.0%)
1  ... 

Histogram: Signin.HadPreviousSyncAccount.SignedOutOnProfileLoad recorded 1 samples, mean = 0.0 (flags = 0x41)
0  -O                                                                        (1 = 100.0%)
1  ... 

Histogram: Signin.HadPreviousSyncAccount.SyncOffOnProfileLoad recorded 1 samples, mean = 0.0 (flags = 0x41)
0  -O                                                                        (1 = 100.0%)
1  ... 

Histogram: Signin.IsShared_OnChange recorded 1 samples, mean = 0.0 (flags = 0x41)
0  -O                                                                        (1 = 100.0%)
1  ... 

Histogram: Signin.ListAccountsFailure recorded 1 samples, mean = 0.0 (flags = 0x41)
0  -O                                                                        (1 = 100.0%)
1  ... 

Histogram: Signin.PAMInitialize.PrimaryAccountPrefs recorded 1 samples, mean = 2.0 (flags = 0x41)
0  ... 
2  -O                                                                        (1 = 100.0%) {0.0%}
3  ... 

Histogram: Signin.SigninAllowed recorded 1 samples, mean = 0.0 (flags = 0x41)
0  -O                                                                        (1 = 100.0%)
1  ... 

Histogram: Signin.TokenTable.GetAllTokensSqlStatementValidity recorded 1 samples, mean = 1.0 (flags = 0x41)
0  O                                                                         (0 = 0.0%)
1  -O                                                                        (1 = 100.0%) {0.0%}
2  O                                                                         (0 = 0.0%) {100.0%}

Histogram: SimpleCache.App.CacheSizeOnInit recorded 1 samples, mean = 0.0 (flags = 0x41)
0  -O                                                                        (1 = 100.0%)
1000... 

Histogram: SimpleCache.App.ConsistencyResult recorded 1 samples, mean = 0.0 (flags = 0x41)
0  -O                                                                        (1 = 100.0%)
1  ... 

Histogram: SimpleCache.App.CreationToIndex recorded 1 samples, mean = 5.0 (flags = 0x41)
0  ... 
5  -O                                                                        (1 = 100.0%) {0.0%}
6  ... 

Histogram: SimpleCache.App.IndexCreatedEntryCount recorded 1 samples, mean = 0.0 (flags = 0x41)
0  -O                                                                        (1 = 100.0%)
1  ... 

Histogram: SimpleCache.App.IndexInitializeMethod recorded 1 samples, mean = 2.0 (flags = 0x41)
0  ... 
2  -O                                                                        (1 = 100.0%) {0.0%}
3  O                                                                         (0 = 0.0%) {100.0%}

Histogram: SimpleCache.App.IndexNumEntriesOnInit recorded 1 samples, mean = 0.0 (flags = 0x41)
0  -O                                                                        (1 = 100.0%)
1  ... 

Histogram: SimpleCache.App.IndexRestoreTime recorded 1 samples, mean = 0.0 (flags = 0x41)
0  -O                                                                        (1 = 100.0%)
10 ... 

Histogram: SimpleCache.App.MaxCacheSizeOnInit recorded 1 samples, mean = 0.0 (flags = 0x41)
0  -O                                                                        (1 = 100.0%)
1000... 

Histogram: SimpleCache.Code.CacheSizeOnInit recorded 1 samples, mean = 0.0 (flags = 0x41)
0  -O                                                                        (1 = 100.0%)
1000... 

Histogram: SimpleCache.Code.ConsistencyResult recorded 1 samples, mean = 0.0 (flags = 0x41)
0  -O                                                                        (1 = 100.0%)
1  ... 

Histogram: SimpleCache.Code.CreationToIndex recorded 1 samples, mean = 3.0 (flags = 0x41)
0  ... 
3  -O                                                                        (1 = 100.0%) {0.0%}
4  ... 

Histogram: SimpleCache.Code.DiskCloseLatency recorded 23 samples, mean = 0.0 (flags = 0x41)
0  -----------------------O                                                  (23 = 100.0%)
1  ... 

Histogram: SimpleCache.Code.DiskCreateLatency recorded 23 samples, mean = 0.0 (flags = 0x40)
0  -----------------------O                                                  (23 = 100.0%)
1  ... 

Histogram: SimpleCache.Code.EntryCreationTime recorded 23 samples, mean = 0.0 (flags = 0x41)
0  -----------------------O                                                  (23 = 100.0%)
1  ... 

Histogram: SimpleCache.Code.HeaderSize recorded 23 samples, mean = 36.0 (flags = 0x41)
0   ... 
34  -----------------------O                                                  (23 = 100.0%) {0.0%}
40  ... 

Histogram: SimpleCache.Code.IndexCreatedEntryCount recorded 1 samples, mean = 0.0 (flags = 0x41)
0  -O                                                                        (1 = 100.0%)
1  ... 

Histogram: SimpleCache.Code.IndexInitializeMethod recorded 1 samples, mean = 2.0 (flags = 0x41)
0  ... 
2  -O                                                                        (1 = 100.0%) {0.0%}
3  O                                                                         (0 = 0.0%) {100.0%}

Histogram: SimpleCache.Code.IndexNumEntriesOnInit recorded 1 samples, mean = 0.0 (flags = 0x41)
0  -O                                                                        (1 = 100.0%)
1  ... 

Histogram: SimpleCache.Code.IndexRestoreTime recorded 1 samples, mean = 0.0 (flags = 0x41)
0  -O                                                                        (1 = 100.0%)
10 ... 

Histogram: SimpleCache.Code.MaxCacheSizeOnInit recorded 1 samples, mean = 327680.0 (flags = 0x41)
0       ... 
297881  -O                                                                        (1 = 100.0%) {0.0%}
339058  ... 

Histogram: SimpleCache.Code.OpenEntryIndexState recorded 49 samples, mean = 1.0 (flags = 0x41)
0  O                                                                         (0 = 0.0%)
1  -------------------------------------------------O                        (49 = 100.0%) {0.0%}
2  ... 

Histogram: SimpleCache.Code.SyncCloseResult recorded 23 samples, mean = 0.0 (flags = 0x40)
0  -----------------------O                                                  (23 = 100.0%)
1  ... 

Histogram: SiteEngagementService.EngagementScore recorded 1 samples, mean = 3.0 (flags = 0x41)
0  ... 
3  -O                                                                        (1 = 100.0%) {0.0%}
4  ... 

Histogram: SiteEngagementService.EngagementType recorded 2 samples, mean = 4.0 (flags = 0x41)
0  -O                                                                        (1 = 50.0%)
1  ... 
8  -O                                                                        (1 = 50.0%) {50.0%}
9  ... 

Histogram: SiteEngagementService.MeanEngagement recorded 1 samples, mean = 3.0 (flags = 0x41)
0  ... 
3  -O                                                                        (1 = 100.0%) {0.0%}
4  ... 

Histogram: SiteEngagementService.MedianEngagement recorded 1 samples, mean = 3.0 (flags = 0x41)
0  ... 
3  -O                                                                        (1 = 100.0%) {0.0%}
4  ... 

Histogram: SiteEngagementService.OriginsEngaged recorded 1 samples, mean = 1.0 (flags = 0x41)
0  O                                                                         (0 = 0.0%)
1  -O                                                                        (1 = 100.0%) {0.0%}
2  ... 

Histogram: SiteIsolatedCodeCache.JS.Behaviour recorded 49 samples, mean = 2.4 (flags = 0x41)
0  O                                                                         (0 = 0.0%)
1  --------------------------O                                               (26 = 53.1%) {0.0%}
2  ... 
4  -----------------------O                                                  (23 = 46.9%) {53.1%}
5  ... 

Histogram: SiteIsolatedCodeCache.JS.Hit recorded 26 samples, mean = 0.0 (flags = 0x41)
0  --------------------------O                                               (26 = 100.0%)
1  ... 

Histogram: SiteIsolatedCodeCache.JS.PotentialMemoryBackedCodeCacheHit recorded 26 samples, mean = 0.0 (flags = 0x41)
0  --------------------------O                                               (26 = 100.0%)
1  ... 

Histogram: SiteIsolatedCodeCache.WASM.Behaviour recorded 5 samples, mean = 1.0 (flags = 0x41)
0  O                                                                         (0 = 0.0%)
1  -----O                                                                    (5 = 100.0%) {0.0%}
2  ... 

Histogram: SiteIsolation.BrowsingInstance.MaxCountPerProcess recorded 3 samples, mean = 0.7 (flags = 0x41)
0  -O                                                                        (1 = 33.3%)
1  --O                                                                       (2 = 66.7%) {33.3%}
2  ... 

Histogram: SiteIsolation.NewProcessUsedForNavigationWhenSameSiteProcessExists recorded 1 samples, mean = 0.0 (flags = 0x41)
0  -O                                                                        (1 = 100.0%)
1  ... 

Histogram: SiteIsolation.ProcessPerSiteWithMainFrameThreshold.IsDevToolsUser recorded 1 samples, mean = 0.0 (flags = 0x41)
0  -O                                                                        (1 = 100.0%)
1  ... 

Histogram: Skia.SubmitRenderPasses recorded 15 samples, mean = 1.1 (flags = 0x41)
0  ---------O                                                                (9 = 60.0%)
1  --O                                                                       (2 = 13.3%) {60.0%}
2  -O                                                                        (1 = 6.7%) {73.3%}
3  O                                                                         (0 = 0.0%) {80.0%}
4  ---O                                                                      (3 = 20.0%) {80.0%}
5  ... 

Histogram: Sql.Statement.Affiliation.VMSteps recorded 29 samples, mean = 13.6 (flags = 0x41)
0   ... 
3   ------------O                                                             (12 = 41.4%) {0.0%}
4   O                                                                         (0 = 0.0%) {41.4%}
5   -O                                                                        (1 = 3.4%) {41.4%}
6   -O                                                                        (1 = 3.4%) {44.8%}
7   O                                                                         (0 = 0.0%) {48.3%}
8   --O                                                                       (2 = 6.9%) {48.3%}
10  O                                                                         (0 = 0.0%) {55.2%}
12  --O                                                                       (2 = 6.9%) {55.2%}
14  --O                                                                       (2 = 6.9%) {62.1%}
17  ---O                                                                      (3 = 10.3%) {69.0%}
20  O                                                                         (0 = 0.0%) {79.3%}
24  --O                                                                       (2 = 6.9%) {79.3%}
29  O                                                                         (0 = 0.0%) {86.2%}
34  --O                                                                       (2 = 6.9%) {86.2%}
40  O                                                                         (0 = 0.0%) {93.1%}
48  --O                                                                       (2 = 6.9%) {93.1%}
57  ... 

Histogram: Sql.Statement.BrowsingTopics.VMSteps recorded 14 samples, mean = 9.1 (flags = 0x41)
0   ... 
3   ----O                                                                     (4 = 28.6%) {0.0%}
4   O                                                                         (0 = 0.0%) {28.6%}
5   -O                                                                        (1 = 7.1%) {28.6%}
6   ... 
8   ----O                                                                     (4 = 28.6%) {35.7%}
10  O                                                                         (0 = 0.0%) {64.3%}
12  --O                                                                       (2 = 14.3%) {64.3%}
14  O                                                                         (0 = 0.0%) {78.6%}
17  ---O                                                                      (3 = 21.4%) {78.6%}
20  ... 

Histogram: Sql.Statement.Cookie.VMSteps recorded 32 samples, mean = 16.8 (flags = 0x41)
0   ... 
3   ------O                                                                   (6 = 18.8%) {0.0%}
4   O                                                                         (0 = 0.0%) {18.8%}
5   --O                                                                       (2 = 6.2%) {18.8%}
6   O                                                                         (0 = 0.0%) {25.0%}
7   --O                                                                       (2 = 6.2%) {25.0%}
8   ----O                                                                     (4 = 12.5%) {31.2%}
10  O                                                                         (0 = 0.0%) {43.8%}
12  ----O                                                                     (4 = 12.5%) {43.8%}
14  ----O                                                                     (4 = 12.5%) {56.2%}
17  ------O                                                                   (6 = 18.8%) {68.8%}
20  ... 
57  ----O                                                                     (4 = 12.5%) {87.5%}
68  ... 

Histogram: Sql.Statement.DIPS.VMSteps recorded 29 samples, mean = 12.5 (flags = 0x41)
0   ... 
3   --O                                                                       (2 = 6.9%) {0.0%}
4   O                                                                         (0 = 0.0%) {6.9%}
5   -O                                                                        (1 = 3.4%) {6.9%}
6   ... 
8   ---------O                                                                (9 = 31.0%) {10.3%}
10  ----O                                                                     (4 = 13.8%) {41.4%}
12  --O                                                                       (2 = 6.9%) {55.2%}
14  --O                                                                       (2 = 6.9%) {62.1%}
17  ------O                                                                   (6 = 20.7%) {69.0%}
20  -O                                                                        (1 = 3.4%) {89.7%}
24  --O                                                                       (2 = 6.9%) {93.1%}
29  ... 

Histogram: Sql.Statement.FirstPartySets.VMSteps recorded 28 samples, mean = 8.4 (flags = 0x41)
0   ... 
3   ----------O                                                               (10 = 35.7%) {0.0%}
4   O                                                                         (0 = 0.0%) {35.7%}
5   -O                                                                        (1 = 3.6%) {35.7%}
6   ... 
8   --------O                                                                 (8 = 28.6%) {39.3%}
10  ----O                                                                     (4 = 14.3%) {67.9%}
12  ... 
17  ----O                                                                     (4 = 14.3%) {82.1%}
20  -O                                                                        (1 = 3.6%) {96.4%}
24  ... 

Histogram: Sql.Statement.History.VMSteps recorded 103 samples, mean = 24.2 (flags = 0x41)
0    ... 
3    --------O                                                                 (8 = 7.8%) {0.0%}
4    O                                                                         (0 = 0.0%) {7.8%}
5    -O                                                                        (1 = 1.0%) {7.8%}
6    --O                                                                       (2 = 1.9%) {8.7%}
7    O                                                                         (0 = 0.0%) {10.7%}
8    --------O                                                                 (8 = 7.8%) {10.7%}
10   -------O                                                                  (7 = 6.8%) {18.4%}
12   --------O                                                                 (8 = 7.8%) {25.2%}
14   -----------------------O                                                  (23 = 22.3%) {33.0%}
17   ---------------O                                                          (15 = 14.6%) {55.3%}
20   ----O                                                                     (4 = 3.9%) {69.9%}
24   --------O                                                                 (8 = 7.8%) {73.8%}
29   ---O                                                                      (3 = 2.9%) {81.6%}
34   -O                                                                        (1 = 1.0%) {84.5%}
40   --O                                                                       (2 = 1.9%) {85.4%}
48   -O                                                                        (1 = 1.0%) {87.4%}
57   --O                                                                       (2 = 1.9%) {88.3%}
68   ------O                                                                   (6 = 5.8%) {90.3%}
81   --O                                                                       (2 = 1.9%) {96.1%}
96   ... 
135  --O                                                                       (2 = 1.9%) {98.1%}
160  ... 

Histogram: Sql.Statement.OptOutBlacklist.VMSteps recorded 5 samples, mean = 8.0 (flags = 0x41)
0   ... 
5   -O                                                                        (1 = 20.0%) {0.0%}
6   -O                                                                        (1 = 20.0%) {20.0%}
7   -O                                                                        (1 = 20.0%) {40.0%}
8   -O                                                                        (1 = 20.0%) {60.0%}
10  ... 
14  -O                                                                        (1 = 20.0%) {80.0%}
17  ... 

Histogram: Sql.Statement.Passwords.VMSteps recorded 61 samples, mean = 21.4 (flags = 0x41)
0   ... 
3   ----O                                                                     (4 = 6.6%) {0.0%}
4   O                                                                         (0 = 0.0%) {6.6%}
5   --O                                                                       (2 = 3.3%) {6.6%}
6   --------O                                                                 (8 = 13.1%) {9.8%}
7   ----O                                                                     (4 = 6.6%) {23.0%}
8   -----------O                                                              (11 = 18.0%) {29.5%}
10  O                                                                         (0 = 0.0%) {47.5%}
12  ------O                                                                   (6 = 9.8%) {47.5%}
14  ----O                                                                     (4 = 6.6%) {57.4%}
17  ------O                                                                   (6 = 9.8%) {63.9%}
20  ... 
29  --O                                                                       (2 = 3.3%) {73.8%}
34  --O                                                                       (2 = 3.3%) {77.0%}
40  --O                                                                       (2 = 3.3%) {80.3%}
48  --O                                                                       (2 = 3.3%) {83.6%}
57  ----O                                                                     (4 = 6.6%) {86.9%}
68  ----O                                                                     (4 = 6.6%) {93.4%}
81  ... 

Histogram: Sql.Statement.Predictor.VMSteps recorded 16 samples, mean = 12.8 (flags = 0x41)
0   ... 
3   ----O                                                                     (4 = 25.0%) {0.0%}
4   O                                                                         (0 = 0.0%) {25.0%}
5   -O                                                                        (1 = 6.2%) {25.0%}
6   ---O                                                                      (3 = 18.8%) {31.2%}
7   O                                                                         (0 = 0.0%) {50.0%}
8   --O                                                                       (2 = 12.5%) {50.0%}
10  -O                                                                        (1 = 6.2%) {62.5%}
12  ... 
17  --O                                                                       (2 = 12.5%) {68.8%}
20  O                                                                         (0 = 0.0%) {81.2%}
24  -O                                                                        (1 = 6.2%) {81.2%}
29  O                                                                         (0 = 0.0%) {87.5%}
34  -O                                                                        (1 = 6.2%) {87.5%}
40  -O                                                                        (1 = 6.2%) {93.8%}
48  ... 

Histogram: Sql.Statement.Quota.VMSteps recorded 17 samples, mean = 8.8 (flags = 0x41)
0   ... 
3   ------O                                                                   (6 = 35.3%) {0.0%}
4   O                                                                         (0 = 0.0%) {35.3%}
5   -O                                                                        (1 = 5.9%) {35.3%}
6   ... 
8   ----O                                                                     (4 = 23.5%) {41.2%}
10  -O                                                                        (1 = 5.9%) {64.7%}
12  -O                                                                        (1 = 5.9%) {70.6%}
14  O                                                                         (0 = 0.0%) {76.5%}
17  ----O                                                                     (4 = 23.5%) {76.5%}
20  ... 

Histogram: Sql.Statement.ReportingAndNEL.VMSteps recorded 14 samples, mean = 13.1 (flags = 0x41)
0   ... 
3   --O                                                                       (2 = 14.3%) {0.0%}
4   O                                                                         (0 = 0.0%) {14.3%}
5   -O                                                                        (1 = 7.1%) {14.3%}
6   -O                                                                        (1 = 7.1%) {21.4%}
7   O                                                                         (0 = 0.0%) {28.6%}
8   --O                                                                       (2 = 14.3%) {28.6%}
10  O                                                                         (0 = 0.0%) {42.9%}
12  --O                                                                       (2 = 14.3%) {42.9%}
14  -O                                                                        (1 = 7.1%) {57.1%}
17  ---O                                                                      (3 = 21.4%) {64.3%}
20  O                                                                         (0 = 0.0%) {85.7%}
24  -O                                                                        (1 = 7.1%) {85.7%}
29  -O                                                                        (1 = 7.1%) {92.9%}
34  ... 

Histogram: Sql.Statement.SharedDictionary.VMSteps recorded 26 samples, mean = 9.6 (flags = 0x41)
0   ... 
3   ----------O                                                               (10 = 38.5%) {0.0%}
4   O                                                                         (0 = 0.0%) {38.5%}
5   -O                                                                        (1 = 3.8%) {38.5%}
6   ... 
8   ---O                                                                      (3 = 11.5%) {42.3%}
10  O                                                                         (0 = 0.0%) {53.8%}
12  ----O                                                                     (4 = 15.4%) {53.8%}
14  --O                                                                       (2 = 7.7%) {69.2%}
17  ------O                                                                   (6 = 23.1%) {76.9%}
20  ... 

Histogram: Sql.Statement.SharedStorage.VMSteps recorded 3 samples, mean = 7.7 (flags = 0x41)
0   ... 
5   -O                                                                        (1 = 33.3%) {0.0%}
6   ... 
8   -O                                                                        (1 = 33.3%) {33.3%}
10  -O                                                                        (1 = 33.3%) {66.7%}
12  ... 

Histogram: Sql.Statement.Thumbnail.VMSteps recorded 28 samples, mean = 11.2 (flags = 0x41)
0   ... 
3   --------O                                                                 (8 = 28.6%) {0.0%}
4   O                                                                         (0 = 0.0%) {28.6%}
5   -O                                                                        (1 = 3.6%) {28.6%}
6   ... 
8   ---O                                                                      (3 = 10.7%) {32.1%}
10  ---O                                                                      (3 = 10.7%) {42.9%}
12  --O                                                                       (2 = 7.1%) {53.6%}
14  ---O                                                                      (3 = 10.7%) {60.7%}
17  ----O                                                                     (4 = 14.3%) {71.4%}
20  ----O                                                                     (4 = 14.3%) {85.7%}
24  ... 

Histogram: Sql.Statement.TopSites.VMSteps recorded 34 samples, mean = 12.7 (flags = 0x41)
0   ... 
3   ------O                                                                   (6 = 17.6%) {0.0%}
4   O                                                                         (0 = 0.0%) {17.6%}
5   -O                                                                        (1 = 2.9%) {17.6%}
6   ... 
8   -----O                                                                    (5 = 14.7%) {20.6%}
10  ---O                                                                      (3 = 8.8%) {35.3%}
12  -------O                                                                  (7 = 20.6%) {44.1%}
14  O                                                                         (0 = 0.0%) {64.7%}
17  ---O                                                                      (3 = 8.8%) {64.7%}
20  -------O                                                                  (7 = 20.6%) {73.5%}
24  --O                                                                       (2 = 5.9%) {94.1%}
29  ... 

Histogram: Sql.Statement.TrustTokens.VMSteps recorded 18 samples, mean = 10.9 (flags = 0x41)
0   ... 
3   ----O                                                                     (4 = 22.2%) {0.0%}
4   O                                                                         (0 = 0.0%) {22.2%}
5   -O                                                                        (1 = 5.6%) {22.2%}
6   ---O                                                                      (3 = 16.7%) {27.8%}
7   O                                                                         (0 = 0.0%) {44.4%}
8   ---O                                                                      (3 = 16.7%) {44.4%}
10  -O                                                                        (1 = 5.6%) {61.1%}
12  O                                                                         (0 = 0.0%) {66.7%}
14  -O                                                                        (1 = 5.6%) {66.7%}
17  ---O                                                                      (3 = 16.7%) {72.2%}
20  O                                                                         (0 = 0.0%) {88.9%}
24  -O                                                                        (1 = 5.6%) {88.9%}
29  -O                                                                        (1 = 5.6%) {94.4%}
34  ... 

Histogram: Sql.Statement.UKMMetrics.VMSteps recorded 31 samples, mean = 12.4 (flags = 0x41)
0   ... 
3   -----O                                                                    (5 = 16.1%) {0.0%}
4   O                                                                         (0 = 0.0%) {16.1%}
5   -O                                                                        (1 = 3.2%) {16.1%}
6   O                                                                         (0 = 0.0%) {19.4%}
7   ---O                                                                      (3 = 9.7%) {19.4%}
8   -----O                                                                    (5 = 16.1%) {29.0%}
10  O                                                                         (0 = 0.0%) {45.2%}
12  -------O                                                                  (7 = 22.6%) {45.2%}
14  O                                                                         (0 = 0.0%) {67.7%}
17  ----O                                                                     (4 = 12.9%) {67.7%}
20  ----O                                                                     (4 = 12.9%) {80.6%}
24  -O                                                                        (1 = 3.2%) {93.5%}
29  ... 
40  -O                                                                        (1 = 3.2%) {96.8%}
48  ... 

Histogram: Sql.Statement.Web.VMSteps recorded 118 samples, mean = 51.0 (flags = 0x41)
0    ... 
3    --------O                                                                 (8 = 6.8%) {0.0%}
4    -O                                                                        (1 = 0.8%) {6.8%}
5    -O                                                                        (1 = 0.8%) {7.6%}
6    ------------O                                                             (12 = 10.2%) {8.5%}
7    -----------O                                                              (11 = 9.3%) {18.6%}
8    ----------O                                                               (10 = 8.5%) {28.0%}
10   ---------O                                                                (9 = 7.6%) {36.4%}
12   --------O                                                                 (8 = 6.8%) {44.1%}
14   --O                                                                       (2 = 1.7%) {50.8%}
17   ------O                                                                   (6 = 5.1%) {52.5%}
20   O                                                                         (0 = 0.0%) {57.6%}
24   --O                                                                       (2 = 1.7%) {57.6%}
29   --O                                                                       (2 = 1.7%) {59.3%}
34   --O                                                                       (2 = 1.7%) {61.0%}
40   --O                                                                       (2 = 1.7%) {62.7%}
48   ---O                                                                      (3 = 2.5%) {64.4%}
57   ---O                                                                      (3 = 2.5%) {66.9%}
68   -----O                                                                    (5 = 4.2%) {69.5%}
81   --O                                                                       (2 = 1.7%) {73.7%}
96   -------O                                                                  (7 = 5.9%) {75.4%}
114  -----O                                                                    (5 = 4.2%) {81.4%}
135  -------O                                                                  (7 = 5.9%) {85.6%}
160  -----O                                                                    (5 = 4.2%) {91.5%}
190  -----O                                                                    (5 = 4.2%) {95.8%}
226  ... 

Histogram: Sql.vfs.SyncTime recorded 277 samples, mean = 0.2 (flags = 0x41)
0   ------------------------------------------------------------------------O (264 = 95.3%)
1   --O                                                                       (7 = 2.5%) {95.3%}
2   -O                                                                        (3 = 1.1%) {97.8%}
3   ... 
8   O                                                                         (1 = 0.4%) {98.9%}
10  -O                                                                        (2 = 0.7%) {99.3%}
12  ... 

Histogram: Stability.Counts2 recorded 13 samples, mean = 22.8 (flags = 0x43)
0   ... 
2   ---O                                                                      (3 = 23.1%) {0.0%}
3   ... 
15  -O                                                                        (1 = 7.7%) {23.1%}
16  ... 
26  ---O                                                                      (3 = 23.1%) {30.8%}
27  ... 
33  ------O                                                                   (6 = 46.2%) {53.8%}
34  O                                                                         (0 = 0.0%) {100.0%}

Histogram: Stability.Experimental.PageLoads recorded 3 samples, mean = 17.0 (flags = 0x41)
0   ... 
17  ---O                                                                      (3 = 100.0%) {0.0%}
18  O                                                                         (0 = 0.0%) {100.0%}

Histogram: Startup.AfterStartupTaskCount recorded 1 samples, mean = 2.0 (flags = 0x41)
0  ... 
2  -O                                                                        (1 = 100.0%) {0.0%}
3  ... 

Histogram: Startup.AfterStartupTaskDelayedUntilTime recorded 1 samples, mean = 30698.0 (flags = 0x41)
0      ... 
27929  -O                                                                        (1 = 100.0%) {0.0%}
37840  ... 

Histogram: Startup.BrowserMainRunnerImplInitializeLongTime recorded 1 samples, mean = 110.0 (flags = 0x41)
0    ... 
103  -O                                                                        (1 = 100.0%) {0.0%}
119  ... 

Histogram: Startup.BrowserMessageLoopFirstIdle recorded 1 samples, mean = 147295.0 (flags = 0x41)
0       ... 
132874  -O                                                                        (1 = 100.0%) {0.0%}
153369  ... 

Histogram: Startup.BrowserMessageLoopStartTime.FirstRun recorded 1 samples, mean = 129.0 (flags = 0x41)
0    ... 
119  -O                                                                        (1 = 100.0%) {0.0%}
137  ... 

Histogram: Startup.CreateFirstProfile recorded 1 samples, mean = 55.0 (flags = 0x41)
0   ... 
47  -O                                                                        (1 = 100.0%) {0.0%}
64  ... 

Histogram: Startup.FirstWebContents.FinishReason recorded 1 samples, mean = 6.0 (flags = 0x41)
0  ... 
6  -O                                                                        (1 = 100.0%) {0.0%}
7  ... 

Histogram: Startup.LoadTime.ApplicationStartToChromeMain recorded 1 samples, mean = 0.0 (flags = 0x41)
0  -O                                                                        (1 = 100.0%)
1  ... 

Histogram: Startup.LoadTime.ProcessCreateToApplicationStart recorded 1 samples, mean = 21246.0 (flags = 0x41)
0      ... 
20614  -O                                                                        (1 = 100.0%) {0.0%}
27929  ... 

Histogram: Startup.LoadTime.RecordedProcessCreation recorded 1 samples, mean = 1.0 (flags = 0x1)
0  O                                                                         (0 = 0.0%)
1  -O                                                                        (1 = 100.0%) {0.0%}
2  O                                                                         (0 = 0.0%) {100.0%}

Histogram: Startup.PreMainMessageLoopRunImplLongTime recorded 1 samples, mean = 66.0 (flags = 0x41)
0   ... 
58  -O                                                                        (1 = 100.0%) {0.0%}
67  ... 

Histogram: Startup.Renderer.LoadTime.ApplicationStartToRendererStartRunLoop recorded 1 samples, mean = 534.0 (flags = 0x41)
0    ... 
452  -O                                                                        (1 = 100.0%) {0.0%}
574  ... 

Histogram: Startup.Renderer.LoadTime.ChromeMainToRendererStartRunLoop recorded 1 samples, mean = 534.0 (flags = 0x41)
0    ... 
452  -O                                                                        (1 = 100.0%) {0.0%}
574  ... 

Histogram: Startup.Renderer.LoadTime.ProcessCreationToRendererStartRunLoop recorded 1 samples, mean = 746.0 (flags = 0x41)
0    ... 
729  -O                                                                        (1 = 100.0%) {0.0%}
926  ... 

Histogram: Startup.Temperature recorded 1 samples, mean = 3.0 (flags = 0x41)
0  ... 
3  -O                                                                        (1 = 100.0%) {0.0%}
4  O                                                                         (0 = 0.0%) {100.0%}

Histogram: Storage.Blob.CreateDirectoryResult recorded 1 samples, mean = 0.0 (flags = 0x41)
0  -O                                                                        (1 = 100.0%)
1  ... 

Histogram: Storage.SessionStorage.RendererAreaCacheHit recorded 2 samples, mean = 1.0 (flags = 0x41)
0  -O                                                                        (1 = 50.0%)
1  O                                                                         (0 = 0.0%) {50.0%}
2  -O                                                                        (1 = 50.0%) {50.0%}
3  O                                                                         (0 = 0.0%) {100.0%}

Histogram: Storage.SharedStorage.Database.Timing.OpenImpl recorded 1 samples, mean = 3.0 (flags = 0x41)
0  ... 
3  -O                                                                        (1 = 100.0%) {0.0%}
4  ... 

Histogram: Storage.SharedStorage.OnShutdown.NumSqlErrors recorded 1 samples, mean = 0.0 (flags = 0x41)
0  -O                                                                        (1 = 100.0%)
1  ... 

Histogram: Storage.SharedStorage.OnShutdown.RecoveryFromInitFailureAttempted recorded 1 samples, mean = 0.0 (flags = 0x41)
0  -O                                                                        (1 = 100.0%)
1  ... 

Histogram: Storage.SharedStorage.OnShutdown.RecoveryOnDiskAttempted recorded 1 samples, mean = 0.0 (flags = 0x41)
0  -O                                                                        (1 = 100.0%)
1  ... 

Histogram: Storage.SharedStorage.Worklet.NumPerPage recorded 1 samples, mean = 0.0 (flags = 0x41)
0  -O                                                                        (1 = 100.0%)
1  ... 

Histogram: Storage.SharedStorage.Worklet.SelectURL.CallsPerPage recorded 1 samples, mean = 0.0 (flags = 0x41)
0  -O                                                                        (1 = 100.0%)
1  ... 

Histogram: Style.InvalidationTime recorded 2 samples, mean = 105.0 (flags = 0x41)
0    ... 
76   -O                                                                        (1 = 50.0%) {0.0%}
105  -O                                                                        (1 = 50.0%) {50.0%}
146  ... 

Histogram: Style.RebuildLayoutTreeTime recorded 11 samples, mean = 542.7 (flags = 0x41)
0     ... 
6     -O                                                                        (1 = 9.1%) {0.0%}
8     ... 
76    -O                                                                        (1 = 9.1%) {9.1%}
105   -----O                                                                    (5 = 45.5%) {18.2%}
146   -O                                                                        (1 = 9.1%) {63.6%}
203   O                                                                         (0 = 0.0%) {72.7%}
282   -O                                                                        (1 = 9.1%) {72.7%}
391   -O                                                                        (1 = 9.1%) {81.8%}
542   ... 
3865  -O                                                                        (1 = 9.1%) {90.9%}
5362  ... 

Histogram: Style.RecalcTime recorded 16 samples, mean = 2752.3 (flags = 0x41)
0      ... 
3      -O                                                                        (1 = 6.2%) {0.0%}
4      ... 
11     -O                                                                        (1 = 6.2%) {6.2%}
15     ... 
105    --O                                                                       (2 = 12.5%) {12.5%}
146    ... 
282    ---O                                                                      (3 = 18.8%) {25.0%}
391    -O                                                                        (1 = 6.2%) {43.8%}
542    ... 
1043   -O                                                                        (1 = 6.2%) {50.0%}
1447   O                                                                         (0 = 0.0%) {56.2%}
2008   -O                                                                        (1 = 6.2%) {56.2%}
2786   -O                                                                        (1 = 6.2%) {62.5%}
3865   -O                                                                        (1 = 6.2%) {68.8%}
5362   ---O                                                                      (3 = 18.8%) {75.0%}
7439   O                                                                         (0 = 0.0%) {93.8%}
10321  -O                                                                        (1 = 6.2%) {93.8%}
14319  ... 

Histogram: SubresourceFilter.MainFrameLoad.RulesetIsAvailableAnyActivationLevel recorded 1 samples, mean = 0.0 (flags = 0x41)
0  -O                                                                        (1 = 100.0%)
1  ... 

Histogram: SubresourceFilter.PageLoad.ActivationDecision recorded 1 samples, mean = 1.0 (flags = 0x41)
0  O                                                                         (0 = 0.0%)
1  -O                                                                        (1 = 100.0%) {0.0%}
2  ... 

Histogram: SubresourceFilter.PageLoad.ActivationList recorded 1 samples, mean = 0.0 (flags = 0x41)
0  -O                                                                        (1 = 100.0%)
1  ... 

Histogram: SubresourceFilter.PageLoad.ActivationState recorded 2 samples, mean = 0.0 (flags = 0x41)
0  --O                                                                       (2 = 100.0%)
1  ... 

Histogram: SubresourceFilter.PageLoad.SafeBrowsingDelay recorded 1 samples, mean = 0.0 (flags = 0x41)
0  -O                                                                        (1 = 100.0%)
1  ... 

Histogram: SubresourceFilter.SafeBrowsing.TotalCheckTime recorded 3 samples, mean = 0.0 (flags = 0x41)
0  ---O                                                                      (3 = 100.0%)
1  ... 

Histogram: Sync.ModelTypeStoreBackendError.ReadRecords recorded 5 samples, mean = 1.0 (flags = 0x41)
0  O                                                                         (0 = 0.0%)
1  -----O                                                                    (5 = 100.0%) {0.0%}
2  ... 

Histogram: Sync.ModelTypeStoreBackendInitializationSuccess recorded 1 samples, mean = 1.0 (flags = 0x41)
0  O                                                                         (0 = 0.0%)
1  -O                                                                        (1 = 100.0%) {0.0%}
2  O                                                                         (0 = 0.0%) {100.0%}

Histogram: Sync.PassphraseType2 recorded 1 samples, mean = 0.0 (flags = 0x41)
0  -O                                                                        (1 = 100.0%)
1  ... 

Histogram: Sync.SyncToSigninMigrationDecision recorded 1 samples, mean = 1.0 (flags = 0x41)
0  O                                                                         (0 = 0.0%)
1  -O                                                                        (1 = 100.0%) {0.0%}
2  ... 

Histogram: Sync.TrustedVaultFileReadStatus recorded 1 samples, mean = 1.0 (flags = 0x41)
0  O                                                                         (0 = 0.0%)
1  -O                                                                        (1 = 100.0%) {0.0%}
2  ... 

Histogram: Sync.TrustedVaultFileWriteSuccess recorded 1 samples, mean = 1.0 (flags = 0x41)
0  O                                                                         (0 = 0.0%)
1  -O                                                                        (1 = 100.0%) {0.0%}
2  O                                                                         (0 = 0.0%) {100.0%}

Histogram: TabGroups.CollapsedGroupCountPerLoad recorded 1 samples, mean = 0.0 (flags = 0x41)
0  -O                                                                        (1 = 100.0%)
1  ... 

Histogram: TabGroups.UserCustomizedGroupCountPerLoad recorded 1 samples, mean = 0.0 (flags = 0x41)
0  -O                                                                        (1 = 100.0%)
1  ... 

Histogram: TabGroups.UserGroupCountPerLoad recorded 1 samples, mean = 0.0 (flags = 0x41)
0  -O                                                                        (1 = 100.0%)
1  ... 

Histogram: TabGroups.UserPinnedTabCountPerLoad recorded 1 samples, mean = 0.0 (flags = 0x41)
0  -O                                                                        (1 = 100.0%)
1  ... 

Histogram: Tabs.NewNavigationWithSameOriginTab recorded 1 samples, mean = 0.0 (flags = 0x41)
0  -O                                                                        (1 = 100.0%)
1  ... 

Histogram: Tabs.TabCountPerLoad recorded 1 samples, mean = 0.0 (flags = 0x41)
0  -O                                                                        (1 = 100.0%)
1  ... 

Histogram: ThirdPartyModules.InputMethodEditorsCount recorded 1 samples, mean = 0.0 (flags = 0x41)
0  -O                                                                        (1 = 100.0%)
1  ... 

Histogram: ThreadPool.UnnecessaryWakeup.Browser.Background recorded 3 samples, mean = 1.0 (flags = 0x41)
0  O                                                                         (0 = 0.0%)
1  ---O                                                                      (3 = 100.0%) {0.0%}
2  O                                                                         (0 = 0.0%) {100.0%}

Histogram: ThreadPool.UnnecessaryWakeup.Browser.Foreground recorded 45 samples, mean = 1.0 (flags = 0x41)
0  O                                                                         (0 = 0.0%)
1  ---------------------------------------------O                            (45 = 100.0%) {0.0%}
2  O                                                                         (0 = 0.0%) {100.0%}

Histogram: ThreadPool.UnnecessaryWakeup.ContentChild.Background recorded 1 samples, mean = 1.0 (flags = 0x41)
0  O                                                                         (0 = 0.0%)
1  -O                                                                        (1 = 100.0%) {0.0%}
2  O                                                                         (0 = 0.0%) {100.0%}

Histogram: ThreadPool.UnnecessaryWakeup.ContentChild.Foreground recorded 4 samples, mean = 1.0 (flags = 0x41)
0  O                                                                         (0 = 0.0%)
1  ----O                                                                     (4 = 100.0%) {0.0%}
2  O                                                                         (0 = 0.0%) {100.0%}

Histogram: ThreadPool.UnnecessaryWakeup.Renderer.Foreground recorded 42 samples, mean = 1.0 (flags = 0x41)
0  O                                                                         (0 = 0.0%)
1  ------------------------------------------O                               (42 = 100.0%) {0.0%}
2  O                                                                         (0 = 0.0%) {100.0%}

Histogram: Translate.ApplicationStart.AlwaysTranslateLanguage.Count recorded 1 samples, mean = 0.0 (flags = 0x41)
0  -O                                                                        (1 = 100.0%)
1  ... 

Histogram: Translate.ApplicationStart.NeverTranslateLanguage recorded 1 samples (flags = 0x41)
-74147910-O                                                                        (1 = 100.0%)

Histogram: Translate.ApplicationStart.NeverTranslateLanguage.Count recorded 1 samples, mean = 1.0 (flags = 0x41)
0  O                                                                         (0 = 0.0%)
1  -O                                                                        (1 = 100.0%) {0.0%}
2  ... 

Histogram: Translate.ApplicationStart.NeverTranslateSite.Count recorded 1 samples, mean = 0.0 (flags = 0x41)
0  -O                                                                        (1 = 100.0%)
1  ... 

Histogram: Translate.LanguageDetection.LanguageVerification recorded 1 samples, mean = 2.0 (flags = 0x41)
0  ... 
2  -O                                                                        (1 = 100.0%) {0.0%}
3  ... 

Histogram: Translate.LanguageDeterminedDuration recorded 1 samples, mean = 856.0 (flags = 0x41)
0    ... 
730  -O                                                                        (1 = 100.0%) {0.0%}
989  ... 

Histogram: Translate.PageLoad.FinalSourceLanguage recorded 1 samples (flags = 0x41)
-74147910-O                                                                        (1 = 100.0%)

Histogram: Translate.PageLoad.FinalState recorded 1 samples, mean = 1.0 (flags = 0x41)
0  O                                                                         (0 = 0.0%)
1  -O                                                                        (1 = 100.0%) {0.0%}
2  ... 

Histogram: Translate.PageLoad.FinalTargetLanguage recorded 1 samples (flags = 0x41)
-74147910-O                                                                        (1 = 100.0%)

Histogram: Translate.PageLoad.InitialSourceLanguage recorded 1 samples (flags = 0x41)
-74147910-O                                                                        (1 = 100.0%)

Histogram: Translate.PageLoad.InitialState recorded 1 samples, mean = 1.0 (flags = 0x41)
0  O                                                                         (0 = 0.0%)
1  -O                                                                        (1 = 100.0%) {0.0%}
2  ... 

Histogram: Translate.PageLoad.InitialTargetLanguage recorded 1 samples (flags = 0x41)
-74147910-O                                                                        (1 = 100.0%)

Histogram: Translate.PageLoad.InitialTargetLanguage.Origin recorded 1 samples, mean = 1.0 (flags = 0x41)
0  O                                                                         (0 = 0.0%)
1  -O                                                                        (1 = 100.0%) {0.0%}
2  ... 

Histogram: Translate.PageLoad.IsInitialSourceLanguageInUsersContentLanguages recorded 1 samples, mean = 1.0 (flags = 0x41)
0  O                                                                         (0 = 0.0%)
1  -O                                                                        (1 = 100.0%) {0.0%}
2  O                                                                         (0 = 0.0%) {100.0%}

Histogram: Translate.PageLoad.NumReversions recorded 1 samples, mean = 0.0 (flags = 0x41)
0  -O                                                                        (1 = 100.0%)
1  ... 

Histogram: Translate.PageLoad.NumTargetLanguageChanges recorded 1 samples, mean = 0.0 (flags = 0x41)
0  -O                                                                        (1 = 100.0%)
1  ... 

Histogram: Translate.PageLoad.NumTranslations recorded 1 samples, mean = 0.0 (flags = 0x41)
0  -O                                                                        (1 = 100.0%)
1  ... 

Histogram: Translate.PageLoad.Ranker.Decision recorded 1 samples, mean = 1.0 (flags = 0x41)
0  O                                                                         (0 = 0.0%)
1  -O                                                                        (1 = 100.0%) {0.0%}
2  ... 

Histogram: Translate.PageLoad.Ranker.Version recorded 1 samples (flags = 0x41)
0  -O                                                                        (1 = 100.0%)

Histogram: Translate.PageLoad.TriggerDecision recorded 1 samples, mean = 4.0 (flags = 0x41)
0  ... 
4  -O                                                                        (1 = 100.0%) {0.0%}
5  ... 

Histogram: Translate.Ranker.Model.Status2 recorded 2 samples, mean = 6.5 (flags = 0x41)
0  ... 
6  -O                                                                        (1 = 50.0%) {0.0%}
7  -O                                                                        (1 = 50.0%) {50.0%}
8  O                                                                         (0 = 0.0%) {100.0%}

Histogram: UI.DeviceScale recorded 1 samples (flags = 0x41)
125  -O                                                                        (1 = 100.0%)

Histogram: UKM.Entries.Dropped recorded 93 samples, mean = 1.0 (flags = 0x41)
0  O                                                                         (0 = 0.0%)
1  ------------------------------------------------------------------------O (93 = 100.0%) {0.0%}
2  ... 

Histogram: UKM.Entries.Dropped.ByEntryHash recorded 93 samples (flags = 0x41)
58315124    -O                                                                        (1 = 1.1%)
181657211   --O                                                                       (2 = 2.2%)
189164898   -O                                                                        (1 = 1.1%)
251237400   -O                                                                        (1 = 1.1%)
270025173   -O                                                                        (1 = 1.1%)
277070773   -O                                                                        (1 = 1.1%)
385121421   -O                                                                        (1 = 1.1%)
480593958   --------O                                                                 (8 = 8.6%)
532600439   ---O                                                                      (3 = 3.2%)
575234402   -O                                                                        (1 = 1.1%)
624513781   -O                                                                        (1 = 1.1%)
654949485   -----O                                                                    (5 = 5.4%)
661477988   -O                                                                        (1 = 1.1%)
705322609   ---O                                                                      (3 = 3.2%)
805578149   -O                                                                        (1 = 1.1%)
810755299   -O                                                                        (1 = 1.1%)
828084724   -O                                                                        (1 = 1.1%)
854760832   -O                                                                        (1 = 1.1%)
888761441   -O                                                                        (1 = 1.1%)
902138984   -----O                                                                    (5 = 5.4%)
938382174   -O                                                                        (1 = 1.1%)
986870865   -O                                                                        (1 = 1.1%)
1004547038  -O                                                                        (1 = 1.1%)
1035062417  -O                                                                        (1 = 1.1%)
1078164680  --O                                                                       (2 = 2.2%)
1149114043  -O                                                                        (1 = 1.1%)
1262170432  -------O                                                                  (7 = 7.5%)
1321082436  --O                                                                       (2 = 2.2%)
1350795912  -O                                                                        (1 = 1.1%)
1354891390  -O                                                                        (1 = 1.1%)
1404242571  -O                                                                        (1 = 1.1%)
1548358279  -O                                                                        (1 = 1.1%)
1576109827  -O                                                                        (1 = 1.1%)
1604233346  --------O                                                                 (8 = 8.6%)
1663717192  -O                                                                        (1 = 1.1%)
1767609109  -----------O                                                              (11 = 11.8%)
1832900131  ----O                                                                     (4 = 4.3%)
1866365893  -O                                                                        (1 = 1.1%)
1871083634  -O                                                                        (1 = 1.1%)
2037740339  -----O                                                                    (5 = 5.4%)
2066033668  -O                                                                        (1 = 1.1%)

Histogram: UKM.PersistentLogRecall.Status recorded 1 samples, mean = 1.0 (flags = 0x41)
0  O                                                                         (0 = 0.0%)
1  -O                                                                        (1 = 100.0%) {0.0%}
2  ... 

Histogram: UKM.Sources.Dropped recorded 7 samples, mean = 1.0 (flags = 0x41)
0  O                                                                         (0 = 0.0%)
1  -------O                                                                  (7 = 100.0%) {0.0%}
2  ... 

Histogram: UKM.WebDXFeatureSets.Dropped recorded 2 samples, mean = 1.0 (flags = 0x41)
0  O                                                                         (0 = 0.0%)
1  --O                                                                       (2 = 100.0%) {0.0%}
2  ... 

Histogram: UMA.ChildProcess.Ping.SharedMemorySetUp recorded 31 samples, mean = 1.0 (flags = 0x41)
0  -----------O                                                              (11 = 35.5%)
1  ----------O                                                               (10 = 32.3%) {35.5%}
2  ----------O                                                               (10 = 32.3%) {67.7%}
3  O                                                                         (0 = 0.0%) {100.0%}

Histogram: UMA.CleanExitBeaconConsistency3 recorded 1 samples, mean = 6.0 (flags = 0x41)
0  ... 
6  -O                                                                        (1 = 100.0%) {0.0%}
7  ... 

Histogram: UMA.EntropySourceType recorded 1 samples, mean = 1.0 (flags = 0x41)
0  O                                                                         (0 = 0.0%)
1  -O                                                                        (1 = 100.0%) {0.0%}
2  ... 

Histogram: UMA.LocalHistogram recorded 12 samples, mean = 1.0 (flags = 0x40)
0  O                                                                         (0 = 0.0%)
1  ------------O                                                             (12 = 100.0%) {0.0%}
2  O                                                                         (0 = 0.0%) {100.0%}

Histogram: UMA.MachineIdState recorded 1 samples, mean = 1.0 (flags = 0x41)
0  O                                                                         (0 = 0.0%)
1  -O                                                                        (1 = 100.0%) {0.0%}
2  ... 

Histogram: UMA.MetricsService.Initialize.Time recorded 1 samples, mean = 472.0 (flags = 0x41)
0    ... 
448  -O                                                                        (1 = 100.0%) {0.0%}
590  ... 

Histogram: UMA.MetricsService.PendingOngoingLogOnDisable recorded 1 samples, mean = 0.0 (flags = 0x41)
0  -O                                                                        (1 = 100.0%)
1  ... 

Histogram: UMA.PersistentAllocator.BrowserMetrics.Errors recorded 0 samples (flags = 0x41)
0 ... 

Histogram: UMA.PersistentAllocator.BrowserMetrics.UsedPct recorded 0 samples (flags = 0x41)
0 ... 

Histogram: UMA.PersistentAllocator.EarlyHistograms.BrowserMetrics recorded 1 samples, mean = 1.0 (flags = 0x41)
0  O                                                                         (0 = 0.0%)
1  -O                                                                        (1 = 100.0%) {0.0%}
2  ... 

Histogram: UMA.PersistentAllocator.EarlyHistograms.GpuMetrics recorded 1 samples, mean = 26.0 (flags = 0x41)
0   ... 
26  -O                                                                        (1 = 100.0%) {0.0%}
28  ... 

Histogram: UMA.PersistentAllocator.EarlyHistograms.RendererMetrics recorded 3 samples, mean = 28.3 (flags = 0x41)
0   ... 
25  -O                                                                        (1 = 33.3%) {0.0%}
26  ... 
30  --O                                                                       (2 = 66.7%) {33.3%}
32  ... 

Histogram: UMA.PersistentAllocator.EarlyHistograms.UtilityMetrics recorded 6 samples, mean = 7.0 (flags = 0x41)
0  ... 
7  ------O                                                                   (6 = 100.0%) {0.0%}
8  ... 

Histogram: UMA.PersistentAllocator.FieldTrialAllocator.Errors recorded 0 samples (flags = 0x41)
0 ... 

Histogram: UMA.PersistentAllocator.FieldTrialAllocator.UsedPct recorded 11 samples, mean = 0.0 (flags = 0x41)
0  -----------O                                                              (11 = 100.0%)
1  ... 

Histogram: UMA.PersistentHistograms.InitResult recorded 1 samples, mean = 2.0 (flags = 0x41)
0  ... 
2  -O                                                                        (1 = 100.0%) {0.0%}
3  ... 

Histogram: UMA.Pseudo.PageLoad.LayoutInstability.CumulativeShiftScore recorded 1 samples, mean = 0.0 (flags = 0x41)
0  -O                                                                        (1 = 100.0%)
1  ... 

Histogram: UMA.Pseudo.PageLoad.LayoutInstability.MaxCumulativeShiftScore.SessionWindow.Gap1000ms.Max5000ms2 recorded 1 samples, mean = 0.0 (flags = 0x41)
0  -O                                                                        (1 = 100.0%)
1  ... 

Histogram: UnifiedConsent.MakeSearchesAndBrowsingBetter.OnProfileLoad recorded 1 samples, mean = 0.0 (flags = 0x41)
0  -O                                                                        (1 = 100.0%)
1  ... 

Histogram: V8.CollectSourcePositions recorded 37 samples, mean = 197.4 (flags = 0x41)
0     ... 
16    --O                                                                       (2 = 5.4%) {0.0%}
21    -O                                                                        (1 = 2.7%) {5.4%}
28    --O                                                                       (2 = 5.4%) {8.1%}
37    --O                                                                       (2 = 5.4%) {13.5%}
49    ------O                                                                   (6 = 16.2%) {18.9%}
65    --O                                                                       (2 = 5.4%) {35.1%}
86    ----O                                                                     (4 = 10.8%) {40.5%}
113   O                                                                         (0 = 0.0%) {51.4%}
149   --O                                                                       (2 = 5.4%) {51.4%}
196   ------O                                                                   (6 = 16.2%) {56.8%}
258   -----O                                                                    (5 = 13.5%) {73.0%}
340   --O                                                                       (2 = 5.4%) {86.5%}
448   --O                                                                       (2 = 5.4%) {91.9%}
590   ... 
1023  -O                                                                        (1 = 2.7%) {97.3%}
1347  ... 

Histogram: V8.CompileLazyMicroSeconds recorded 13 samples, mean = 4279.8 (flags = 0x41)
0      ... 
40     -O                                                                        (1 = 7.7%) {0.0%}
55     O                                                                         (0 = 0.0%) {7.7%}
76     -O                                                                        (1 = 7.7%) {7.7%}
105    ---O                                                                      (3 = 23.1%) {15.4%}
146    -O                                                                        (1 = 7.7%) {38.5%}
203    -O                                                                        (1 = 7.7%) {46.2%}
282    -O                                                                        (1 = 7.7%) {53.8%}
391    O                                                                         (0 = 0.0%) {61.5%}
542    -O                                                                        (1 = 7.7%) {61.5%}
752    ... 
2786   -O                                                                        (1 = 7.7%) {69.2%}
3865   -O                                                                        (1 = 7.7%) {76.9%}
5362   ... 
10321  -O                                                                        (1 = 7.7%) {84.6%}
14319  ... 
27562  -O                                                                        (1 = 7.7%) {92.3%}
38240  ... 

Histogram: V8.CompileMicroSeconds recorded 22 samples, mean = 154.6 (flags = 0x41)
0     ... 
5     ----O                                                                     (4 = 18.2%) {0.0%}
7     ---O                                                                      (3 = 13.6%) {18.2%}
9     O                                                                         (0 = 0.0%) {31.8%}
12    -O                                                                        (1 = 4.5%) {31.8%}
16    --O                                                                       (2 = 9.1%) {36.4%}
21    O                                                                         (0 = 0.0%) {45.5%}
28    -O                                                                        (1 = 4.5%) {45.5%}
37    -O                                                                        (1 = 4.5%) {50.0%}
49    ------O                                                                   (6 = 27.3%) {54.5%}
65    -O                                                                        (1 = 4.5%) {81.8%}
86    -O                                                                        (1 = 4.5%) {86.4%}
113   ... 
448   -O                                                                        (1 = 4.5%) {90.9%}
590   ... 
1774  -O                                                                        (1 = 4.5%) {95.5%}
2336  ... 

Histogram: V8.CompileScript.CacheBehaviour recorded 50 samples, mean = 8.9 (flags = 0x41)
0   O                                                                         (0 = 0.0%)
1   --O                                                                       (2 = 4.0%) {0.0%}
2   ... 
4   ----------------O                                                         (16 = 32.0%) {4.0%}
5   ... 
8   --O                                                                       (2 = 4.0%) {36.0%}
9   ... 
12  --------------------------O                                               (26 = 52.0%) {40.0%}
13  ----O                                                                     (4 = 8.0%) {92.0%}
14  ... 

Histogram: V8.CompileScriptMicroSeconds recorded 50 samples, mean = 184.4 (flags = 0x41)
0     ... 
4     -O                                                                        (1 = 2.0%) {0.0%}
5     O                                                                         (0 = 0.0%) {2.0%}
7     --O                                                                       (2 = 4.0%) {2.0%}
9     O                                                                         (0 = 0.0%) {6.0%}
12    ------O                                                                   (6 = 12.0%) {6.0%}
16    ------O                                                                   (6 = 12.0%) {18.0%}
21    --------O                                                                 (8 = 16.0%) {30.0%}
28    ------O                                                                   (6 = 12.0%) {46.0%}
37    ---O                                                                      (3 = 6.0%) {58.0%}
49    ---O                                                                      (3 = 6.0%) {64.0%}
65    --O                                                                       (2 = 4.0%) {70.0%}
86    --O                                                                       (2 = 4.0%) {74.0%}
113   ---O                                                                      (3 = 6.0%) {78.0%}
149   ---O                                                                      (3 = 6.0%) {84.0%}
196   O                                                                         (0 = 0.0%) {90.0%}
258   -O                                                                        (1 = 2.0%) {90.0%}
340   -O                                                                        (1 = 2.0%) {92.0%}
448   O                                                                         (0 = 0.0%) {94.0%}
590   -O                                                                        (1 = 2.0%) {94.0%}
777   -O                                                                        (1 = 2.0%) {96.0%}
1023  ... 
4053  -O                                                                        (1 = 2.0%) {98.0%}
5338  ... 

Histogram: V8.CompileScriptMicroSeconds.BackgroundThread recorded 26 samples, mean = 4244.2 (flags = 0x41)
0      ... 
113    -O                                                                        (1 = 3.8%) {0.0%}
149    --O                                                                       (2 = 7.7%) {3.8%}
196    O                                                                         (0 = 0.0%) {11.5%}
258    --O                                                                       (2 = 7.7%) {11.5%}
340    --O                                                                       (2 = 7.7%) {19.2%}
448    --O                                                                       (2 = 7.7%) {26.9%}
590    ... 
1023   -O                                                                        (1 = 3.8%) {34.6%}
1347   --O                                                                       (2 = 7.7%) {38.5%}
1774   --O                                                                       (2 = 7.7%) {46.2%}
2336   -O                                                                        (1 = 3.8%) {53.8%}
3077   -O                                                                        (1 = 3.8%) {57.7%}
4053   ----O                                                                     (4 = 15.4%) {61.5%}
5338   ---O                                                                      (3 = 11.5%) {76.9%}
7031   -O                                                                        (1 = 3.8%) {88.5%}
9260   -O                                                                        (1 = 3.8%) {92.3%}
12196  ... 
27864  -O                                                                        (1 = 3.8%) {96.2%}
36699  ... 

Histogram: V8.CompileScriptMicroSeconds.IsolateCacheHit recorded 2 samples, mean = 40.0 (flags = 0x41)
0   ... 
12  -O                                                                        (1 = 50.0%) {0.0%}
16  ... 
65  -O                                                                        (1 = 50.0%) {50.0%}
86  ... 

Histogram: V8.CompileScriptMicroSeconds.NoCache.InlineScript recorded 16 samples, mean = 99.4 (flags = 0x41)
0    ... 
12   -O                                                                        (1 = 6.2%) {0.0%}
16   -O                                                                        (1 = 6.2%) {6.2%}
21   -O                                                                        (1 = 6.2%) {12.5%}
28   -O                                                                        (1 = 6.2%) {18.8%}
37   --O                                                                       (2 = 12.5%) {25.0%}
49   ---O                                                                      (3 = 18.8%) {37.5%}
65   -O                                                                        (1 = 6.2%) {56.2%}
86   O                                                                         (0 = 0.0%) {62.5%}
113  --O                                                                       (2 = 12.5%) {62.5%}
149  ---O                                                                      (3 = 18.8%) {75.0%}
196  ... 
340  -O                                                                        (1 = 6.2%) {93.8%}
448  ... 

Histogram: V8.CompileScriptMicroSeconds.NoCache.Other recorded 6 samples, mean = 1078.2 (flags = 0x41)
0     ... 
86    --O                                                                       (2 = 33.3%) {0.0%}
113   -O                                                                        (1 = 16.7%) {33.3%}
149   ... 
258   -O                                                                        (1 = 16.7%) {50.0%}
340   ... 
777   -O                                                                        (1 = 16.7%) {66.7%}
1023  ... 
4053  -O                                                                        (1 = 16.7%) {83.3%}
5338  ... 

Histogram: V8.CompileScriptMicroSeconds.StreamingFinalization recorded 26 samples, mean = 47.2 (flags = 0x41)
0    ... 
5    -O                                                                        (1 = 3.8%) {0.0%}
7    -O                                                                        (1 = 3.8%) {3.8%}
9    -O                                                                        (1 = 3.8%) {7.7%}
12   ----O                                                                     (4 = 15.4%) {11.5%}
16   ----O                                                                     (4 = 15.4%) {26.9%}
21   -----O                                                                    (5 = 19.2%) {42.3%}
28   --------O                                                                 (8 = 30.8%) {61.5%}
37   -O                                                                        (1 = 3.8%) {92.3%}
49   ... 
590  -O                                                                        (1 = 3.8%) {96.2%}
777  ... 

Histogram: V8.ErrorsThrownPerContext recorded 1 samples, mean = 0.0 (flags = 0x41)
0  -O                                                                        (1 = 100.0%)
1  ... 

Histogram: V8.GC.Cycle.CollectionRate.Full recorded 1 samples, mean = 78.0 (flags = 0x41)
0   ... 
64  -O                                                                        (1 = 100.0%) {0.0%}
80  ... 

Histogram: V8.GC.Cycle.CollectionRate.Full.Cpp recorded 1 samples, mean = 42.0 (flags = 0x41)
0   ... 
41  -O                                                                        (1 = 100.0%) {0.0%}
51  ... 

Histogram: V8.GC.Cycle.CollectionRate.Young recorded 13 samples, mean = 36.3 (flags = 0x41)
0   ... 
17  --O                                                                       (2 = 15.4%) {0.0%}
21  -O                                                                        (1 = 7.7%) {15.4%}
26  -O                                                                        (1 = 7.7%) {23.1%}
33  -----O                                                                    (5 = 38.5%) {30.8%}
41  --O                                                                       (2 = 15.4%) {69.2%}
51  --O                                                                       (2 = 15.4%) {84.6%}
64  ... 

Histogram: V8.GC.Cycle.CollectionWeight.Full recorded 1 samples, mean = 0.0 (flags = 0x41)
0  -O                                                                        (1 = 100.0%)
1  ... 

Histogram: V8.GC.Cycle.CollectionWeight.Full.Cpp recorded 1 samples, mean = 0.0 (flags = 0x41)
0  -O                                                                        (1 = 100.0%)
1  ... 

Histogram: V8.GC.Cycle.CollectionWeight.MainThread.Full recorded 1 samples, mean = 0.0 (flags = 0x41)
0  -O                                                                        (1 = 100.0%)
1  ... 

Histogram: V8.GC.Cycle.CollectionWeight.MainThread.Full.Cpp recorded 1 samples, mean = 0.0 (flags = 0x41)
0  -O                                                                        (1 = 100.0%)
1  ... 

Histogram: V8.GC.Cycle.Efficiency.Full recorded 1 samples, mean = 23.0 (flags = 0x41)
0   ... 
19  -O                                                                        (1 = 100.0%) {0.0%}
26  ... 

Histogram: V8.GC.Cycle.Efficiency.Full.Cpp recorded 1 samples, mean = 103.0 (flags = 0x41)
0   ... 
88  -O                                                                        (1 = 100.0%) {0.0%}
120 ... 

Histogram: V8.GC.Cycle.Efficiency.MainThread.Full recorded 1 samples, mean = 73.0 (flags = 0x41)
0   ... 
65  -O                                                                        (1 = 100.0%) {0.0%}
88  ... 

Histogram: V8.GC.Cycle.Efficiency.MainThread.Full.Cpp recorded 1 samples, mean = 189.0 (flags = 0x41)
0    ... 
163  -O                                                                        (1 = 100.0%) {0.0%}
222  ... 

Histogram: V8.GC.Cycle.Efficiency.MainThread.Young recorded 13 samples, mean = 808.2 (flags = 0x41)
0     ... 
222   ---O                                                                      (3 = 23.1%) {0.0%}
302   O                                                                         (0 = 0.0%) {23.1%}
411   --O                                                                       (2 = 15.4%) {23.1%}
559   --O                                                                       (2 = 15.4%) {38.5%}
760   --O                                                                       (2 = 15.4%) {53.8%}
1034  -O                                                                        (1 = 7.7%) {69.2%}
1407  ---O                                                                      (3 = 23.1%) {76.9%}
1914  ... 

Histogram: V8.GC.Cycle.Efficiency.Young recorded 13 samples, mean = 470.7 (flags = 0x41)
0    ... 
120  -O                                                                        (1 = 7.7%) {0.0%}
163  -O                                                                        (1 = 7.7%) {7.7%}
222  --O                                                                       (2 = 15.4%) {15.4%}
302  --O                                                                       (2 = 15.4%) {30.8%}
411  ---O                                                                      (3 = 23.1%) {46.2%}
559  --O                                                                       (2 = 15.4%) {69.2%}
760  --O                                                                       (2 = 15.4%) {84.6%}
1034 ... 

Histogram: V8.GC.Cycle.Full recorded 1 samples, mean = 126.0 (flags = 0x41)
0    ... 
114  -O                                                                        (1 = 100.0%) {0.0%}
135  ... 

Histogram: V8.GC.Cycle.Full.Compact recorded 1 samples, mean = 46.0 (flags = 0x41)
0   ... 
40  -O                                                                        (1 = 100.0%) {0.0%}
48  ... 

Histogram: V8.GC.Cycle.Full.Compact.Cpp recorded 1 samples, mean = 7.0 (flags = 0x41)
0  ... 
7  -O                                                                        (1 = 100.0%) {0.0%}
8  ... 

Histogram: V8.GC.Cycle.Full.Cpp recorded 1 samples, mean = 56.0 (flags = 0x41)
0   ... 
48  -O                                                                        (1 = 100.0%) {0.0%}
57  ... 

Histogram: V8.GC.Cycle.Full.Mark recorded 1 samples, mean = 51.0 (flags = 0x41)
0   ... 
48  -O                                                                        (1 = 100.0%) {0.0%}
57  ... 

Histogram: V8.GC.Cycle.Full.Mark.Cpp recorded 1 samples, mean = 31.0 (flags = 0x41)
0   ... 
29  -O                                                                        (1 = 100.0%) {0.0%}
34  ... 

Histogram: V8.GC.Cycle.Full.Sweep recorded 1 samples, mean = 16.0 (flags = 0x41)
0   ... 
14  -O                                                                        (1 = 100.0%) {0.0%}
17  ... 

Histogram: V8.GC.Cycle.Full.Sweep.Cpp recorded 1 samples, mean = 16.0 (flags = 0x41)
0   ... 
14  -O                                                                        (1 = 100.0%) {0.0%}
17  ... 

Histogram: V8.GC.Cycle.Full.Weak recorded 1 samples, mean = 2.0 (flags = 0x41)
0  ... 
2  -O                                                                        (1 = 100.0%) {0.0%}
3  ... 

Histogram: V8.GC.Cycle.Full.Weak.Cpp recorded 1 samples, mean = 0.0 (flags = 0x41)
0  -O                                                                        (1 = 100.0%)
1  ... 

Histogram: V8.GC.Cycle.MainThread.Full recorded 1 samples, mean = 40.0 (flags = 0x41)
0   ... 
40  -O                                                                        (1 = 100.0%) {0.0%}
48  ... 

Histogram: V8.GC.Cycle.MainThread.Full.Atomic recorded 1 samples, mean = 29.0 (flags = 0x41)
0   ... 
29  -O                                                                        (1 = 100.0%) {0.0%}
34  ... 

Histogram: V8.GC.Cycle.MainThread.Full.Atomic.Compact recorded 1 samples, mean = 14.0 (flags = 0x41)
0   ... 
14  -O                                                                        (1 = 100.0%) {0.0%}
17  ... 

Histogram: V8.GC.Cycle.MainThread.Full.Atomic.Compact.Cpp recorded 1 samples, mean = 7.0 (flags = 0x41)
0  ... 
7  -O                                                                        (1 = 100.0%) {0.0%}
8  ... 

Histogram: V8.GC.Cycle.MainThread.Full.Atomic.Cpp recorded 1 samples, mean = 9.0 (flags = 0x41)
0  ... 
8  -O                                                                        (1 = 100.0%) {0.0%}
10 ... 

Histogram: V8.GC.Cycle.MainThread.Full.Atomic.Mark recorded 1 samples, mean = 0.0 (flags = 0x41)
0  -O                                                                        (1 = 100.0%)
1  ... 

Histogram: V8.GC.Cycle.MainThread.Full.Atomic.Mark.Cpp recorded 1 samples, mean = 0.0 (flags = 0x41)
0  -O                                                                        (1 = 100.0%)
1  ... 

Histogram: V8.GC.Cycle.MainThread.Full.Atomic.Sweep recorded 1 samples, mean = 2.0 (flags = 0x41)
0  ... 
2  -O                                                                        (1 = 100.0%) {0.0%}
3  ... 

Histogram: V8.GC.Cycle.MainThread.Full.Atomic.Sweep.Cpp recorded 1 samples, mean = 0.0 (flags = 0x41)
0  -O                                                                        (1 = 100.0%)
1  ... 

Histogram: V8.GC.Cycle.MainThread.Full.Atomic.Weak recorded 1 samples, mean = 2.0 (flags = 0x41)
0  ... 
2  -O                                                                        (1 = 100.0%) {0.0%}
3  ... 

Histogram: V8.GC.Cycle.MainThread.Full.Atomic.Weak.Cpp recorded 1 samples, mean = 0.0 (flags = 0x41)
0  -O                                                                        (1 = 100.0%)
1  ... 

Histogram: V8.GC.Cycle.MainThread.Full.Compact recorded 1 samples, mean = 14.0 (flags = 0x41)
0   ... 
14  -O                                                                        (1 = 100.0%) {0.0%}
17  ... 

Histogram: V8.GC.Cycle.MainThread.Full.Compact.Cpp recorded 1 samples, mean = 7.0 (flags = 0x41)
0  ... 
7  -O                                                                        (1 = 100.0%) {0.0%}
8  ... 

Histogram: V8.GC.Cycle.MainThread.Full.Cpp recorded 1 samples, mean = 31.0 (flags = 0x41)
0   ... 
29  -O                                                                        (1 = 100.0%) {0.0%}
34  ... 

Histogram: V8.GC.Cycle.MainThread.Full.Incremental.Mark recorded 1 samples, mean = 10.0 (flags = 0x41)
0   ... 
10  -O                                                                        (1 = 100.0%) {0.0%}
12  ... 

Histogram: V8.GC.Cycle.MainThread.Full.Incremental.Mark.Cpp recorded 1 samples, mean = 6.0 (flags = 0x41)
0  ... 
6  -O                                                                        (1 = 100.0%) {0.0%}
7  ... 

Histogram: V8.GC.Cycle.MainThread.Full.Incremental.Mark.StartStop recorded 1 samples, mean = 17.0 (flags = 0x41)
0   ... 
17  -O                                                                        (1 = 100.0%) {0.0%}
20  ... 

Histogram: V8.GC.Cycle.MainThread.Full.Incremental.Sweep recorded 1 samples, mean = 0.0 (flags = 0x41)
0  -O                                                                        (1 = 100.0%)
1  ... 

Histogram: V8.GC.Cycle.MainThread.Full.Incremental.Sweep.Cpp recorded 1 samples, mean = 14.0 (flags = 0x41)
0   ... 
14  -O                                                                        (1 = 100.0%) {0.0%}
17  ... 

Histogram: V8.GC.Cycle.MainThread.Full.Mark recorded 1 samples, mean = 10.0 (flags = 0x41)
0   ... 
10  -O                                                                        (1 = 100.0%) {0.0%}
12  ... 

Histogram: V8.GC.Cycle.MainThread.Full.Mark.Cpp recorded 1 samples, mean = 6.0 (flags = 0x41)
0  ... 
6  -O                                                                        (1 = 100.0%) {0.0%}
7  ... 

Histogram: V8.GC.Cycle.MainThread.Full.Sweep recorded 1 samples, mean = 2.0 (flags = 0x41)
0  ... 
2  -O                                                                        (1 = 100.0%) {0.0%}
3  ... 

Histogram: V8.GC.Cycle.MainThread.Full.Sweep.Cpp recorded 1 samples, mean = 15.0 (flags = 0x41)
0   ... 
14  -O                                                                        (1 = 100.0%) {0.0%}
17  ... 

Histogram: V8.GC.Cycle.MainThread.Full.Weak recorded 1 samples, mean = 2.0 (flags = 0x41)
0  ... 
2  -O                                                                        (1 = 100.0%) {0.0%}
3  ... 

Histogram: V8.GC.Cycle.MainThread.Full.Weak.Cpp recorded 1 samples, mean = 0.0 (flags = 0x41)
0  -O                                                                        (1 = 100.0%)
1  ... 

Histogram: V8.GC.Cycle.MainThread.Young recorded 13 samples, mean = 0.8 (flags = 0x41)
0  ----O                                                                     (4 = 30.8%)
1  --------O                                                                 (8 = 61.5%) {30.8%}
2  -O                                                                        (1 = 7.7%) {92.3%}
3  ... 

Histogram: V8.GC.Cycle.Memory.Freed.Full recorded 1 samples, mean = 4036.0 (flags = 0x41)
0     ... 
3542  -O                                                                        (1 = 100.0%) {0.0%}
4818  ... 

Histogram: V8.GC.Cycle.Memory.Freed.Full.Cpp recorded 1 samples, mean = 5888.0 (flags = 0x41)
0     ... 
4818  -O                                                                        (1 = 100.0%) {0.0%}
6554  ... 

Histogram: V8.GC.Cycle.Objects.After.Full recorded 1 samples, mean = 10654.0 (flags = 0x41)
0     ... 
8915  -O                                                                        (1 = 100.0%) {0.0%}
12127 ... 

Histogram: V8.GC.Cycle.Objects.After.Full.Cpp recorded 1 samples, mean = 4348.0 (flags = 0x41)
0     ... 
3542  -O                                                                        (1 = 100.0%) {0.0%}
4818  ... 

Histogram: V8.GC.Cycle.Objects.Before.Full recorded 1 samples, mean = 13600.0 (flags = 0x41)
0      ... 
12127  -O                                                                        (1 = 100.0%) {0.0%}
16496  ... 

Histogram: V8.GC.Cycle.Objects.Before.Full.Cpp recorded 1 samples, mean = 10241.0 (flags = 0x41)
0     ... 
8915  -O                                                                        (1 = 100.0%) {0.0%}
12127 ... 

Histogram: V8.GC.Cycle.Objects.Freed.Full recorded 1 samples, mean = 2946.0 (flags = 0x41)
0     ... 
2604  -O                                                                        (1 = 100.0%) {0.0%}
3542  ... 

Histogram: V8.GC.Cycle.Objects.Freed.Full.Cpp recorded 1 samples, mean = 5892.0 (flags = 0x41)
0     ... 
4818  -O                                                                        (1 = 100.0%) {0.0%}
6554  ... 

Histogram: V8.GC.Cycle.Reason.Full recorded 1 samples, mean = 9.0 (flags = 0x41)
0  ... 
9  -O                                                                        (1 = 100.0%) {0.0%}
10 ... 

Histogram: V8.GC.Cycle.Reason.Young recorded 13 samples, mean = 1.0 (flags = 0x41)
0  O                                                                         (0 = 0.0%)
1  -------------O                                                            (13 = 100.0%) {0.0%}
2  ... 

Histogram: V8.GC.Cycle.Young recorded 13 samples, mean = 1.4 (flags = 0x41)
0  --O                                                                       (2 = 15.4%)
1  ----O                                                                     (4 = 30.8%) {15.4%}
2  -------O                                                                  (7 = 53.8%) {46.2%}
3  ... 

Histogram: V8.GC.Event.MainThread.Full.Finalize.Incremental.ReduceMemory recorded 2 samples, mean = 20.0 (flags = 0x41)
0   ... 
10  -O                                                                        (1 = 50.0%) {0.0%}
12  ... 
29  -O                                                                        (1 = 50.0%) {50.0%}
34  ... 

Histogram: V8.GC.Event.MainThread.Full.Finalize.Incremental.ReduceMemory.Foreground recorded 2 samples, mean = 20.0 (flags = 0x41)
0   ... 
10  -O                                                                        (1 = 50.0%) {0.0%}
12  ... 
29  -O                                                                        (1 = 50.0%) {50.0%}
34  ... 

Histogram: V8.GC.Event.MainThread.Full.Incremental.Mark recorded 36 samples, mean = 0.0 (flags = 0x41)
0  -----------------------------------O                                      (35 = 97.2%)
1  -O                                                                        (1 = 2.8%) {97.2%}
2  ... 

Histogram: V8.GC.Event.MainThread.Full.Incremental.Mark.Cpp recorded 37 samples, mean = 0.1 (flags = 0x41)
0  --------------------------------O                                         (32 = 86.5%)
1  -----O                                                                    (5 = 13.5%) {86.5%}
2  ... 

Histogram: V8.GC.Event.MainThread.Full.Incremental.Sweep.Cpp recorded 3 samples, mean = 4.3 (flags = 0x41)
0  -O                                                                        (1 = 33.3%)
1  ... 
6  -O                                                                        (1 = 33.3%) {33.3%}
7  -O                                                                        (1 = 33.3%) {66.7%}
8  ... 

Histogram: V8.GC.TimeToSafepoint recorded 17 samples, mean = 3.5 (flags = 0x41)
0   O                                                                         (0 = 0.0%)
1   ------O                                                                   (6 = 35.3%) {0.0%}
2   --------O                                                                 (8 = 47.1%) {35.3%}
3   O                                                                         (0 = 0.0%) {82.4%}
4   -O                                                                        (1 = 5.9%) {82.4%}
6   -O                                                                        (1 = 5.9%) {88.2%}
8   ... 
21  -O                                                                        (1 = 5.9%) {94.1%}
29  ... 

Histogram: V8.GCIncrementalMarking recorded 47 samples, mean = 0.1 (flags = 0x41)
0  ------------------------------------------O                               (42 = 89.4%)
1  ----O                                                                     (4 = 8.5%) {89.4%}
2  -O                                                                        (1 = 2.1%) {97.9%}
3  ... 

Histogram: V8.GCIncrementalMarkingReason recorded 2 samples, mean = 17.0 (flags = 0x41)
0   ... 
17  --O                                                                       (2 = 100.0%) {0.0%}
18  ... 

Histogram: V8.GCIncrementalMarkingStart recorded 2 samples, mean = 3.5 (flags = 0x41)
0  O                                                                         (0 = 0.0%)
1  -O                                                                        (1 = 50.0%) {0.0%}
2  ... 
6  -O                                                                        (1 = 50.0%) {50.0%}
7  ... 

Histogram: V8.GCMarkCompactReason recorded 1 samples, mean = 9.0 (flags = 0x41)
0  ... 
9  -O                                                                        (1 = 100.0%) {0.0%}
10 ... 

Histogram: V8.GCScavenger.ScavengeMain recorded 13 samples, mean = 0.1 (flags = 0x41)
0  ------------O                                                             (12 = 92.3%)
1  -O                                                                        (1 = 7.7%) {92.3%}
2  ... 

Histogram: V8.GCScavenger.ScavengeRoots recorded 13 samples, mean = 0.0 (flags = 0x41)
0  -------------O                                                            (13 = 100.0%)
1  ... 

Histogram: V8.JSDispatchTableEntriesCount recorded 2 samples, mean = 0.0 (flags = 0x41)
0  --O                                                                       (2 = 100.0%)
1  ... 

Histogram: V8.LocalWindowProxy.CreateContextTime recorded 4 samples, mean = 4.8 (flags = 0x41)
0   O                                                                         (0 = 0.0%)
1   -O                                                                        (1 = 25.0%) {0.0%}
2   -O                                                                        (1 = 25.0%) {25.0%}
3   -O                                                                        (1 = 25.0%) {50.0%}
4   ... 
12  -O                                                                        (1 = 25.0%) {75.0%}
14  ... 

Histogram: V8.LocalWindowProxy.InitializeTime recorded 4 samples, mean = 6.8 (flags = 0x41)
0   ... 
2   --O                                                                       (2 = 50.0%) {0.0%}
3   ... 
6   -O                                                                        (1 = 25.0%) {50.0%}
7   ... 
17  -O                                                                        (1 = 25.0%) {75.0%}
20  ... 

Histogram: V8.MaglevOptimizeExecute recorded 114 samples, mean = 936.9 (flags = 0x41)
0      ... 
31     -O                                                                        (1 = 0.9%) {0.0%}
39     ... 
76     -O                                                                        (1 = 0.9%) {0.9%}
95     -O                                                                        (1 = 0.9%) {1.8%}
119    ----O                                                                     (4 = 3.5%) {2.6%}
149    ------O                                                                   (6 = 5.3%) {6.1%}
186    -----O                                                                    (5 = 4.4%) {11.4%}
233    ---------O                                                                (9 = 7.9%) {15.8%}
292    --------------O                                                           (14 = 12.3%) {23.7%}
365    ------------O                                                             (12 = 10.5%) {36.0%}
457    ------------O                                                             (12 = 10.5%) {46.5%}
572    -------------------O                                                      (19 = 16.7%) {57.0%}
716    ----------O                                                               (10 = 8.8%) {73.7%}
896    ----O                                                                     (4 = 3.5%) {82.5%}
1122   -------O                                                                  (7 = 6.1%) {86.0%}
1404   ---O                                                                      (3 = 2.6%) {92.1%}
1757   O                                                                         (0 = 0.0%) {94.7%}
2199   -O                                                                        (1 = 0.9%) {94.7%}
2753   -O                                                                        (1 = 0.9%) {95.6%}
3446   -O                                                                        (1 = 0.9%) {96.5%}
4313   ... 
8459   -O                                                                        (1 = 0.9%) {97.4%}
10589  -O                                                                        (1 = 0.9%) {98.2%}
13255  O                                                                         (0 = 0.0%) {99.1%}
16592  -O                                                                        (1 = 0.9%) {99.1%}
20769  ... 

Histogram: V8.MaglevOptimizeFinalize recorded 114 samples, mean = 15.5 (flags = 0x41)
0   --O                                                                       (2 = 1.8%)
1   ------O                                                                   (6 = 5.3%) {1.8%}
2   -----O                                                                    (5 = 4.4%) {7.0%}
3   --O                                                                       (2 = 1.8%) {11.4%}
4   ----O                                                                     (4 = 3.5%) {13.2%}
5   ---O                                                                      (3 = 2.6%) {16.7%}
6   ----------O                                                               (10 = 8.8%) {19.3%}
8   --------------O                                                           (14 = 12.3%) {28.1%}
10  --------O                                                                 (8 = 7.0%) {40.4%}
13  ----------------O                                                         (16 = 14.0%) {47.4%}
16  ------------O                                                             (12 = 10.5%) {61.4%}
20  ------------O                                                             (12 = 10.5%) {71.9%}
25  -------------O                                                            (13 = 11.4%) {82.5%}
31  O                                                                         (0 = 0.0%) {93.9%}
39  -O                                                                        (1 = 0.9%) {93.9%}
49  ----O                                                                     (4 = 3.5%) {94.7%}
61  -O                                                                        (1 = 0.9%) {98.2%}
76  -O                                                                        (1 = 0.9%) {99.1%}
95  ... 

Histogram: V8.MaglevOptimizePrepare recorded 114 samples, mean = 0.3 (flags = 0x41)
0  ------------------------------------------------------------------------O (86 = 75.4%)
1  -----------------------O                                                  (27 = 23.7%) {75.4%}
2  ... 
8  -O                                                                        (1 = 0.9%) {99.1%}
10 ... 

Histogram: V8.MaglevOptimizeTotalTime recorded 114 samples, mean = 5101.9 (flags = 0x41)
0       ... 
37      -O                                                                        (1 = 0.9%) {0.0%}
49      ... 
149     --O                                                                       (2 = 1.8%) {0.9%}
196     ------O                                                                   (6 = 5.3%) {2.6%}
258     -------O                                                                  (7 = 6.1%) {7.9%}
340     -------------------O                                                      (19 = 16.7%) {14.0%}
448     --------------O                                                           (14 = 12.3%) {30.7%}
590     ---------------------O                                                    (21 = 18.4%) {43.0%}
777     -----------O                                                              (11 = 9.6%) {61.4%}
1023    --------O                                                                 (8 = 7.0%) {71.1%}
1347    ---------O                                                                (9 = 7.9%) {78.1%}
1774    ----O                                                                     (4 = 3.5%) {86.0%}
2336    ---O                                                                      (3 = 2.6%) {89.5%}
3077    -O                                                                        (1 = 0.9%) {92.1%}
4053    O                                                                         (0 = 0.0%) {93.0%}
5338    -O                                                                        (1 = 0.9%) {93.0%}
7031    -O                                                                        (1 = 0.9%) {93.9%}
9260    O                                                                         (0 = 0.0%) {94.7%}
12196   -O                                                                        (1 = 0.9%) {94.7%}
16063   O                                                                         (0 = 0.0%) {95.6%}
21156   -O                                                                        (1 = 0.9%) {95.6%}
27864   -O                                                                        (1 = 0.9%) {96.5%}
36699   ... 
110434  ---O                                                                      (3 = 2.6%) {97.4%}
145450  ... 

Histogram: V8.MemoryExternalFragmentationCodeSpace recorded 15 samples, mean = 50.3 (flags = 0x41)
0   ... 
6   -O                                                                        (1 = 6.7%) {0.0%}
7   ... 
26  --O                                                                       (2 = 13.3%) {6.7%}
27  ... 
32  -O                                                                        (1 = 6.7%) {20.0%}
33  O                                                                         (0 = 0.0%) {26.7%}
34  -O                                                                        (1 = 6.7%) {26.7%}
35  -O                                                                        (1 = 6.7%) {33.3%}
36  ... 
44  -O                                                                        (1 = 6.7%) {40.0%}
45  ... 
57  -O                                                                        (1 = 6.7%) {46.7%}
58  ... 
60  -O                                                                        (1 = 6.7%) {53.3%}
61  ... 
65  -O                                                                        (1 = 6.7%) {60.0%}
66  -O                                                                        (1 = 6.7%) {66.7%}
67  O                                                                         (0 = 0.0%) {73.3%}
68  -O                                                                        (1 = 6.7%) {73.3%}
69  O                                                                         (0 = 0.0%) {80.0%}
70  -O                                                                        (1 = 6.7%) {80.0%}
71  ... 
74  -O                                                                        (1 = 6.7%) {86.7%}
75  ... 
92  -O                                                                        (1 = 6.7%) {93.3%}
93  ... 

Histogram: V8.MemoryExternalFragmentationLoSpace recorded 15 samples, mean = 1.0 (flags = 0x41)
0  O                                                                         (0 = 0.0%)
1  ---------------O                                                          (15 = 100.0%) {0.0%}
2  ... 

Histogram: V8.MemoryExternalFragmentationOldSpace recorded 15 samples, mean = 8.3 (flags = 0x41)
0   ... 
3   -O                                                                        (1 = 6.7%) {0.0%}
4   --O                                                                       (2 = 13.3%) {6.7%}
5   -----O                                                                    (5 = 33.3%) {20.0%}
6   --O                                                                       (2 = 13.3%) {53.3%}
7   --O                                                                       (2 = 13.3%) {66.7%}
8   ... 
11  -O                                                                        (1 = 6.7%) {80.0%}
12  ... 
17  -O                                                                        (1 = 6.7%) {86.7%}
18  ... 
35  -O                                                                        (1 = 6.7%) {93.3%}
36  ... 

Histogram: V8.MemoryExternalFragmentationTotal recorded 15 samples, mean = 31.0 (flags = 0x41)
0   ... 
14  -O                                                                        (1 = 6.7%) {0.0%}
15  ... 
24  --O                                                                       (2 = 13.3%) {6.7%}
25  -O                                                                        (1 = 6.7%) {20.0%}
26  O                                                                         (0 = 0.0%) {26.7%}
27  -O                                                                        (1 = 6.7%) {26.7%}
28  ... 
30  -O                                                                        (1 = 6.7%) {33.3%}
31  O                                                                         (0 = 0.0%) {40.0%}
32  ---O                                                                      (3 = 20.0%) {40.0%}
33  O                                                                         (0 = 0.0%) {60.0%}
34  --O                                                                       (2 = 13.3%) {60.0%}
35  -O                                                                        (1 = 6.7%) {73.3%}
36  O                                                                         (0 = 0.0%) {80.0%}
37  -O                                                                        (1 = 6.7%) {80.0%}
38  -O                                                                        (1 = 6.7%) {86.7%}
39  ... 
47  -O                                                                        (1 = 6.7%) {93.3%}
48  ... 

Histogram: V8.MemoryHeapSampleCodeSpaceCommitted recorded 15 samples, mean = 887.5 (flags = 0x41)
0     ----------O                                                               (10 = 66.7%)
1000  --O                                                                       (2 = 13.3%) {66.7%}
1138  -O                                                                        (1 = 6.7%) {80.0%}
1295  ... 
1678  --O                                                                       (2 = 13.3%) {86.7%}
1910  ... 

Histogram: V8.MemoryHeapSampleMaximumCommitted recorded 15 samples, mean = 11552.0 (flags = 0x41)
0      ... 
4727   --O                                                                       (2 = 13.3%) {0.0%}
5380   ... 
6971   -O                                                                        (1 = 6.7%) {13.3%}
7935   --O                                                                       (2 = 13.3%) {20.0%}
9032   ---O                                                                      (3 = 20.0%) {33.3%}
10281  -O                                                                        (1 = 6.7%) {53.3%}
11702  O                                                                         (0 = 0.0%) {60.0%}
13320  -O                                                                        (1 = 6.7%) {60.0%}
15161  --O                                                                       (2 = 13.3%) {66.7%}
17257  ---O                                                                      (3 = 20.0%) {80.0%}
19642  ... 

Histogram: V8.MemoryHeapSampleTotalCommitted recorded 15 samples, mean = 10843.2 (flags = 0x41)
0      ... 
4727   --O                                                                       (2 = 13.3%) {0.0%}
5380   ... 
6971   --O                                                                       (2 = 13.3%) {13.3%}
7935   -O                                                                        (1 = 6.7%) {26.7%}
9032   ---O                                                                      (3 = 20.0%) {33.3%}
10281  -O                                                                        (1 = 6.7%) {53.3%}
11702  -O                                                                        (1 = 6.7%) {60.0%}
13320  --O                                                                       (2 = 13.3%) {66.7%}
15161  --O                                                                       (2 = 13.3%) {80.0%}
17257  -O                                                                        (1 = 6.7%) {93.3%}
19642  ... 

Histogram: V8.MemoryHeapSampleTotalUsed recorded 15 samples, mean = 7517.4 (flags = 0x41)
0      ... 
2475   -O                                                                        (1 = 6.7%) {0.0%}
2817   O                                                                         (0 = 0.0%) {6.7%}
3206   -O                                                                        (1 = 6.7%) {6.7%}
3649   O                                                                         (0 = 0.0%) {13.3%}
4153   -O                                                                        (1 = 6.7%) {13.3%}
4727   O                                                                         (0 = 0.0%) {20.0%}
5380   --O                                                                       (2 = 13.3%) {20.0%}
6124   ---O                                                                      (3 = 20.0%) {33.3%}
6971   -O                                                                        (1 = 6.7%) {53.3%}
7935   -O                                                                        (1 = 6.7%) {60.0%}
9032   -O                                                                        (1 = 6.7%) {66.7%}
10281  ---O                                                                      (3 = 20.0%) {73.3%}
11702  -O                                                                        (1 = 6.7%) {93.3%}
13320  ... 

Histogram: V8.RegExpBacktracks recorded 261 samples, mean = 1.7 (flags = 0x41)
0    ------O                                                                   (19 = 7.3%)
1    ------------------------------------------------------------------------O (228 = 87.4%) {7.3%}
2    --O                                                                       (5 = 1.9%) {94.6%}
3    -O                                                                        (4 = 1.5%) {96.6%}
4    -O                                                                        (3 = 1.1%) {98.1%}
6    O                                                                         (0 = 0.0%) {99.2%}
9    O                                                                         (1 = 0.4%) {99.2%}
13   ... 
127  O                                                                         (1 = 0.4%) {99.6%}
185  ... 

Histogram: V8.SandboxedCodePointersCount recorded 2 samples, mean = 1034.5 (flags = 0x41)
0    ... 
977  --O                                                                       (2 = 100.0%) {0.0%}
1136 ... 

Histogram: V8.SandboxedCppHeapPointersCount recorded 2 samples, mean = 4249.0 (flags = 0x41)
0     ... 
269   -O                                                                        (1 = 50.0%) {0.0%}
320   ... 
7152  -O                                                                        (1 = 50.0%) {50.0%}
8499  ... 

Histogram: V8.SandboxedExternalPointersCount recorded 17 samples, mean = 1739.2 (flags = 0x41)
0      -----O                                                                    (5 = 29.4%)
1      ... 
20     -O                                                                        (1 = 5.9%) {29.4%}
24     --O                                                                       (2 = 11.8%) {35.3%}
29     ... 
48     --O                                                                       (2 = 11.8%) {47.1%}
57     O                                                                         (0 = 0.0%) {58.8%}
68     -O                                                                        (1 = 5.9%) {58.8%}
81     ... 
452    --O                                                                       (2 = 11.8%) {64.7%}
537    ... 
758    -O                                                                        (1 = 5.9%) {76.5%}
901    ... 
1513   -O                                                                        (1 = 5.9%) {82.4%}
1798   ... 
12002  --O                                                                       (2 = 11.8%) {88.2%}
14263  ... 

Histogram: V8.SandboxedTrustedPointersCount recorded 2 samples, mean = 3789.0 (flags = 0x41)
0     ... 
3267  --O                                                                       (2 = 100.0%) {0.0%}
3799  ... 

Histogram: V8.SnapshotDeserializeContextMicroSeconds recorded 6 samples, mean = 928.8 (flags = 0x41)
0     ... 
340   -O                                                                        (1 = 16.7%) {0.0%}
448   O                                                                         (0 = 0.0%) {16.7%}
590   --O                                                                       (2 = 33.3%) {16.7%}
777   -O                                                                        (1 = 16.7%) {50.0%}
1023  -O                                                                        (1 = 16.7%) {66.7%}
1347  O                                                                         (0 = 0.0%) {83.3%}
1774  -O                                                                        (1 = 16.7%) {83.3%}
2336  ... 

Histogram: V8.TurboFan1KTicks recorded 6 samples, mean = 39.0 (flags = 0x41)
0    O                                                                         (0 = 0.0%)
1    --O                                                                       (2 = 33.3%) {0.0%}
2    -O                                                                        (1 = 16.7%) {33.3%}
3    ... 
5    -O                                                                        (1 = 16.7%) {50.0%}
6    ... 
45   -O                                                                        (1 = 16.7%) {66.7%}
47   ... 
172  -O                                                                        (1 = 16.7%) {83.3%}
180  ... 

Histogram: V8.TurboFanOptimizeConcurrentTotalTime recorded 5 samples, mean = 8780.6 (flags = 0x41)
0      ... 
2008   --O                                                                       (2 = 40.0%) {0.0%}
2786   --O                                                                       (2 = 40.0%) {40.0%}
3865   ... 
27562  -O                                                                        (1 = 20.0%) {80.0%}
38240  ... 

Histogram: V8.TurboFanOptimizeExecute recorded 5 samples, mean = 6724.8 (flags = 0x41)
0      ... 
1774   ----O                                                                     (4 = 80.0%) {0.0%}
2336   ... 
21156  -O                                                                        (1 = 20.0%) {80.0%}
27864  ... 

Histogram: V8.TurboFanOptimizeFinalize recorded 5 samples, mean = 58.8 (flags = 0x41)
0   ... 
9   -O                                                                        (1 = 20.0%) {0.0%}
12  ... 
37  -O                                                                        (1 = 20.0%) {20.0%}
49  O                                                                         (0 = 0.0%) {40.0%}
65  --O                                                                       (2 = 40.0%) {40.0%}
86  -O                                                                        (1 = 20.0%) {80.0%}
113 ... 

Histogram: V8.TurboFanOptimizeForOnStackReplacementExecute recorded 1 samples, mean = 206300.0 (flags = 0x41)
0       ... 
191569  -O                                                                        (1 = 100.0%) {0.0%}
252312  ... 

Histogram: V8.TurboFanOptimizeForOnStackReplacementFinalize recorded 1 samples, mean = 195.0 (flags = 0x41)
0    ... 
149  -O                                                                        (1 = 100.0%) {0.0%}
196  ... 

Histogram: V8.TurboFanOptimizeForOnStackReplacementPrepare recorded 1 samples, mean = 16.0 (flags = 0x41)
0   ... 
16  -O                                                                        (1 = 100.0%) {0.0%}
21  ... 

Histogram: V8.TurboFanOptimizeForOnStackReplacementTotalTime recorded 1 samples, mean = 222209.0 (flags = 0x41)
0       ... 
196583  -O                                                                        (1 = 100.0%) {0.0%}
272741  ... 

Histogram: V8.TurboFanOptimizePrepare recorded 5 samples, mean = 98.8 (flags = 0x41)
0    ... 
21   --O                                                                       (2 = 40.0%) {0.0%}
28   O                                                                         (0 = 0.0%) {40.0%}
37   --O                                                                       (2 = 40.0%) {40.0%}
49   ... 
340  -O                                                                        (1 = 20.0%) {80.0%}
448  ... 

Histogram: V8.TurboFanOptimizeTotalBackground recorded 5 samples, mean = 6724.8 (flags = 0x41)
0      ... 
2008   ----O                                                                     (4 = 80.0%) {0.0%}
2786   ... 
19866  -O                                                                        (1 = 20.0%) {80.0%}
27562  ... 

Histogram: V8.TurboFanOptimizeTotalForeground recorded 5 samples, mean = 157.6 (flags = 0x41)
0    ... 
40   -O                                                                        (1 = 20.0%) {0.0%}
55   -O                                                                        (1 = 20.0%) {20.0%}
76   -O                                                                        (1 = 20.0%) {40.0%}
105  -O                                                                        (1 = 20.0%) {60.0%}
146  ... 
391  -O                                                                        (1 = 20.0%) {80.0%}
542  ... 

Histogram: V8.TurboFanOptimizeTotalTime recorded 5 samples, mean = 8780.6 (flags = 0x41)
0      ... 
2008   --O                                                                       (2 = 40.0%) {0.0%}
2786   --O                                                                       (2 = 40.0%) {40.0%}
3865   ... 
27562  -O                                                                        (1 = 20.0%) {80.0%}
38240  ... 

Histogram: Variations.ExtendedSafeMode.BeaconFileDeserializationError recorded 1 samples (flags = 0x41)
1003  -O                                                                        (1 = 100.0%)

Histogram: Variations.ExtendedSafeMode.BeaconFileStateAtStartup recorded 1 samples, mean = 1.0 (flags = 0x41)
0  O                                                                         (0 = 0.0%)
1  -O                                                                        (1 = 100.0%) {0.0%}
2  ... 

Histogram: Variations.ExtendedSafeMode.BeaconFileWrite recorded 2 samples, mean = 1.0 (flags = 0x41)
0  O                                                                         (0 = 0.0%)
1  --O                                                                       (2 = 100.0%) {0.0%}
2  O                                                                         (0 = 0.0%) {100.0%}

Histogram: Variations.ForcedFieldTrialsAtStartupForInternalsPage recorded 1 samples, mean = 0.0 (flags = 0x41)
0  -O                                                                        (1 = 100.0%)
1  ... 

Histogram: Variations.Headers.ExperimentCount recorded 92 samples, mean = 1.0 (flags = 0x41)
0  O                                                                         (0 = 0.0%)
1  ------------------------------------------------------------------------O (92 = 100.0%) {0.0%}
2  ... 

Histogram: Variations.Headers.HasLowEntropySourceValue recorded 92 samples, mean = 1.0 (flags = 0x41)
0  O                                                                         (0 = 0.0%)
1  ------------------------------------------------------------------------O (92 = 100.0%) {0.0%}
2  O                                                                         (0 = 0.0%) {100.0%}

Histogram: Variations.Headers.RequestContextCategory recorded 54 samples, mean = 3.9 (flags = 0x41)
0  --O                                                                       (2 = 3.7%)
1  ... 
4  ----------------------------------------------------O                     (52 = 96.3%) {3.7%}
5  ... 

Histogram: Variations.Headers.URLValidationResult.Append recorded 54 samples, mean = 2.0 (flags = 0x41)
0  ... 
2  -----------------------------------------------------O                    (53 = 98.1%) {0.0%}
3  -O                                                                        (1 = 1.9%) {98.1%}
4  ... 

Histogram: Variations.Headers.URLValidationResult.Remove recorded 3 samples, mean = 2.0 (flags = 0x41)
0  ... 
2  ---O                                                                      (3 = 100.0%) {0.0%}
3  ... 

Histogram: Variations.Limits.VariationKeySize.Default recorded 23 samples, mean = 0.0 (flags = 0x41)
0  -----------------------O                                                  (23 = 100.0%)
1  ... 

Histogram: Variations.LoadPermanentConsistencyCountryResult recorded 1 samples, mean = 0.0 (flags = 0x41)
0  -O                                                                        (1 = 100.0%)
1  ... 

Histogram: Variations.PolicyRestriction recorded 1 samples, mean = 0.0 (flags = 0x41)
0  -O                                                                        (1 = 100.0%)
1  ... 

Histogram: Variations.SafeMode.Streak.Crashes recorded 1 samples (flags = 0x41)
0  -O                                                                        (1 = 100.0%)

Histogram: Variations.SafeMode.Streak.FetchFailures recorded 1 samples (flags = 0x41)
0  -O                                                                        (1 = 100.0%)

Histogram: Variations.SeedLoadResult recorded 1 samples, mean = 1.0 (flags = 0x41)
0  O                                                                         (0 = 0.0%)
1  -O                                                                        (1 = 100.0%) {0.0%}
2  ... 

Histogram: Variations.SeedUsage recorded 1 samples, mean = 2.0 (flags = 0x41)
0  ... 
2  -O                                                                        (1 = 100.0%) {0.0%}
3  ... 

Histogram: Variations.UserChannel recorded 1 samples (flags = 0x41)
-1 -O                                                                        (1 = 100.0%)

Histogram: Views.Browser.NumColorProvidersInitializedDuringOnNativeThemeUpdated recorded 3 samples, mean = 0.0 (flags = 0x41)
0  ---O                                                                      (3 = 100.0%)
1  ... 

Histogram: Views.Browser.TimeSpentInitializingColorProvider recorded 3 samples, mean = 1.3 (flags = 0x41)
0  O                                                                         (0 = 0.0%)
1  --O                                                                       (2 = 66.7%) {0.0%}
2  -O                                                                        (1 = 33.3%) {66.7%}
3  ... 

Histogram: Views.Browser.TimeSpentProcessingOnNativeThemeUpdatedEvent recorded 3 samples, mean = 0.0 (flags = 0x41)
0  ---O                                                                      (3 = 100.0%)
1  ... 

Histogram: Views.ColorProviderCacheSize recorded 3 samples, mean = 2.0 (flags = 0x41)
0  O                                                                         (0 = 0.0%)
1  -O                                                                        (1 = 33.3%) {0.0%}
2  -O                                                                        (1 = 33.3%) {33.3%}
3  -O                                                                        (1 = 33.3%) {66.7%}
4  ... 

Histogram: Viz.FrameSink.GpuBusyDuration recorded 1 samples, mean = 41974.0 (flags = 0x41)
0      ... 
39071  -O                                                                        (1 = 100.0%) {0.0%}
45259  ... 

Histogram: Viz.FrameSinkVideoCapturer.CaptureDuration recorded 3 samples, mean = 14.7 (flags = 0x41)
0   ... 
5   -O                                                                        (1 = 33.3%) {0.0%}
6   ... 
8   -O                                                                        (1 = 33.3%) {33.3%}
9   ... 
29  -O                                                                        (1 = 33.3%) {66.7%}
33  ... 

Histogram: Viz.FrameSinkVideoCapturer.CaptureSucceeded recorded 3 samples, mean = 1.0 (flags = 0x41)
0  O                                                                         (0 = 0.0%)
1  ---O                                                                      (3 = 100.0%) {0.0%}
2  O                                                                         (0 = 0.0%) {100.0%}

Histogram: Viz.FrameSinkVideoCapturer.FrameResurrected recorded 3 samples, mean = 0.0 (flags = 0x41)
0  ---O                                                                      (3 = 100.0%)
1  ... 

Histogram: Viz.FrameSinkVideoCapturer.RGBA.CaptureDuration recorded 3 samples, mean = 14.7 (flags = 0x41)
0   ... 
5   -O                                                                        (1 = 33.3%) {0.0%}
6   ... 
8   -O                                                                        (1 = 33.3%) {33.3%}
9   ... 
29  -O                                                                        (1 = 33.3%) {66.7%}
33  ... 

Histogram: Viz.FrameSinkVideoCapturer.RGBA.CaptureSucceeded recorded 3 samples, mean = 1.0 (flags = 0x41)
0  O                                                                         (0 = 0.0%)
1  ---O                                                                      (3 = 100.0%) {0.0%}
2  O                                                                         (0 = 0.0%) {100.0%}

Histogram: Viz.FrameSinkVideoCapturer.ReserveFrameDuration recorded 3 samples, mean = 2.7 (flags = 0x41)
0  --O                                                                       (2 = 66.7%)
1  ... 
8  -O                                                                        (1 = 33.3%) {66.7%}
9  ... 

Histogram: Viz.FrameSinkVideoCapturer.TotalDuration recorded 3 samples, mean = 14.7 (flags = 0x41)
0   ... 
5   -O                                                                        (1 = 33.3%) {0.0%}
6   ... 
8   -O                                                                        (1 = 33.3%) {33.3%}
9   ... 
29  -O                                                                        (1 = 33.3%) {66.7%}
33  ... 

Histogram: WebApp.DiyAppsInstalledCount.ByUser recorded 1 samples, mean = 0.0 (flags = 0x41)
0  -O                                                                        (1 = 100.0%)
1  ... 

Histogram: WebApp.GeneratedIconFix.StartUpAttemptCount recorded 1 samples, mean = 0.0 (flags = 0x41)
0  -O                                                                        (1 = 100.0%)
1  ... 

Histogram: WebApp.Icon.AppsWithEmptyDownloadedIconSizes recorded 1 samples, mean = 0.0 (flags = 0x41)
0  -O                                                                        (1 = 100.0%)
1  ... 

Histogram: WebApp.Icon.AppsWithEmptyIconBitmap recorded 1 samples, mean = 0.0 (flags = 0x41)
0  -O                                                                        (1 = 100.0%)
1  ... 

Histogram: WebApp.Icon.AppsWithEmptyIconFile recorded 1 samples, mean = 0.0 (flags = 0x41)
0  -O                                                                        (1 = 100.0%)
1  ... 

Histogram: WebApp.Icon.AppsWithGeneratedIconBitmap recorded 1 samples, mean = 0.0 (flags = 0x41)
0  -O                                                                        (1 = 100.0%)
1  ... 

Histogram: WebApp.Icon.AppsWithGeneratedIconFlag recorded 1 samples, mean = 0.0 (flags = 0x41)
0  -O                                                                        (1 = 100.0%)
1  ... 

Histogram: WebApp.Icon.AppsWithGeneratedIconFlagFalseNegative recorded 1 samples, mean = 0.0 (flags = 0x41)
0  -O                                                                        (1 = 100.0%)
1  ... 

Histogram: WebApp.Icon.AppsWithMissingIconFile recorded 1 samples, mean = 0.0 (flags = 0x41)
0  -O                                                                        (1 = 100.0%)
1  ... 

Histogram: WebApp.InstalledCount.ByUser recorded 1 samples, mean = 0.0 (flags = 0x41)
0  -O                                                                        (1 = 100.0%)
1  ... 

Histogram: WebApp.InstalledCount.ByUserNotLocallyInstalled recorded 1 samples, mean = 0.0 (flags = 0x41)
0  -O                                                                        (1 = 100.0%)
1  ... 

Histogram: WebApp.Preinstalled.AppToReplaceStillDefaultInstalledCount recorded 1 samples, mean = 0.0 (flags = 0x41)
0  -O                                                                        (1 = 100.0%)
1  ... 

Histogram: WebApp.Preinstalled.AppToReplaceStillInstalledCount recorded 1 samples, mean = 0.0 (flags = 0x41)
0  -O                                                                        (1 = 100.0%)
1  ... 

Histogram: WebApp.Preinstalled.AppToReplaceStillInstalledInShelfCount recorded 1 samples, mean = 0.0 (flags = 0x41)
0  -O                                                                        (1 = 100.0%)
1  ... 

Histogram: WebApp.Preinstalled.ConfigErrorCount recorded 1 samples, mean = 0.0 (flags = 0x41)
0  -O                                                                        (1 = 100.0%)
1  ... 

Histogram: WebApp.Preinstalled.CorruptUserUninstallPrefsCount recorded 1 samples, mean = 0.0 (flags = 0x41)
0  -O                                                                        (1 = 100.0%)
1  ... 

Histogram: WebApp.Preinstalled.DisabledCount recorded 1 samples, mean = 0.0 (flags = 0x41)
0  -O                                                                        (1 = 100.0%)
1  ... 

Histogram: WebApp.Preinstalled.EnabledCount recorded 1 samples, mean = 0.0 (flags = 0x41)
0  -O                                                                        (1 = 100.0%)
1  ... 

Histogram: WebApp.Preinstalled.InstallCount recorded 1 samples, mean = 0.0 (flags = 0x41)
0  -O                                                                        (1 = 100.0%)
1  ... 

Histogram: WebApp.Preinstalled.UninstallAndReplaceCount recorded 1 samples, mean = 0.0 (flags = 0x41)
0  -O                                                                        (1 = 100.0%)
1  ... 

Histogram: WebApp.Preinstalled.UninstallAppRemovedCount recorded 1 samples, mean = 0.0 (flags = 0x41)
0  -O                                                                        (1 = 100.0%)
1  ... 

Histogram: WebApp.Preinstalled.UninstallSourceRemovedCount recorded 1 samples, mean = 0.0 (flags = 0x41)
0  -O                                                                        (1 = 100.0%)
1  ... 

Histogram: WebApp.Preinstalled.UninstallTotalCount recorded 1 samples, mean = 0.0 (flags = 0x41)
0  -O                                                                        (1 = 100.0%)
1  ... 

Histogram: WebApp.Uninstall.NonSyncIncompleteCount recorded 1 samples, mean = 0.0 (flags = 0x41)
0  -O                                                                        (1 = 100.0%)
1  ... 

Histogram: WebAuthentication.Windows.KeyCredentialManagerSupported recorded 1 samples, mean = 0.0 (flags = 0x41)
0  -O                                                                        (1 = 100.0%)
1  ... 

Histogram: WebContentsObserver.DOMContentLoaded recorded 3 samples, mean = 0.0 (flags = 0x41)
0  ---O                                                                      (3 = 100.0%)
1  ... 

Histogram: WebContentsObserver.DidChangeVisibleSecurityState recorded 2 samples, mean = 0.0 (flags = 0x41)
0  --O                                                                       (2 = 100.0%)
1  ... 

Histogram: WebContentsObserver.DidFinishLoad recorded 3 samples, mean = 0.0 (flags = 0x41)
0  ---O                                                                      (3 = 100.0%)
1  ... 

Histogram: WebContentsObserver.DidFinishNavigation recorded 5 samples, mean = 1.0 (flags = 0x41)
0  ----O                                                                     (4 = 80.0%)
1  ... 
5  -O                                                                        (1 = 20.0%) {80.0%}
6  ... 

Histogram: WebContentsObserver.DidFirstVisuallyNonEmptyPaint recorded 1 samples, mean = 0.0 (flags = 0x41)
0  -O                                                                        (1 = 100.0%)
1  ... 

Histogram: WebContentsObserver.DidRedirectNavigation recorded 1 samples, mean = 0.0 (flags = 0x41)
0  -O                                                                        (1 = 100.0%)
1  ... 

Histogram: WebContentsObserver.DidStartLoading recorded 3 samples, mean = 0.0 (flags = 0x41)
0  ---O                                                                      (3 = 100.0%)
1  ... 

Histogram: WebContentsObserver.DidStartNavigation recorded 5 samples, mean = 0.0 (flags = 0x41)
0  -----O                                                                    (5 = 100.0%)
1  ... 

Histogram: WebContentsObserver.DidStartNavigation.MainFrame recorded 3 samples, mean = 0.0 (flags = 0x41)
0  ---O                                                                      (3 = 100.0%)
1  ... 

Histogram: WebContentsObserver.DidStartNavigation.Subframe recorded 2 samples, mean = 0.0 (flags = 0x41)
0  --O                                                                       (2 = 100.0%)
1  ... 

Histogram: WebContentsObserver.DidStopLoading recorded 3 samples, mean = 0.0 (flags = 0x41)
0  ---O                                                                      (3 = 100.0%)
1  ... 

Histogram: WebContentsObserver.DidUpdateNavigationHandleTiming recorded 5 samples, mean = 0.0 (flags = 0x41)
0  -----O                                                                    (5 = 100.0%)
1  ... 

Histogram: WebContentsObserver.LoadProgressChanged recorded 11 samples, mean = 0.0 (flags = 0x41)
0  -----------O                                                              (11 = 100.0%)
1  ... 

Histogram: WebContentsObserver.NavigationEntryChanged recorded 3 samples, mean = 0.0 (flags = 0x41)
0  ---O                                                                      (3 = 100.0%)
1  ... 

Histogram: WebContentsObserver.NavigationEntryCommitted recorded 2 samples, mean = 0.0 (flags = 0x41)
0  --O                                                                       (2 = 100.0%)
1  ... 

Histogram: WebContentsObserver.PrimaryMainDocumentElementAvailable recorded 1 samples, mean = 0.0 (flags = 0x41)
0  -O                                                                        (1 = 100.0%)
1  ... 

Histogram: WebContentsObserver.RenderFrameCreated recorded 4 samples, mean = 0.0 (flags = 0x41)
0  ----O                                                                     (4 = 100.0%)
1  ... 

Histogram: WebContentsObserver.RenderFrameDeleted recorded 4 samples, mean = 0.5 (flags = 0x41)
0  ---O                                                                      (3 = 75.0%)
1  O                                                                         (0 = 0.0%) {75.0%}
2  -O                                                                        (1 = 25.0%) {75.0%}
3  ... 

Histogram: WebContentsObserver.RenderViewReady recorded 2 samples, mean = 0.0 (flags = 0x41)
0  --O                                                                       (2 = 100.0%)
1  ... 

Histogram: WebContentsObserver.TitleWasSet recorded 1 samples, mean = 0.0 (flags = 0x41)
0  -O                                                                        (1 = 100.0%)
1  ... 

Histogram: WebCore.Scripts.Async.StartedStreaming recorded 26 samples, mean = 1.0 (flags = 0x41)
0  O                                                                         (0 = 0.0%)
1  --------------------------O                                               (26 = 100.0%) {0.0%}
2  O                                                                         (0 = 0.0%) {100.0%}

Histogram: WebCore.Scripts.Other.NotStreamingReason recorded 17 samples, mean = 11.0 (flags = 0x41)
0   ... 
11  -----------------O                                                        (17 = 100.0%) {0.0%}
12  ... 

Histogram: WebCore.Scripts.Other.StartedStreaming recorded 17 samples, mean = 0.0 (flags = 0x41)
0  -----------------O                                                        (17 = 100.0%)
1  ... 

Histogram: WebCore.Scripts.V8CodeCacheMetadata.Get recorded 49 samples, mean = 0.0 (flags = 0x41)
0  -------------------------------------------------O                        (49 = 100.0%)
1  ... 

Histogram: WebCore.Scripts.V8CodeCacheMetadata.Set recorded 23 samples, mean = 0.0 (flags = 0x41)
0  -----------------------O                                                  (23 = 100.0%)
1  ... 

Histogram: WebCore.Scripts.V8CompileHintsStatus recorded 46 samples, mean = 10.4 (flags = 0x41)
0   ... 
10  --------------------------O                                               (26 = 56.5%) {0.0%}
11  --------------------O                                                     (20 = 43.5%) {56.5%}
12  ... 

Histogram: WebCore.Scripts.V8CrowdsourcedCompileHints.ModelQuality recorded 1 samples, mean = 0.0 (flags = 0x41)
0  -O                                                                        (1 = 100.0%)
1  ... 

Histogram: WebDatabase.InitResult recorded 2 samples, mean = 0.0 (flags = 0x41)
0  --O                                                                       (2 = 100.0%)
1  ... 

Histogram: WebFont.CacheHit recorded 9 samples, mean = 1.7 (flags = 0x41)
0  ----O                                                                     (4 = 44.4%)
1  ... 
3  -----O                                                                    (5 = 55.6%) {44.4%}
4  O                                                                         (0 = 0.0%) {100.0%}

Histogram: WebFont.Clients.RenderBlockingFonts.ExpiredFonts recorded 1 samples, mean = 1.0 (flags = 0x41)
0  O                                                                         (0 = 0.0%)
1  -O                                                                        (1 = 100.0%) {0.0%}
2  O                                                                         (0 = 0.0%) {100.0%}

Histogram: WebFont.HadBlankText recorded 1 samples, mean = 0.0 (flags = 0x41)
0  -O                                                                        (1 = 100.0%)
1  ... 

Histogram: WebFont.LocalFontUsed recorded 1 samples, mean = 1.0 (flags = 0x41)
0  O                                                                         (0 = 0.0%)
1  -O                                                                        (1 = 100.0%) {0.0%}
2  O                                                                         (0 = 0.0%) {100.0%}

Histogram: Windows.AcLayersLoaded recorded 1 samples, mean = 0.0 (flags = 0x41)
0  -O                                                                        (1 = 100.0%)
1  ... 

Histogram: Windows.CetAvailable recorded 1 samples, mean = 0.0 (flags = 0x41)
0  -O                                                                        (1 = 100.0%)
1  ... 

Histogram: Windows.DisplayIdFromDeviceId recorded 6 samples, mean = 3.0 (flags = 0x41)
0  ... 
3  ------O                                                                   (6 = 100.0%) {0.0%}
4  O                                                                         (0 = 0.0%) {100.0%}

Histogram: Windows.DisplayIdFromDeviceKey recorded 6 samples, mean = 3.0 (flags = 0x41)
0  ... 
3  ------O                                                                   (6 = 100.0%) {0.0%}
4  O                                                                         (0 = 0.0%) {100.0%}

Histogram: Windows.Enclave.SGX.Available recorded 1 samples, mean = 0.0 (flags = 0x41)
0  -O                                                                        (1 = 100.0%)
1  ... 

Histogram: Windows.Enclave.SGX2.Available recorded 1 samples, mean = 0.0 (flags = 0x41)
0  -O                                                                        (1 = 100.0%)
1  ... 

Histogram: Windows.Enclave.VBS.Available recorded 1 samples, mean = 1.0 (flags = 0x41)
0  O                                                                         (0 = 0.0%)
1  -O                                                                        (1 = 100.0%) {0.0%}
2  O                                                                         (0 = 0.0%) {100.0%}

Histogram: Windows.Enclave.VBSBasic.Available recorded 1 samples, mean = 0.0 (flags = 0x41)
0  -O                                                                        (1 = 100.0%)
1  ... 

Histogram: Windows.HasHighResolutionTimeTicks recorded 1 samples, mean = 1.0 (flags = 0x41)
0  O                                                                         (0 = 0.0%)
1  -O                                                                        (1 = 100.0%) {0.0%}
2  O                                                                         (0 = 0.0%) {100.0%}

Histogram: Windows.HasThreadTicks recorded 1 samples, mean = 1.0 (flags = 0x41)
0  O                                                                         (0 = 0.0%)
1  -O                                                                        (1 = 100.0%) {0.0%}
2  O                                                                         (0 = 0.0%) {100.0%}

Histogram: Windows.HypervPresent recorded 1 samples, mean = 1.0 (flags = 0x41)
0  O                                                                         (0 = 0.0%)
1  -O                                                                        (1 = 100.0%) {0.0%}
2  O                                                                         (0 = 0.0%) {100.0%}

Histogram: Windows.LegacyDisplayIdAlgorithm recorded 15 samples, mean = 0.0 (flags = 0x41)
0  ---------------O                                                          (15 = 100.0%)
1  ... 

Histogram: Windows.ParallelDllLoadingEnabled recorded 1 samples, mean = 1.0 (flags = 0x41)
0  O                                                                         (0 = 0.0%)
1  -O                                                                        (1 = 100.0%) {0.0%}
2  O                                                                         (0 = 0.0%) {100.0%}

Histogram: Windows.PatchLevel recorded 1 samples (flags = 0x41)
1717051237  -O                                                                        (1 = 100.0%)

Histogram: Windows.PatchLevelKernel32 recorded 1 samples (flags = 0x41)
1710497520  -O                                                                        (1 = 100.0%)

Histogram: Windows.ProcessorFamily recorded 1 samples (flags = 0x41)
280  -O                                                                        (1 = 100.0%)

Histogram: Windows.ProcessorVirtualizationFirmwareEnabled recorded 1 samples, mean = 0.0 (flags = 0x41)
0  -O                                                                        (1 = 100.0%)
1  ... 


